"V1","V2","V3","V4","V5"
0.843220339637225,1.00144613843967,0,0.108264827756887,0
0.909200181683767,1.06374507549927,0.000392455858551299,0.105404679948817,0.0071782240957482
0.948622982159623,1.06665991645794,0,0.0777200550058693,0.00903705934290167
0.956805951019389,0.930301884133379,0,0.124590460619057,0
0.967812715584421,0.779759604351199,0,0.101598895381856,0.000807088039709747
0.885678279187421,0.777132900034366,0.00566797048069601,0.126070353403354,0.0399336145046848
0.945514841185773,0.962561490189494,0,0.14304915694728,0.0314896579053491
0.953599167816914,1.14718705554213,0.0205024298630951,0.0986143210805863,0.0841773860019392
1.02360254059264,1.07998064472151,0,0.11869387809304,0.0606926851764237
1.11186791975766,1.14883419284005,0,0.210384758929085,0.0506248277746492
0.981426909611341,0.928279649635445,0,0.1356852385924,0
1.06074355840678,0.863167101155665,0.00215044259887953,0.172918754622132,0
0.966168895550921,0.834922875040233,0.0050357624283679,0.142962628373551,0
0.768911325120818,0.84605944551304,0.023286549077195,0.105625697746837,0.0154464477309729
0.852954438063886,0.838657739101873,0,0.109379938154979,0.000104767849500448
0.922630852079669,0.970593444465556,0.0136796812418534,0.0926145315738529,0.00110671375881449
0.930338020671916,0.859897116626292,0.0211928063167319,0.0843449567369571,0
0.909624653527783,1.00406673441348,0.00199167943614631,0.110847686255237,0.00047862432769491
0.899700998625361,1.10083828355737,0,0.129354039657106,0.00687405506496452
1.05128608265911,1.12278247152774,0,0.0953167114463729,0.0108214128962097
1.16320023081105,1.08604434354828,0,0.103381228455956,0.00910244255295439
0.980328293187986,1.08891615483114,0,0.0994733662950491,0.0133203009771315
1.02001834457094,1.09847220042152,0.0074116321278761,0.0992944722068054,0.00516031289793983
0.815513413766932,1.11751048636664,0.00508026973103681,0.119215210087134,0.0550080752740252
0.90023638362347,1.31512233237422,0,0.149084894715782,0.00217297935830574
0.939494078222959,1.30335451133989,0,0.162966997705868,0.00896482020881428
0.934221801635387,1.30729906100084,0,0.13820361604968,0.000153962544420683
0.799007538374846,1.29245092134115,0,0.0845076868150629,0
0.736596628671679,0.978803227867935,0,0.153353042907406,0.0152105134949166
0.728298766352402,0.921261975352325,0,0.156559448079852,0
0.837951564211581,0.936185589449426,0,0.167677042731907,0.017661421141597
0.858618977676734,0.856934879287391,0.00421922051825382,0.163942522425256,0.0478646775173405
0.707687073943606,0.840171386677824,0.0140646579560007,0.130957683970175,3.06758716244193e-05
0.840536383378214,0.863454360711992,0.0226925745909566,0.173807386406882,0.00273742308884928
0.942344674569742,0.865683690609219,0.00259092799851457,0.15776795455851,0
0.93718830927087,0.844310541738243,0.0006428601822146,0.143403215485044,0
0.943468582240931,0.829502395362262,0,0.155654605146183,0.00156896079964253
0.907689563176995,0.891106021787788,0,0.168785246724621,0
1.03665768109714,0.940469206128085,0,0.117609747696765,0.0335444286527189
1.1223907204715,0.942714733009749,0,0.0859193664319911,0.0175477703883729
1.15687461103275,0.939308219228079,0.0221930012385312,0.0930998687140828,0.00025391433760924
0.967578596493831,0.909749450747166,0.0173892515343144,0.103482607132769,0.0171579584454165
1.24126288912591,0.924119395167127,0,0.126201383359727,0
1.34761393681308,0.962052463907298,0.00662243756734554,0.108258643743911,0
1.18205086077068,0.914557809314555,0.000549810917964688,0.125267496812635,0.082945106706507
1.258927974227,0.930408440266762,0,0.147518712503762,0
1.12228381405242,0.991123476981984,0,0.114727001203722,0.0258672188050705
1.09485087011857,0.929454209682238,0,0.116442711123638,0.000870996533224949
1.11243036604616,0.988449832417156,0,0.184730104103532,0.0585157673178353
1.1208820381195,0.966726728413934,0,0.15609964187339,0.0377083371212301
1.17700110957366,1.01606996154419,0,0.18689840182743,0.0676114866024609
1.18361450942876,0.996852282702636,0,0.167156914997561,0.0162062636391072
1.12525872296296,1.10609380885216,0,0.0779609071578375,0.0348146672689447
1.15353789546092,1.27471934886231,0,0.147199880990459,0.0180676838987537
1.14852085681715,1.40813421317443,0,0.15345204855086,0.00251294628793297
1.14688418531147,1.45089698700171,0.0159209334526195,0.139250563277842,0
1.28192387717713,1.39022804982987,0.0247224209533047,0.131788752258738,0
1.16521334713729,1.32355393975324,0.00031419995354226,0.123855068264558,0
1.15059004628051,1.16162096223052,0,0.126513481926914,0
1.09955766054505,1.12333356974727,0,0.12732347980228,0.0423923000162563
1.08980265539195,1.25566984213298,0,0.111573689616694,0.000622132669559239
1.0501046942634,1.25257151630127,0.00573505098812893,0.0814360247314256,0.107231644811348
1.16427197486336,1.34395835026149,0.0203262776980827,0.0786131162786101,0.0348775215077088
1.17865983341862,1.36406365524019,0,0.133428830388158,0
1.08247800194456,1.29031338940177,0,0.094821550897821,0
1.03477648763966,1.31193010877007,0.0309249456311576,0.0774115217531328,0.0317060275385389
1.0105797634783,1.36075670282421,0,0.0998662137016776,0.0158264886020484
1.09124682390887,1.39540366908431,3.68033816809943e-05,0.0996787068287824,0.0304395438557191
1.0565856187657,1.37055956613107,0.0126300270240293,0.0534845483561752,0.0377376915561517
1.121210118234,1.39162633071294,0.0048970127745227,0.0934660118179149,0.0305838496338678
1.14316255507167,1.37333942306049,0,0.0969869941194812,0.0184021772966998
1.13936838076925,1.36976400763758,0,0.108445156914309,0.0193683750687844
1.11022583602118,1.33776545923757,0.00137462613314149,0.0681472870411222,0
1.06672846481172,1.42119058382001,0,0.107171450623648,0.00145752746248817
1.3190482894036,1.37802987355064,0,0.162842536116545,0.0165219919619353
1.31364385817185,1.58998859113296,0,0.18835922265502,0.00417942565032581
1.26364519889893,1.61446853434522,0,0.0917383030625438,0
1.27309167018498,1.5869317581897,0,0.141106283782319,0.0187459982276649
1.32950536454522,1.63179628296646,0,0.107832848755498,0.0182951626254846
1.35077639436726,1.57330968001478,0,0.110770141757524,0.0529340140485263
1.24845445629544,1.39712226189459,0,0.1700444411431,0.0255275097139014
1.1913491025121,1.42871889972194,0.0397366781433657,0.152590716406306,0.0289917303370942
1.02836162017666,1.49460197274232,0.00773155000398085,0.0859857240960625,0
1.10444010160553,1.49563795489357,0,0.108636699464712,0
1.07370781093865,1.23050731837262,0,0.105508344619314,0.000246559325037587
1.23583078906279,1.25169821413328,0,0.135032819234424,9.49562709631202e-05
1.266725160651,1.38162028313649,0.00340859050358677,0.133112730242188,0
1.25780520599526,1.30932315254848,0,0.133029558752479,0
1.19401762688646,1.32708676792869,0,0.153019071981466,0.00314785781908222
1.27624075155191,1.33804050300859,0,0.185932817524574,0.0166187245350041
1.12519680180469,1.43450732512349,0,0.15314095017844,0.0701919890820475
1.15621355577696,1.37509450156141,0,0.138955624266155,0.0451294682292492
1.03741309382218,1.26274449532583,0,0.136447370427995,0.021033812577303
1.12034941729363,1.21546441751529,0.00185657737473344,0.138409945093384,0
1.07238268840266,1.26166612803613,0.00558459998373778,0.0897893543685284,0
1.07373794759987,1.25620197672321,0.0104430839172698,0.127107339563319,0
1.0789289836398,1.43638655606313,0,0.125544190656697,0
1.08236002781008,1.47383369044419,0.0149778650374799,0.12365546480498,0
1.06918343258014,1.44575433067578,0,0.0929187677472079,0.00995107700771092
1.26012932949871,1.26405112242309,0.0168515891755894,0.116230194202212,0.00939879168896707
1.91455717956299,1.41127294290057,0,0.18911186403909,0
1.84252779510869,1.42610081610831,0,0.173898431682933,0
1.84490230555702,1.38091924621042,0,0.191725473490823,0
1.36678570513234,1.38647661155098,0,0.186891381185517,0
1.33348740909483,1.397242913438,0,0.191216793233325,0
1.32638040767999,1.38601374822213,0,0.192990321754008,0
1.3722582447486,1.38949561743526,0,0.0881503475551519,0
1.33077668989306,1.32497046994276,0,0.0921537237466938,0
1.36053748031351,1.13343269941638,0,0.0751274309889645,0.0186555207939572
1.38556955611828,1.0370246487787,0,0.115608918473676,0.0366282711490691
1.24643842287476,1.01585364427846,0,0.0852091179511323,0
1.26306739536933,1.02201993153047,0.000524304079421944,0.0734834973146947,0
1.26676480258597,1.10094934216099,0,0.113775978370357,0.00398258612563807
1.25362426547321,1.04594546920698,0.00960456908931429,0.156254639230025,0.0163275292361965
1.20961773115914,1.05773000587106,0.000104278244842826,0.188435123965996,0
1.25922758258276,1.01921476488497,0,0.13957363037571,3.39572030161328e-06
1.22457073248431,1.06161390136212,0.00531379621911421,0.134436154905928,0
1.22880092354087,1.0421161216827,0,0.132989349611245,0
1.2805058392604,1.01485694520511,0,0.120165934793003,0.017225863938602
1.27905284405732,1.13113934097591,0,0.112042411719756,0.0198054841279082
1.15302889757344,1.10054555819165,0.000288340887387717,0.220049533572479,0
1.19477969193688,1.10938592301354,0.000980013281433489,0.180374253719363,0.00391842115185381
1.17797063839867,1.1089875779692,0,0.189099537836269,2.76649632574566e-05
1.16537827950897,1.00955036260699,0.0187365361521944,0.202857957506396,0
1.29803308101377,0.940681024369452,0.0123240507926083,0.137907069513574,0
1.26194559248867,0.994798966155628,0.0485767237198217,0.16943899390386,0.00863747362687661
1.24920100368479,0.889483600380424,0.0443226771345661,0.139282579019268,0.01476755107345
1.25101640100856,0.936342184456784,0.0651462502890176,0.115906496377359,0.016416382606806
1.41890704886978,1.18428017230527,0.0143608790236491,0.156448872514642,0.0130374930769215
1.31488081858917,1.19366259822383,0.0079068347643384,0.114115016479311,0
1.10405490135025,1.09732122750627,0,0.0694842993387222,0
1.09600132256441,0.998713857362721,0.000771118594776521,0.103854341032585,0
1.0267501727975,1.07197075681027,0.0027148983745775,0.193720743317429,0.0196321738046763
1.21186303725903,1.09979663821904,0,0.187375636027808,0.0260473661099762
1.05680654359427,1.10889850214456,0,0.164552421576678,0
1.02089163790038,0.999755011255316,0.0135460043657809,0.140063064650794,0
1.02087425561113,1.34796036439977,0,0.139572655995259,0.0115919844642296
1.00725761201909,1.20141202675685,0,0.110823486328193,0.00746118629583004
0.980549663716938,1.20397797591836,0,0.119016835167738,0.00603252342812899
1.04201787910588,1.18135953730072,0.000906121105746838,0.127203827361925,0
1.07749204559168,1.10591624362928,0,0.127779227615619,0.0222041063123362
1.15989484728285,1.26507656051243,0,0.117574807578117,0.0151347001725579
1.05546269126483,1.1844565182077,0,0.137452721467219,0.0193101081065199
1.13236404026723,1.22714407969473,0,0.116730506272427,0
1.0969522778152,1.22907326114041,0,0.106626081903033,0
1.17858450066776,1.23351006345224,0.00171314127453903,0.0982205685168382,0.0430388061604396
1.07488442299197,1.20697969230945,0,0.159742408403665,0.0280751455002153
0.868608212766646,1.14306340637345,0,0.11283832047666,0.0116599278096944
0.816802228576932,1.18136884422754,0,0.104413192849616,0
0.813993932417981,1.17257519024022,0,0.0511140394677607,0.0542434391389616
0.965400841629555,1.30465500535227,0,0.0582467642106463,0
0.935134924620911,1.37606079024686,0.000408773228816162,0.0747543080584894,0.0246954022512019
1.15714306096295,1.39833260918897,0.00013947252962998,0.0514652642499007,0.0300049164128165
1.10107981449199,1.4744064776421,0,0.103415645238242,0.0323160481052102
1.02649081859262,1.49242121472986,0,0.124786658274405,0.0443060018658229
1.09797384110967,1.50517213380122,0.0296372808674208,0.114342433986133,0.0443271849751045
0.990144903091586,1.42026358531126,0.00603716239862873,0.137437104151197,0.0670709655419298
1.39335846180626,1.51521823587963,0.0250386365580362,0.192555735098327,0.12491208816272
1.44399603860782,1.58044639767481,0.0353036366584418,0.109339769155149,0.0724348063221144
1.40335766263386,1.64556330280698,0.000471846796739728,0.196669063619859,0.0669494742583009
1.50074223977947,1.59292801903809,0.000242516040830587,0.264717308158825,0.052073753423413
1.66341699698665,1.60850989966838,0,0.150298187299791,0.00681556135498285
1.53073733847818,1.66601912858303,0,0.111323223909419,0
1.31203766663559,1.44012918217605,0.000282573242376349,0.115222592580938,0.0303137321149005
1.34651967260308,1.49264673954004,0,0.177847844108914,0.00627956091650497
1.32139579836525,1.41361030644905,0,0.210312829169717,0.00219063646568632
1.34230125490634,1.41926827254017,0,0.164395434370727,0.00217167533527007
1.36742784523938,1.76042708936788,0.0151346020806183,0.138283798350995,0.0247526808483129
1.37644759399195,1.7528214752823,0.0361717858158532,0.190900516761186,0.0365853900843368
1.35024486777745,1.77648817728296,0,0.113471791692759,0.00154265108044727
1.57550441354028,1.81245302342921,0,0.200896864491777,0
1.65891196718638,1.85551852671615,0,0.184273958908332,0
1.54700700656797,1.59488362227889,0,0.14806126956262,0.035665109520592
1.33428270709327,1.57351187028298,0.00635501712307351,0.148454233165801,0.00553756020112432
1.36368184852804,1.58476149526747,1.13562986692184e-05,0.130416303591149,0
1.38516407709593,1.48588478538456,0.0217266659571977,0.124084338476701,0.0281642131446421
1.32034585587394,1.42025062262817,0.0274646316734093,0.127438057914517,0
1.34631828126458,1.28073940673223,0.00271161207965331,0.193123950597321,0
1.06597064917584,1.26184332334457,0,0.160631485318743,0
1.10306212797562,1.25953502064201,0,0.129133432838574,0.00293583991139013
1.18449440774812,1.30246628065952,0.00311638122390145,0.0839849307712411,0.0153913905811891
1.19666403198147,1.43523048167418,0,0.11351616197476,0.0656757423582484
1.23359197278508,1.50480207600381,0,0.1188035545143,0
1.07445047325739,1.51705133787426,0,0.156996016401344,0
0.985642988307671,1.46155667456035,0,0.128812968621268,0.0300233070148624
1.15769398119866,1.53224366308575,0.0105215252729761,0.148869964935161,0.0384445508522842
1.11648045159291,1.56469308076832,0.026096237735182,0.0922942027974933,0.0298170885994616
1.13745606560005,1.44938811650575,0,0.128862776910755,0
1.34143600398347,1.41286449364946,0,0.0960601081383965,0.0193805934673177
1.12588831842659,1.36815557147116,0.00068135480442022,0.168636966792139,0.0243672781251206
1.36409524717537,1.28190102217614,0,0.0895221988857415,0.000216297106019114
1.28060287458737,1.20167168418036,0.00016496905363228,0.151260043252021,0.0847214570633938
1.2299166841769,1.1947039103098,0,0.154414397816984,0.060827919772938
1.2929920695425,1.31016000771673,0.00162236130020066,0.123829209013951,0.0236815167609664
1.2789439910066,1.2938177777147,0,0.115701167264282,0
1.28880267242986,1.19513793751273,0,0.0887104377894041,0
1.22137248441854,1.30075351503318,0,0.105991928812138,0.0554963433401268
1.52975009704553,1.31660513711441,0.0102841929030287,0.169374105511714,0.024170966699294
1.49676640364946,1.35694399573971,0,0.139564774021101,0.0942388589536068
1.47064726215604,1.18808484375272,0,0.183801428477692,0.0155467257495215
1.46249314113038,1.26917874096879,0,0.157807911084492,0.0450534565563203
1.44414039731147,1.2640171357297,0.00726981346865263,0.177876709722056,0.0430713339002307
1.41348805946856,1.35715832015485,0,0.128475698722433,0.0237440841998841
1.18802261821709,1.38793067477162,0,0.101776730125047,0.0677170438309465
1.16768052537348,1.34619311605188,0,0.103654954232216,0.0450502429557861
1.27144718602691,1.40979139976597,0,0.170755738200678,0.113595068576753
1.21958651085357,1.3219190625085,0,0.178929161195764,0.120355146300868
1.40039705479772,1.23764999295536,0,0.112952635819599,0.0951737803424715
1.20761758983942,1.24106530952186,0.0580187710127257,0.143762859223658,0.0492156682222445
1.16784510141591,1.36895633320862,0.020736365337153,0.145638563903895,0.0557797894789325
1.0809530451437,1.5369842181737,0,0.202724761138017,0
1.36092739425031,1.56521101834931,0,0.176253345818299,0
1.31723166632145,1.55674996203238,0.00254567785420712,0.211224787527707,0.206861510085233
1.604749722625,1.52564755051865,0.00691936318684344,0.264824176983315,0.102954130857529
1.34017035115699,1.53418647965891,0,0.21264121269215,0.107496722696057
1.13303030439726,1.52884304733614,0,0.186812073999286,0.0290449595963096
1.1634119602298,1.51287477427788,0,0.17108046289128,0.164313723008269
1.13536369823024,1.48923147174051,0,0.176592463105972,0.185496097896496
1.26743535801302,1.47256873995928,0,0.231844446457621,0.0203249132311457
1.40682322677427,1.8553996866112,0,0.119906246833472,0.0480857567689011
1.43203856396101,1.5662706045848,0,0.199366864157929,0.033624064329237
1.26727578926222,1.55369328937314,0.0100845867048405,0.175202431640868,0.0619242506522646
1.45749543806294,1.48997333959879,0.00210570115919728,0.17017080043421,0.0634179030336113
1.29989473589982,1.33002349113482,0.00743602835313667,0.185421894614002,0.0606312663066937
1.16334519062375,1.40471741735168,0.0190594912650961,0.19830798911136,0.125872632511351
1.1979745484016,1.37589745612595,0,0.135017573822956,0.0771072278124856
1.15143419282194,1.340235703999,0,0.16896156514391,0.0809312912626601
1.17312585557753,1.39053222803174,0,0.130365777165152,0.0164215475474587
1.60355052935812,1.37106521969102,0,0.156687634507854,0.027121204378581
1.24209211864091,1.37821016412107,0,0.165071506354807,0.0583358840142991
1.17346772842213,1.35963335853603,0.000204675751688255,0.135829415992766,0.0647175111594744
1.21305980585089,1.24752403639418,0,0.113112463407292,0.0712367266971679
1.27288110054122,1.29329381144229,0.00128422241975062,0.114186811071384,0.0114317253585359
1.19925534211312,1.31367238850779,0,0.124446180370516,0.0288570359794016
1.13752141941238,1.34615714521548,0,0.110618297868715,0.00333080133667574
1.14136496789025,1.37368284205197,0.000765113917861049,0.0835520528844058,0
1.12088580126782,1.39392735707239,0.00549921213259824,0.287807177595737,0
1.18986928684832,1.50146219220901,0.0651554536973136,0.145170580547953,0
1.1739055734479,1.523020711564,0.0170577284317937,0.120504666710892,0.106770632973068
1.13977757158256,1.47613937555261,0.00107316436683891,0.205787423501058,0.0583894502270053
1.23293659110007,1.46331644962194,0.0184329649180275,0.141279499816945,0.0229854708466012
1.198273822983,1.60224540624613,0.0135109135095517,0.242101112434743,0.0915849248056331
1.42655708687738,1.47128274310817,0,0.13048526232782,0.0910043550994277
1.55763271642013,0.993907091588748,0.0895712605936836,0.205264365236956,0.0839362750394228
1.749960364174,0.966910050857539,0,0.204470838606942,0.0287359663106672
1.73148819278016,1.42490626690733,0,0.228992931042822,0.0941215300001832
1.32593318065693,1.46581701127489,0,0.237430636357664,0.0242609047589415
1.32475811027998,1.52379933174261,0,0.171693501843229,0.0553159253962034
1.40970391319991,1.70895804312315,0,0.209214459732022,0.0420163279845704
1.24557146915787,1.56629312059328,0.0126024858346701,0.148131385150132,0.0299561770131067
1.65373836497517,1.46115695656027,0.00340607808830118,0.247220516637734,0.0342654907426518
1.59249187074976,1.51222629549127,0.000305803966297147,0.246042032686742,0.0680710678169465
1.70441893135739,1.43014914703346,0,0.269457757379691,0.0512758790185326
1.65313350124274,1.30657820501994,0,0.225554891768316,0.0614648574016723
1.41372269505363,1.31647962197539,2.09031437499174e-05,0.185831633590847,0.0571726874039742
1.33551093397312,1.15360002255163,0.0160681985640498,0.115428198478085,0.0222894613147484
1.29807768701869,1.37107652281832,0,0.124811763791767,0.00240708820445745
1.21592333140087,1.38619453085616,5.5669488678689e-05,0.180146822494926,0.000106588325894164
1.22157104636212,1.4032599980401,0.00543388564169134,0.130354886971959,0.000294013473861821
1.21969095309397,1.34046282998339,0.00470830242638365,0.11113034580454,0
1.22937609490469,1.17358106372776,0.000594838084647886,0.0955786092545106,0.00860775074643605
1.15593383778222,1.00664242299871,0,0.154073575386871,0.0340811569304287
1.28215208943001,0.893406588038223,2.88275641432412e-05,0.105410689493867,0.0378856953985485
1.31115383674104,0.908889773062367,0.0135677463794269,0.105702945170061,0.0542595370578864
1.09346891925116,0.838722667231429,0.00414899856973638,0.107285066414204,0.0268276998101369
1.09071607537634,0.847717130659578,0,0.116366983158208,0.0527195651702008
1.06268990808676,0.89466958888775,0,0.116694142976689,0.0921510057390242
1.0346719894262,0.939617021095845,0,0.130438327730833,0.03078101502371
0.957628912765636,0.819027565297868,0,0.120653989837183,0.0214157310207383
1.04526042749414,0.94091522425844,0,0.125964977899568,0.0459272547365523
1.17478595839363,0.911896801853908,9.69618523638527e-05,0.209975531189724,0.0482583528961489
1.0913572084535,0.984350484613764,1.93236089292004e-05,0.193442325084192,0.107986475123705
1.31612436443257,0.926437120510486,0.000223365461667846,0.171460509136937,0.0248798972963629
1.17038986793063,0.924546077834663,0,0.206013363148194,0.0783570331964569
1.11885146968078,1.11762944147551,0,0.203322319913816,0.0880977895729835
1.17296587760264,0.974200719866245,0.0152253319573026,0.214106792462707,0.121342454545025
1.12788612360836,1.1405298166682,0.0102753837613003,0.114328739403371,0.0439698619670529
1.33051175856543,1.14718852852858,0,0.129032735540548,0.0402813156670867
1.4036578210139,1.17390334721535,0,0.164726295063508,0
1.50971544404558,1.5239977468483,0,0.216756348549843,0.000108925783296715
1.53006678076065,1.83426797993884,0,0.128801659315137,0.046020436346834
1.54236029611448,1.59424882317348,0,0.182776923019551,0.0308705868663854
1.57419583917692,1.48883637386926,0,0.204371767288463,0.0181514018525573
1.63043676029763,1.62785432950037,0,0.232906197525045,0.00942092267302141
1.6346722090622,1.63327238617296,0,0.230269159144668,0
1.69360947359522,1.80373524790948,0.0468783005251936,0.1323770274904,9.38759508328779e-05
1.78127581308087,1.83691877772427,0.0200364529172934,0.17294257299928,0.000162902596203218
1.53464941414183,1.84819139150033,0.0226730461021228,0.188033729775477,0
1.6584657034486,1.4517293830169,0.0116822081934675,0.192059476973989,0
1.78799719548507,1.83711796161188,0.00158453435009899,0.235507362294825,0
1.79486855563657,1.85710213980495,0,0.179254608126663,0
1.55902758271289,1.81257030344956,0,0.197084847476018,0.01114159275226
1.85538151193083,1.73401509478446,0,0.168386971604874,0.0361048488988511
1.5277865512655,1.8096290937129,0.0297083150413556,0.220470198149916,0
1.35518576837105,1.68863907631231,0,0.153563093464928,0
1.23893958199239,1.70863185941506,0.0562754778647284,0.127820088983658,0.0314032103307071
1.23996726445633,1.70039190987004,0.0598595621008696,0.183426356224821,0
1.26654681285235,1.70212957250949,0,0.14741074730545,0
1.19172996490386,1.77173165993233,0,0.12627391227086,0
1.2316113610249,1.76508100156681,0,0.111908837064655,0
1.43844024172127,1.95901125436975,0,0.103173402114798,0
1.72547205481037,1.81508417022744,0,0.11480618521671,0.0237382743365576
1.20564989507793,1.65236555997566,0.00018702682883176,0.189923293354869,0.00748751046272367
1.13027564992815,1.63743848970829,0.00536232658220226,0.0963151699340521,0
1.23436646146803,1.6299886975773,0.00782637358151256,0.0709619806842201,0
1.2456386839038,1.62455483812233,0.0226661217524652,0.104404867592526,0
1.19228848845653,1.74877602161157,0,0.14403178542899,0.00862913497730922
1.20060492396978,1.75136659446032,0,0.120980359899774,0.0384753272553974
1.23739580036075,1.68653262956992,0,0.249679627220238,0
1.21884461561492,1.62252332553179,0,0.143524759764486,0
1.15320325686849,1.43878943056595,0.00653988111009052,0.145950273115967,0
1.10702044525503,1.31727665655601,0.00724543999925098,0.143121569626404,0
1.06242310699527,1.148609528763,0.0155640857658157,0.174461407712383,0.0194478987393123
1.23215275040797,1.19012120892723,0,0.175857329594976,4.7274121861951e-05
1.26658992628291,1.24675551337744,0,0.141436891520978,0
1.27173576539481,1.29871658834157,0.00782856088598494,0.116005190579485,0.0259961350519826
1.20067211461356,1.13264305700003,0,0.0935173252141481,0.0543194274889191
1.3768507036881,1.32696401101007,0,0.202538616840513,0.0172822075924413
1.26581640623879,1.36990320609142,0,0.0949616185339202,0
1.44651684725905,1.473979876581,0,0.224486605294941,0
1.42637496536054,1.36902706726914,0,0.348373040251287,0.0258093251851151
1.31024410812766,1.57245043679052,0.00667080779822227,0.366478971156803,0.0771235057219422
1.3744300338162,1.37971780895992,0,0.326305032150225,0.0581397870297025
1.4707914558607,1.27046793165192,0.029253537021639,0.162997974616485,0.00214282838957808
1.38580484651164,1.21767615684422,0.0130300463322961,0.127424473582699,0.0295637103902486
1.36314983446297,1.28833747295388,0.000629483760299823,0.192089716650342,0.048055798800225
1.33719920557342,1.27043424349551,0.00080643737789271,0.16142614948931,0.0620265997187145
1.41714670710544,1.25681775688062,0,0.162257757640826,0.0721308761011462
1.43103989162256,1.28449642333112,0,0.182748728040172,0.054810859767889
1.39436814509544,1.13386582319672,0,0.135719816998495,0.0396595283698212
1.21358490307027,1.2075254958004,0,0.150460494255461,0.031616900253686
1.24227036982444,1.20968075320064,0,0.162364143123207,0.0254523114261153
1.25267613585641,1.05822297090299,0,0.139563451046325,0.0566511782702326
1.11114961031424,1.00260453775824,0,0.154460324011262,0.0454497550419732
1.04539509204045,1.05942711682853,0,0.155777678623865,0.0444952662618061
1.04229832030021,1.17185269347288,0,0.182316129172357,0.0290371862231759
1.11406828446764,1.20315544167945,0.00234736966842247,0.153082936817547,0
1.13296215312276,0.933529383124592,0.00712808996473427,0.193593085712573,0
1.10917856871403,0.90523162755252,0,0.142987123783846,0
1.0364499832104,0.9046390213864,0,0.140970966841276,0.00498285971473955
1.00715957587689,0.919924415700683,0.00609752794347163,0.16803615014477,0.0811534146857488
0.977093600906876,0.876175513945669,0.0115600126523379,0.161103624956582,0.000907529671650253
0.945468721698528,0.878745399045722,0,0.132804822925391,0.000876268366246546
0.805727899357332,0.804939528816624,0.000308536048252317,0.157975849096646,0
0.769943258760823,0.779429548551888,0.00461934519101387,0.131535867797067,0.0227259602816442
0.748196764197314,0.78139589506826,0,0.136234258942057,0
0.750395988754293,0.791728369857877,0,0.115537534600531,0.0142454172422659
0.76514388536079,0.779511040810204,0,0.106131641830735,3.07454791212969e-05
0.66440608579891,0.779112477769893,0,0.148058897234222,0.00182061226014973
0.682830427235827,0.765370030324493,0,0.149241901385103,0
0.730748045575393,0.725394930107553,0.00448377485017382,0.136636347310239,0
0.67919916030986,0.691065460321207,0.0028014218382324,0.148063673895129,0
0.852824477219368,0.693929402372185,0,0.129927822082526,0
0.840646740971453,0.973613755855515,0.0160140893718963,0.170318751876922,0.0272721454531483
0.705465326831674,0.790065554698312,0,0.136879687504607,0.0358627329978396
0.789600538548024,0.834089364806212,0,0.175126809278865,0.0569598120106285
0.817736098457772,0.839680315133299,0,0.150108241187774,0.0140047913615976
0.784847618227133,0.835597571617148,0,0.117893884378712,0.00030392666850354
0.583746004807637,0.814919423574818,0,0.106908859802809,0.0150618348256599
0.592504916135652,0.767152683279189,0.00850068640609125,0.104838769999442,0
0.586789740824074,0.695355567339341,0.000254011185083836,0.12954237065449,0.000215798167013226
0.576229228338267,0.691549138938312,0.0121826162190525,0.100399328820269,0
0.585518600760325,0.691296948847219,0,0.0855223103846918,0
0.619285698863468,0.675339612748013,0.038840757502862,0.0868155749485366,0
0.631973065810637,0.729715500982443,0,0.113362141013611,0
0.624181872331429,0.765963768601068,0,0.0867114114995133,0
0.6008118046424,0.779233441491238,0,0.0828521034629226,0
0.631932608925247,0.719418424601688,0,0.0940039242155495,0.00977013577372188
0.650259365231079,0.62632025854468,0,0.106134847724905,0.0442656802548693
0.660192675836055,0.612252779637099,0,0.0889087936277565,0.0682076045768104
0.708641176606572,0.654257109735362,0.0005579233169275,0.106413680843259,0.00766395592328301
0.742065765585942,0.688629074017149,0.00278515318892969,0.128582961055928,0.000952038932207466
0.763364565783993,0.643036959869568,0,0.107542380836614,0.0153929111618739
0.797074160916335,0.651807293110255,0,0.107422867089812,0.00245424254105303
0.759218668310811,0.683788268397144,0,0.148519957455282,0
0.920544102093185,0.684905124589827,0.0108821390623565,0.07635465064766,0
0.935453032318092,0.771242355561458,0,0.119357558499742,0
0.877191991421468,0.913973509835224,0,0.12141006250905,0.00846727880077691
0.787469825615432,0.837653545424582,0,0.0952395232010139,0
0.765875372271624,0.847046961347729,0.000749150042279823,0.103328936103879,0.0270839467561532
0.804076060447196,0.819610378120588,0.00740175029297707,0.110917160714171,0.0158541174731904
0.808706807179109,0.787208640524837,0,0.148285612589685,0.034592557038033
0.868670680314008,0.759033096455762,0,0.119380124062804,0.0293107211252194
0.910754821883851,0.755778003782979,0,0.124222254524401,0.0188425707185509
0.956389002751122,0.760492689533411,0.00986775052117739,0.134678614275251,0.0117284845849279
0.879485913545968,0.774463999019349,0,0.127203105302645,0.0492702905495441
0.941609148816477,0.7573501661414,0,0.0851732330820096,0.0392343451600517
0.775981117710724,0.779469291662744,0,0.117479382300373,0.0606629946104422
0.91426382230573,0.765589467211202,0,0.0968790085144333,0.0283824246482424
1.01182104755157,0.819104106114116,0,0.100394167262653,0.0446078013411603
0.926224988332187,0.82077926347639,0.00425002967984967,0.0943121229079413,0.0568995621943557
0.917465030527747,0.824613946997563,0,0.171009760691607,0.0559935046505764
0.844871847400361,0.817435228385277,0.0256868040590761,0.129054664204591,0.0598362283704094
0.849501711936798,0.805122099548068,2.82305892174151e-05,0.123515584709746,0.05450120406048
0.811481925710376,0.857125731045388,0.000142237684669588,0.102914353611041,0.0536598521117853
0.810705557879752,0.834281039010118,0,0.0987421039458366,0.0885794771372981
0.819927060080093,0.77771232705955,0,0.142135178531204,0.0418022679486476
0.80364091130286,0.829690045675394,2.99903791523004e-05,0.134692975994655,0.0584392790601587
0.828942700643809,0.897627929759681,0,0.101313974674959,0.0454265203380529
0.819104904520297,0.829607555771586,0,0.0941900054779952,0.0516330629257898
0.771580570498037,0.805764650188367,0,0.0747019716546276,0.0464062650090964
0.80207426543852,0.818271338068669,0.00222346698188147,0.118444115405534,0.0598350234802207
0.805875548960202,0.846403735747078,0,0.0788505396182417,0.0621028707588245
0.700058261385317,0.853561896035866,0,0.171705900105915,0.0515163073084696
0.675895061942922,0.829796962456098,0,0.0785324048670556,0.0254665578348222
0.855677925240405,0.9175875140054,0,0.120159793889548,0.0665093497433198
0.838241167565827,0.977647150783615,0.0108949604354664,0.105024401647222,0.046235344298404
0.787392751630899,0.985902140374963,0,0.137704458218688,0.100057529115313
0.827499219967305,0.93165607035402,0.000881880967113946,0.154508159314941,0.0430351679904133
1.01071553812211,0.91855305935445,0.00409309659278434,0.127431878417503,0.0622342787018567
1.00935090624387,0.964631932252087,0.00744715388712991,0.120744402162481,0.0496364296074553
0.881717566436203,1.00446127282263,0,0.117504301691659,0.0417029353938806
0.739231213067667,0.920005868811776,0,0.113817122513719,0.00951305663595153
0.736048514699114,0.885684187105383,0.0107130580104863,0.124562282747477,0.00799747680702112
0.805893304185879,0.980455838034634,0,0.118500771102416,0.0068936302054054
0.792725485816487,1.25247893225242,0,0.124768938211371,0.0320401131651429
0.67949468110335,1.23699241893062,0,0.0899640808970932,0
0.683395501753205,1.13599843097175,0,0.0630703264633929,0
0.670305905640011,1.2738195264652,0.0460704065884421,0.062688639847897,0
0.698470578952295,1.23741051633654,0.0405246472738283,0.112130375078422,0.0133401013395962
0.662937444649611,1.24376399088919,4.32667330801939e-05,0.0555281638275813,0.0108026528232013
0.643175491264205,1.26548756697875,0,0.0857489363217485,0.0120516279852593
0.715842168210656,1.19821247770393,0.0336697094474836,0.0803344666184834,0.00259774317842498
0.696323757288137,1.23085249175217,0.030620063922485,0.068752719860361,0.0100869377387787
0.685020268581109,1.25806964842606,6.23301471049942e-05,0.0809201675220312,0.00516772387024003
0.723245313731942,1.25636195300897,0,0.076051976238748,0
0.730511905021504,1.29173249153889,2.3184596291137e-06,0.0803489585780246,0.035257049337184
0.765559053071659,1.52105553434232,0.000231303196487453,0.075679561736655,0.0309259038528007
0.769632832531637,1.5252554072423,0,0.0592424749785296,0.015521020312991
0.766735485768212,1.48052602225352,0,0.0579771778151112,0.0217008202259298
0.752571505696504,1.43953634398208,0,0.0946128354623174,0.0144784575040096
0.736827153472516,1.44796517249425,0,0.100387768347941,0.00710736841675808
0.753805091268034,1.42060276407724,0,0.0842912145020427,0.0315373651705801
0.789304151172125,1.40789596076449,0,0.0751746154137394,0.0224570777605977
0.791202281126121,1.38857546935415,0,0.0830877693440906,0.00990000962907644
0.738239289619842,1.4529301241169,2.32904347967633e-05,0.0579588763326424,0.0143471464198177
0.695447966934871,1.41587038104332,0,0.0993717459091747,0.0379299158146278
0.707411157101364,1.40412205332669,0.00138461381466992,0.0956654175032423,0.0190587905462156
0.761407636304266,1.41485753704052,0.000100153157619687,0.0814506280865088,0.0279605452766043
0.732954249534424,1.40772762783163,8.09217739430323e-05,0.0579295946108678,0.0266950602274982
0.763521962473175,1.41551814583405,0.00317178375597749,0.0751910291388236,0.0274158162324925
0.77702883152654,1.42462031290294,0.00984754467835391,0.0655593929871841,0.0257904358762569
0.910444613772781,1.15938730288781,0,0.105089135379748,0.0206035377632595
0.922016391402944,1.12405483450497,0.00527747513162827,0.123918791974993,0.0353379309370661
0.816240790796375,1.12129890881769,0.00869884174379987,0.122417076291661,0.0477907879961243
0.74447148069857,1.18637997234759,0,0.0482413469483631,0.0249749282507529
0.730584140717634,1.04720854957199,0,0.0525913972792051,0.029557589027301
0.703750814368208,1.04345787486716,0,0.0850584253711083,0.0306444568214532
0.715646710396437,1.0199293603279,0,0.0824832522843574,0.0239635848253044
0.752105967248951,1.04244071869098,0,0.0704982943207743,0.035827921074704
0.727132384977028,1.04187044962267,0.000449508876725346,0.119477800943344,0.0332123375000538
0.707235500204898,1.06653577045487,0,0.126439077412542,0.0569459666496093
0.688608206692698,1.05988044638998,0,0.0684207828831114,0.0452694033584888
0.673743193685299,0.88421516002858,0,0.085898810747893,0.0396678197653997
0.748295072231042,0.839388126742262,0,0.0867387917796016,0.0223946430722991
0.664524892962457,0.789514945717597,0,0.104240437607204,0.0362180552116412
0.748271734652702,0.790014380393639,0,0.118620016672018,0.0488599817683706
0.674145669043873,0.814695251729651,0.000222715036801213,0.0785691551447842,0.0436489544251867
0.627508420373338,0.957406098049255,0.00152657336553394,0.0954569404156893,0.0284217860282038
0.620933232559602,0.974109832325007,0.020274998190521,0.105541442973977,0.0419985212714633
0.677623125598853,0.89920180600389,0,0.0953809113497777,0.0421984853212906
0.579018623484826,0.894556843470122,0.0150292823074119,0.0930665850616959,0.044980813159548
0.581604514564453,0.900619791797708,0,0.0615175111571429,0.0406075197119118
0.548906021409322,0.900997315181704,0,0.0740084280545592,0.0443859974199188
0.61022569476588,0.882173119351186,0,0.0921136540669871,0.0289552203775517
0.609129463180706,0.912836043149579,0,0.0758339855433083,0.0166915138762232
0.693147344523407,0.944050664290314,0,0.0782624632567361,0.0590392237928142
0.628848046742649,0.962720390110368,0,0.10366863324013,0.0271509795570226
0.606773273025247,0.971728312903255,0,0.0969446739567805,0.0183406637629365
0.656446713249577,0.930829076111243,0,0.150697598809816,0.0202513058256643
0.651547810727691,0.915467791409367,0,0.0751628500230652,0.0721064847468448
0.737328893836104,0.899534381494431,0,0.11591691782327,0.0893674438745887
0.719407120311153,0.978164393969659,0,0.0881625008159681,0.0199793352715447
0.602579403342824,0.932408029102287,0,0.0946102669508948,0.0148038860628785
0.603379207497957,0.98117519903771,0,0.117669171817679,0
0.658869432047458,0.839352748919849,0.00070361587998069,0.0936323363698801,0
0.689859080186051,0.884311382683403,0,0.0699097975755054,0
0.517944635514874,0.824980640619594,0,0.0739138906088572,0.0711829620962935
0.444119799794135,0.7612122300035,0,0.058448098405317,0.0256871663562623
0.525895795795626,0.770434343970456,0,0.062246072728366,0.00694674899729442
0.503773216295231,0.772659607338803,0,0.0590152833021382,0.034787606396852
0.514882463502822,0.793022504789672,0.0205786043165585,0.0798333763952828,0.00165509328047642
0.56577815393246,0.671541635163698,0.00992689441534933,0.0674770072189509,0.00996365576174429
0.549443836387781,0.643866069009937,0,0.0426745020537325,0.00526306752285099
0.563736843109554,0.687590212202429,0.00536862127720572,0.0560360838769098,0.0103051210116035
0.574309894867405,0.696888721782722,0,0.0811929801220525,0.0126592120379303
0.670458289858521,0.729683401770789,0,0.0893431835636753,0.00496388208122772
0.660075930480453,0.755169624544476,0.000158613218252557,0.0612820128744588,0.01140980324509
0.673777793051675,0.728813472298248,0.0377643946925866,0.0764552383946274,0.0163376440467402
0.628472087821725,0.70721051763185,5.87785205413138e-05,0.0520549731634032,0
0.642125678298589,0.795037141758611,0.00118854688251363,0.0664155964356407,0.0111828655791946
0.626049906261613,0.82651522635457,0,0.0579027914481003,0.028036135622386
0.659128485040297,0.811616372949559,0,0.0854444325987911,0.0214205313908498
0.712805946438609,0.709580950238815,0,0.11283681363552,0.0169930839230746
0.612303580822752,0.709246022369094,0,0.232076746060999,0.0126059492821873
0.573164738019545,0.695489173015374,0,0.115711549319285,0.0185984616840662
0.616774166293764,0.705435879656455,0,0.110396130338409,0.0167834787251046
0.607818510777584,0.729310696009471,0,0.136046726304143,0.008161625728549
0.660576339304989,0.717631451306785,0.00502984127212369,0.109733061728884,0.0412064856350748
0.649381467090929,0.689693956001909,0.0119266153532169,0.0954331476222685,0.0206803948731308
0.702329800625516,0.690372296798925,0.0225217871583919,0.131090710526045,0.0381891740581881
0.714234379624443,0.795657601583554,0.0117546509231228,0.0911069431668214,0.022823374335279
0.715838058562231,0.807463484275179,0,0.0627539869883996,0.0276139835465665
0.72877212289465,0.814935472785573,0,0.104917539410398,0.0408887106318712
0.795808689428249,0.84061269291134,0,0.0877107654536241,0
0.791832072337018,0.902338549657487,0.00178068452869806,0.144392653104466,0.0502234921855352
0.704277690798036,0.904826756970688,0,0.158927554190243,9.29581890518616e-06
0.774910981156082,0.86880811211945,0.0221895443756379,0.100097065710356,0.0376122660644927
0.74711903454333,0.887854679187051,0.00326113300725672,0.0708716175324975,0.0144216614937477
0.730173723155797,0.843557687540073,0,0.0688871778567058,0.0206286735690102
0.711486304062474,0.841325914075261,0,0.0793421437367326,0.0184139839182587
0.70974677824775,0.829554094689732,0,0.202941078989227,0.0217748775122966
0.691437538511976,0.794457812269368,0,0.152517367471474,0
0.715491056852581,0.77269728222926,0,0.14300144285943,0
0.841417983614349,0.858807264347938,0,0.152365776957386,0
0.858514268326792,0.880866660587842,0,0.154230134452907,0
0.860280033683647,0.891634143261831,0.000127725494396991,0.156602568855015,0
0.797281712338046,0.798908265695442,0,0.144344749134781,0
0.794828542273823,0.881900478304911,0,0.187167438478491,0
0.77666563292025,0.911065917761831,0,0.19791271013221,0.0221295209716383
0.744162724352004,0.996925403951489,0,0.123527729680107,0
0.780981226911345,0.933620228191349,0,0.210227997845782,0.000615738401037402
0.755676184573984,0.913353012981162,0.010088682728441,0.222038171355415,0.00189030423377967
0.727698661114037,0.919814916368145,0,0.220992026969036,0
0.727541793493163,0.836338291778532,0,0.196848334043641,0
0.679115309519505,0.847703054408988,0,0.189053888999339,0.00411172526428205
0.726922406072478,0.682979543245718,0,0.1787669739874,0.0128540524009221
0.689302788754051,0.652013480713953,0,0.11074559618523,0.0447090138438205
0.752439562028979,0.680128448913015,0,0.114643909708011,0.0142025407093347
0.666966283411737,0.715043793070438,0.0208018615549179,0.124769505280077,0.0138239505913202
0.616082060950186,0.751799796466129,0,0.139772953245459,0.0541847896504878
0.655139976007856,0.696253560035491,0,0.187353536473816,0.048638613434109
0.676226480700878,0.646098010826081,0.00505966549398551,0.161982529638354,0.0356471242240156
0.662494712439075,0.670621846892305,0,0.132537057252429,0
0.643883000626751,0.636559556813815,0,0.145745820376989,0
0.625077717678648,0.833979818090377,0.00243706340545913,0.180833792877489,0
0.680374260519617,0.88371268006478,0.00696178250877599,0.079483529928518,0
0.683800705231565,0.794421091785837,0,0.100666504434562,3.52265123879647e-05
0.673704299893799,0.761950701934935,0,0.102762367235726,0.0215829528135212
0.699860176041097,0.753807107467968,0,0.111204403692848,0.0843135713510008
0.639532151775737,0.719134096895807,0,0.139563773246698,0.0154959060026977
0.687413810257585,0.757747871194047,0,0.135044596019232,0
0.666317986906725,0.760545746017151,0,0.15761688971854,0
0.677510719143274,0.557600555219393,0,0.130390555770029,0.000803439750354906
0.58895628615741,0.541218499660127,0,0.106952828850293,0.00824267092735262
0.646345594129802,0.559308601567855,0,0.0782475526051104,0.00352274736170517
0.528673509805391,0.529333361896026,0,0.0653321379136714,0.00916281423713637
0.60681542541583,0.529002067930786,0,0.101546222176483,0.0147531578000745
0.544341728219528,0.776160956203928,0,0.0437631960462782,0.0189669436945332
0.526709192137588,0.759405231075834,0,0.048958320334641,7.01255618118513e-05
0.568117955690869,0.850720093425955,0,0.0585058877005604,0
0.547028995531519,0.760619621793843,0,0.0463969887867482,0.0236973841572483
0.574147205508426,0.806141765700448,0.00147728705486561,0.0925325399100445,0.013827457787067
0.533203413014146,0.792511063734367,0,0.114440637116147,0.0169469985764348
0.577356934333372,0.873133553469921,0,0.0947733178026311,0.0232892508633411
0.678085455940491,0.847468970301274,0,0.0857061820006348,0.0274718790513102
0.60077647585419,0.845005708032782,0,0.109674024985059,4.10620302572218e-05
0.593831770450918,0.779156476192677,0,0.0655225488701474,0.000359438886684105
0.634018873962076,0.786667362679547,0,0.0583795180325211,0.0278458722020269
0.572413244472974,0.77960924610718,0,0.0999791614087444,0.0165427517632225
0.591285487044147,0.733508689976206,0.00360413563413439,0.0994837208694499,0.00235925075886922
0.592499695854855,0.762159383911585,0,0.0996464674953088,0.000309864215984751
0.549853900582521,0.692237947917718,0,0.102353914210697,0
0.559484884348464,0.692161263914161,0.00780910452573674,0.108490601321093,0
0.539784650105669,0.757708853585838,0.000213051014159582,0.066588857546523,0
0.526594603793745,0.66155405313981,0,0.124593508965941,0
0.522724275689451,0.663292760126659,0,0.069507273997399,0
0.527291590586648,0.66231477431506,0.000748275060399262,0.0791677741506411,0
0.539960753599249,0.709151871221771,0.000125185957026153,0.108116186762948,0.0108151709545219
0.54496104730493,0.703033440089995,0,0.105401393439556,0.00276174909423932
0.536168138521861,0.744527673997564,0.0034703539761988,0.0878268678104631,0
0.507894477908397,0.716896750872726,0.00771821939745487,0.0958539933791203,0
0.563803481726382,0.77894614662193,0,0.0538429585939175,0
0.635395010213435,0.789125573551212,0,0.0675426386221392,0
0.647472338478424,0.947807359963292,0,0.113925041202161,0
0.61216946509112,0.962360615641692,0,0.0915843512877084,0
0.637864619284888,0.925952407023561,0.00116115844856868,0.104200173494759,0
0.518112482097644,0.847869002729987,0,0.0606666936700795,0
0.521280742332249,0.85521484560831,0.0136045511868785,0.0809107321131719,0
0.453954674115595,0.904758863331988,0,0.0948596192906397,0
0.450009072481513,0.965493501000297,0.00348096354106175,0.0831474975769627,0
0.470304843657919,0.905355226253735,0.0182188251921299,0,0
0.452943586831952,0.926948664049838,0.0338069233188402,0.0112279036499124,0
0.512848472430948,0.933263539129051,0.0183163257190446,0.0141015319631249,0.0148770303024448
0.535124166081356,1.02237177336568,0.0120866188092958,3.00214963457612e-05,0.0163226387107358
0.534766113865272,0.980286366677143,0.0144902481336946,0,0.000310480922722123
0.497574521175493,1.01560396038962,0.00254312238804144,0.00212028061027203,0.0397660253028271
0.507476375178603,0.95068267565912,0,0,0.0265449493943621
0.535382582601271,0.970179486782438,0.0120434311596092,0,0
0.552247531489139,0.967617828979703,0,0,0
0.498882446581109,0.967222010850993,0,0.0632182857584636,0
0.444959891808461,0.983588025389141,0,0.0275821148246438,0
0.454468645518362,1.00203820270239,0.00031228744703804,0,0
0.475953164040141,0.982910582027109,0,0.000637505019144946,0
0.520641585909449,0.968833986727466,0,0.0399109764362493,0.00020157482469485
0.558164441719666,0.910769334935026,0,0.0675062033841838,0.0087432900030161
0.576212223952003,0.912901472115104,0,0.0956484606409391,0.000388077936221531
0.615772047739817,0.963158815227234,0,0.073014624162921,0
0.632423153854373,1.01902479121431,0,0.0706197666120989,0.000851047562557383
0.630056597039335,1.0022237982648,0,0.0945223697263446,0
0.555289583564259,0.922768589958521,0,0.0495682277616927,0
0.560377907698786,0.909501174717861,5.5059801691959e-05,0.0471972742735285,0
0.615062830944621,0.878963423748875,0.00685131220681412,0.0612146930982549,0
0.707308448168612,0.96468028278927,0.000507910723793858,0.0765721862399302,0
0.702145762400843,0.936291206647999,0,0.0562493096736332,0
0.696371814947268,1.05793476999267,0,0.0821672287977711,0.00868995341841572
0.653181955288525,1.06461598713495,0,0.0673784213633208,0.00987283419513929
0.695661967362749,1.01026132804069,0,0.0330369338496705,0.00815910001433351
0.744507798500179,1.01844654757225,0,0.0885419010955726,0.00799993641394336
0.735239383510812,0.998650418086156,0.000546857725598482,0.107922576061715,0.0063605886817405
0.665241857197089,0.985075433752865,0,0.110181566288468,0
0.66591430910621,1.00965852593003,0,0.064104009864145,0
0.647106938848125,1.12085127691504,0.0192116211174662,0.0693891660925965,0
0.649031759679396,1.1381991982663,0,0.101510357983598,8.90013193364236e-05
0.63786718285147,1.06679960475698,0,0.142297346981847,0.020908949090964
0.666361285049707,1.47484067453333,0.0121178477640306,0.0563117671950226,0.0240662354662469
0.647207580760923,1.37483946905415,0.0237012982817427,0.0716592028590901,0.00321433908667634
0.661911449279858,1.38722530962881,0,0.114539555447617,0
0.654032269258245,1.27381211347072,0,0.0759237263451557,0.0011867221352595
0.688247003128937,1.36428420378017,0,0.124789276931283,0
0.698251494382164,1.36538785856616,0,0.149040075253192,0
0.65145217557756,1.38174447355085,0,0.0974286629115649,0.00018074357428266
0.657104344270968,1.20676507727985,0,0.09218291278855,0.0124233568587573
0.657538226236208,1.19659946897662,0.0191485134649359,0.140836888844733,0.000143865404825805
0.783929479385054,1.1548306040471,0,0.12847853210129,0
0.56586643092169,1.13151556063006,0.000103651908100577,0.068834418305552,0.00136891169757936
0.585651097070088,1.13263307588498,0,0.0858787038538452,0.00490221817655651
0.616598356114997,1.12442203529533,0,0.081755244975671,0
0.621344835526099,1.14196247554651,0.000418909807811674,0.0673799882811934,0.00394034203984428
0.616960504821509,1.14464747583002,0.00282149386182828,0.0748341620797286,0
0.649900939805791,1.15925520521441,0,0.106375513631633,0
0.670533462112763,1.14561954072994,0,0.146536435777501,0
0.650768967767787,1.3237678948832,0,0.0816886818006095,0
0.617407053001713,1.39790698102079,0,0.0618466424859617,0
0.657536477311845,1.33573079444187,0,0.0720341822464587,3.1271189018911e-05
0.625760971029423,1.3698494707003,0,0.0403489631728217,0
0.612657232515118,1.39603135156766,0,0.0387069301143457,0
0.622573730439245,1.41486624981195,0,0.0660037067430037,0.022140767152882
0.65527700655667,1.42076636682325,0.00170092916602532,0.108946177851076,0
0.688150512066052,1.42595556824023,0.0279861461552529,0.134294675125091,0
0.616275457615984,1.48872800091386,0,0.0984594520508819,0
0.617223287251952,1.50272599158318,0,0.0663941268616279,0
0.647074126202535,1.49666047505585,0,0.0631380074572576,0
0.691889615474502,1.47660631147075,0.0167644222009873,0.109597557330124,0
0.672874754865512,1.45800827815522,0.00491863776270351,0.0779615200183302,0.0149985489673336
0.686992131152333,1.13945483817609,0,0.0889670352644689,0
0.730148737703463,1.50434078726252,0,0.0602019289186968,0
0.637041097433279,1.52347013526648,0,0.109473105881546,0.131137735925429
0.622176862718679,1.21426106422149,0.00406055684163203,0.108591069229742,0.0080303655185423
0.648051127605692,1.22659863870727,0,0.0786469868720352,0.0154874560374788
0.640377745387236,1.14152906102354,0.00193367386381071,0.0557442566207225,0.0126090950264309
0.605895571777093,1.11159874905414,0,0.00853642538681676,0.0120261885686405
0.617399674799222,1.11716739941068,0.000232607925543138,0.0409893631708477,0.0141951217300906
0.635284572191868,1.34373068601359,0,0.0492504466715399,0.0152654334181066
0.657368604823329,1.34299592136882,0,0.0390470850591135,0.0284571380032555
0.704771381102318,1.29307768624162,0,0.0478813487933312,0.0110241112298823
0.594068834102706,1.3021659155513,0.000926965606024843,0.0183886408465455,0
0.609549714456049,1.34596755089762,0,0,0
0.588558420204346,1.19492264804892,0,0,0
0.585539602870843,1.25368748112987,0,0.000312686985504351,0.0308999184255202
0.573158892820191,1.2156561433285,0.00188569443592912,0,0.0131188434384637
0.578584366883505,1.24152987337016,0,0.000739774775720736,0.0123690285927802
0.608103507713805,0.993108138154678,0,0,0.0169389860979314
0.582046064717297,0.936937687441574,0,0.000276300869954671,0.0920980264125062
0.594633424670536,0.897943517356259,0,0,0.000501504344742609
0.547487286656815,0.946548301623311,0,0,0.00585030747162318
0.537407340711049,0.959007548407564,0,0,0
0.545608718653826,0.904607195502328,1.75848747364649e-05,0,0
0.539681872496587,0.909145789520547,0,0,0
0.545089947434349,0.897525968711694,0.00352684108889936,0,0.00255855376464864
0.476113572225632,0.858230572699765,0,0,0.0287239094696161
0.526790917302522,0.908551007007285,0,0.00141951577008448,0
0.468264056025676,0.917085995710123,0,0.000905430161531107,0.000353674211628574
0.469356255156348,0.893992933510744,0.00357870221957857,0.017658393980185,0.00933978460112095
0.570944948778943,0.917906032776877,1.50248831649602e-05,0,0
0.467545364585746,0.978612943388568,0,0,0
0.449719030059501,0.966016092043084,0,0,0
0.584039597719321,0.965000511854313,0,0,0.00987474158130475
0.559225182721147,0.968137813794477,0.00575078255255457,0,0
0.560360619397209,0.943517165271874,0,0.00313102141599131,6.95341301639174e-05
0.587684643961092,0.933330966705882,0.000219384429195751,0,0.0137551188822122
0.588004998758341,0.943162208871511,0,0,0
0.542612034675989,0.9276842922736,0,0,0
0.545127415241837,0.921450229669187,0,0,0
0.550075841441358,0.934445617928462,0,0,0
0.520225438065805,0.880285081646092,0,0.00329107930277783,0
0.519809429945955,0.90688058193765,0,0,0
0.469700823313185,0.945078649136962,0,0.00410250749952046,0
0.506354297039573,0.968009528194332,0,0.00590221894706611,0
0.513776038625508,0.973507240124264,0,0,0
0.641290227543396,0.97530576306059,0.000975738793967285,0,0
0.649885212547781,1.00276376319234,0,0,0
0.627328007560317,0.947849626708943,0,0.0102554234569993,0
0.655694131399557,0.944681445420301,0,0,0.00916516543294804
0.659862939548298,0.963291075386365,2.53699923487005e-05,0.00902653251913935,0.000856896804996232
0.633636959677505,1.0245973381017,0,9.33466608965539e-05,0.000381165363672532
0.582356110023172,0.990012887760161,0.000709282199348182,0,0.00483167694581355
0.572080775790906,1.03998616583095,0,0.0937500155959152,0
0.602765756904395,1.1186498750165,0,0.0981272666515278,0
0.570288429129306,1.14420637760202,0,0.106229314009909,0
0.581361356828493,1.09886872380992,0,0.0675720551540309,0
0.621813154495657,1.08247682286816,0,0.0588844609529998,0.000251052562959958
0.569529867648782,1.08096265215797,0,0,0
0.669123531703336,1.12138846826402,0,0.000608437431472542,0.000188753720434365
0.718972300594843,1.14447172424979,0,0.0264921296724614,0
0.703885766200444,1.07225720552808,0,0.0264399935224187,0
0.683707259644376,1.14205146714425,0.0147867303078075,0,0
0.668740067144727,1.15312578366472,0,0,0.0208404037809084
0.6638033781963,1.18895841219222,0,0,0.000536567510079355
0.653681895350972,1.14953154206339,0,0.00148061341715766,0
0.612357462863699,1.12556772754972,0.00110230724526028,0.02568489574359,0
0.439372558995793,1.13032499479285,0,0.00154151442690598,0
0.438563331061406,1.20194958327254,0,0,0.000286394097584353
0.557141111503485,1.16856687430452,0,0,0
0.517128896080603,1.09853737238844,0.00646814656785488,0.0588016974223853,0
0.596863234958095,1.0913705292242,0,6.14146812827343e-05,0.0903692246259755
0.678753116600717,1.12009196152798,0,0.00374792435169902,0
0.621075344418484,1.14535889214318,9.07976469537441e-05,0,0
0.597776556833701,1.15902030744401,0,0,0
0.63930923774738,1.12207153334163,0.000260189099211772,0,0
0.67426885762203,1.09394359130792,2.78914759865856e-05,0,0
0.694828508775394,1.09030922796705,0,0.0163955456057099,0
0.736313939008348,1.06935990096464,0,0,0.00785033015759617
0.697521870588606,1.11605937494423,0,0.102538952138589,0.000167660345833376
0.690155089859181,1.10062946944715,0.0226409060384584,0.0816785371907942,0.000111482488884818
0.677497965267188,1.09717455211486,0,0.0761332703900721,0.0306353173013481
0.669827025798221,1.00986961193848,0,0.0592274703790281,0.025540305897344
0.678957474349555,1.01788614675254,0,0.0597907450451838,0
0.665306822165467,0.946899714664404,0.0154000354917905,0.0657439533923598,0
0.692461601659323,0.883715698299256,0,0.052459651490242,0
0.606863551768676,0.870552508243738,5.61286209765921e-05,0.0538054320000931,0.00640086919032345
0.614688921700325,0.818717360748915,0.00531119784550227,0.0243423031452719,0
0.614879279340173,0.799295697310435,0.00194219268270013,0,0.0172798287727727
0.583842244871974,0.796120562571763,0.00490234600100981,0.00113466270674101,0
0.571613759649548,0.838966963760276,3.35385991131198e-05,0,0
0.55915993262989,0.92611322870464,0,0.00261315906628745,0
0.556729593372534,0.934442588998986,0,0,0.016443802370445
0.55250969046517,0.917168410448645,0,0.0142488278007811,0
0.574791664769869,0.860559083384667,0.00126922808888186,0.00744201608763873,5.82031892748525e-06
0.667982735173958,0.860471827308764,0.000653168208072374,0.0141395791717198,0
0.693860690902052,0.847048767567713,0.00176338151603644,0.009109503673634,0.0139398455838355
0.692854057209259,0.869652845733243,0.000717159430850822,0.149536814276973,0.0224384792285506
0.650743600480259,0.897910306155321,0.00628185867778375,0.0554073579025661,0.00132504216151003
0.668278364464462,0.864935566250754,0,0.0540357152845782,0.00848287742088086
0.673379585652781,0.869085153287567,0,0.0836109313897355,0
0.704458532169079,0.885956894539512,0.0382493185639401,0.00169110154056329,0.001715877009034
0.51418184173978,0.889634383394448,0,0.0375422646685784,0.0151831540671925
0.768053188890288,0.979668082361447,0,0.11350512033481,0
0.723756390957052,0.953829482406111,0.0118950896249239,0.0711567711125405,0.00329203114573473
0.6838826183803,0.971724495507227,0,0.0918978271017615,0
0.691286941468344,0.950025405493751,0,0.102636276949275,0
0.675993385380369,1.06490961930833,0,0.00984261835349476,0
0.62031184591348,1.0661654399428,0,6.50088853177966e-05,0
0.537804497718895,1.04202815707918,0.000169986552021717,0,0.0162578831869917
0.711469443659804,1.05627635212096,3.22000581726711e-05,0.0173031977124745,0.00877248842441447
0.755385217187419,0.960434782090727,0.013242732491305,0.0637567770097817,2.54658852072431e-06
0.793721114692758,0.965455553901016,0.0245323136665333,0.0687157199342567,0
0.65536697012676,0.966551460936674,0,0.0561271264020078,0.00011331852827956
0.656347968113691,0.972861719652159,0,0.0108026931668103,0
0.711742193171051,0.959917080977995,0,0,0.00641193272606655
0.680578995828592,0.951971200831139,0.0122206264263109,0,0.0073970058417272
0.537047141202096,0.952131455136785,0,0,0
0.567937648690716,0.97091571956362,0,0,0.00681243271793153
0.550681211877105,0.965945568698961,0,0.0118310468871554,7.0893220901036e-05
0.564261843634294,0.950846135313386,0.0013032261585943,0,0
0.535957427311628,0.918357643922618,0.000596553766266883,0,0
0.558521960151151,0.919553143472323,0.00411736513845662,0.0571323991874302,0
0.492168616249157,0.900210563638901,0.0026883922809201,0.000811956401076078,0.00746444709242396
0.468503272678001,0.902700562286174,0,0,0
0.446649442480996,0.887712410263455,0,0,0
0.464976316333311,0.924436887728745,0,0,0
0.454093540533085,0.928490985441822,0.037927119037893,0.00908706417147298,0.0164776589939202
0.448882633836713,1.01161824890623,0.00860908281077857,0.0202949194402068,0.0177764591317892
0.466871763469872,1.01247163573263,0,0.00300050513802996,0
0.468559803044661,1.03707462865825,0,0.0133947543934494,0.0074663456104813
0.482748563673939,1.0097427878416,0,0.000423987120760749,0.0224291041213905
0.476417756951824,1.19599121676285,0.0063802346998203,0.00899094659679633,0.0271584284572035
0.498044106144493,1.17327855479078,0,0.0684912050277877,0.0165847414834686
0.44405043320782,1.16916634000659,0,0.00179849386627076,0
0.474151249394817,1.16712135947497,0.00141573124391337,0,0
0.505830551189545,1.15850326733449,0,0,0
0.520421992421355,1.1803242355267,0,0,0
0.512266012087857,1.19609350876437,0,0,0
0.485286542429754,1.14030770377843,0,0,0
0.477228371114882,1.09988349286911,0,0,0.0127817420285579
0.507016513645819,1.11829660612506,0.0024484828965661,0,0.0103939509276478
0.501233652842487,1.06392931519322,0,0,0.00805348343607681
0.608509164319056,1.09612304885077,0.0109860002466537,0,0.0404301972325394
0.564591687142679,1.12706246757602,0.00143953043344924,0,0
0.591176266592334,1.10969109714676,0.0249107538563735,0.0328021913090685,0.000114490496177178
0.60108119803397,1.08226267756303,0,0,0
0.589852371655454,1.08116712140847,0,0,0
0.660383267397202,1.10430781390125,0.00220111369117837,0,0
0.538997403857592,1.07540389273229,0,0,0
0.582147947513051,1.08934253154313,0.0100114196946589,0,0.0538130482268051
0.569705194655825,1.07843956984574,0.0128359391348243,0,0.0335380391397431
0.577862360731837,1.07736817801021,0,0,0.0214132015748112
0.603127334958045,1.07447241237709,0,0,0.021449533132839
0.62097932504055,1.10293606151346,0,0,0.0297601875315743
0.563699333231952,1.08700401032184,0.000406900455367953,0,0.0249612605826546
0.519621448561235,1.16659521896331,0,0,0.0251996666746943
0.673716247343458,1.06716746113736,0,0,0.0294869740945258
0.655755705883964,1.00519898728399,0,0.00102419367847695,0.0140524560398005
0.632508976228956,0.998484751100369,0,0.00676586854098871,0.00567039650941303
0.658977535882063,1.00703944099122,0.00164516526442338,0.0921915415210894,4.04231126047705e-05
0.667935994908274,0.944878916704327,0,0.154585976774409,0.00521229557811848
0.744792944004539,0.934166909739565,0.0122782073403087,0.166849726647241,0
0.738792846383979,0.942496148533355,0.0118163903779731,0.0883891863609432,0.0364879794865433
0.768449750139158,0.949552814382066,5.50599536116581e-05,0.067835517621631,0.0137272367655447
0.727989668486983,1.15289733327515,0.0106583545552776,0.0952432625335149,0.0403471424077496
0.751259213793885,1.1547958997237,0,0.0875743162562583,0.00612340910445752
0.726563555411295,1.15044112691572,0.0216471663534059,0.0795937008291194,0.0353786253840896
0.674324371703584,1.14928628922597,0,0.0766764832252236,0.0232650995952016
0.720519998771641,1.075024666556,0.00395736912150524,0.0526208947966234,0.0179570323698099
0.732154181691546,1.09942316659565,0.0304176854544298,0.0999902224773996,0.00670378792398263
0.829028878917287,1.15896944365852,0,0.0705110657761699,0.0342483433273075
0.771557000741171,1.12724986190819,0,0.0828549457729477,0.0233293490304235
0.799220644472623,1.14242831599231,0,0.0745666837768737,0.0264206498563517
0.824951193998875,1.12643891408459,0,0.133496959637331,0.0221247101875473
0.845449350977518,1.25125673843462,0,0.149572983455246,0
0.813584364357441,1.14356845740358,0,0.155929450122082,0
0.795781131976122,1.08879907782524,0,0.16313059470807,4.08369527855612e-05
0.807469967252476,1.07858034913581,0.0165407694864919,0.0896306743061333,0
0.783971603073926,1.07414255987742,0.0045578975767627,0.0934512563096546,0
0.833847351752939,1.08313620642558,0.00353112195207728,0.0817600637310447,0
0.920823253025104,1.07285749786792,0,0.0747171978156249,0
0.913805298862183,1.11985526353323,0,0.0981293653378366,0
0.816655124900925,1.1747202100027,0,0.0771588447630558,0.000434981321975281
0.807874707113953,1.11772955364822,0.00983461853987311,0.0987972870877387,0.00461620752312319
0.816160445537366,1.09198480148906,0,0.148681158153291,0
0.809409794305895,1.07312652583032,0.0411568774745121,0.137266511511353,0.000953321774447402
0.86083629437103,1.05441229766861,0.0367313078726204,0.185523908794372,0.0296158155501614
0.805550324483165,1.01800571248594,0,0.103434650064644,0.0432379818353621
0.805121963767787,0.974284084171631,0.0323414415702853,0.149401691345613,0
0.681615492653963,0.969946723833078,0.0158029690796574,0.0599507213689709,0.000401499481323175
0.728465010613898,0.963475628038198,0,0.108706233582932,0
0.680294983425132,0.993666377241552,0,0.107496353814273,0
0.720025597045444,0.999298568063046,0,0.0813656400602039,0
0.644719469007228,0.995587867220248,0,0.129625197898539,0
0.936931544532021,1.01541881870183,0,0.0772514782325895,4.26746887605134e-06
0.829066112039832,1.02436787506261,0,0.0680510233027447,0
0.790597665143851,1.04375216356877,0,0.121407864465145,0
0.833603653573299,1.04729178201466,0,0.0911083764702709,0.000467928447421828
0.837485412250021,0.911000962318718,4.0933781509267e-05,0.0485708453007058,0
0.838171918984137,0.879616633809368,0,0.0654999637424141,0.00230555589645265
0.732413928326628,0.935195835633938,0,0.0939429208164705,0.00886515369156371
0.649902399680742,0.84055502112876,0,0.0538809574637022,0.0218228148752749
0.693587688726888,0.791667527567043,0,0.0697190253100073,0
0.707217334874294,0.883859751246502,0,0.0777812757329468,0.000149781188702347
0.696665174716192,0.885840840699163,0,0.0766623542736692,0
0.682721203028806,0.884347322815413,0,0.0553501647512915,0.0223769192746593
0.701844281736611,0.994236251702634,0,0.0481783982343789,0.0193083321404675
0.748415816363052,0.952936498612046,0.00322056392731507,0.103769271496212,0.0152389950783033
0.776741295534152,0.813105756632517,0.000207928774688559,0.0795874161779953,0.000277759692765389
0.67524334392088,0.748953140133902,0,0.0779442834859016,0.0137631558564612
0.489797875101246,0.725116476253807,0,0.0162599358105311,0.0205492268305021
0.610601334036224,0.816167377855627,0,0,0
0.731031144006302,0.828556561217087,0,0,0.036331157813652
0.708460759556641,0.797420969970459,0.000787545478719176,0,0
0.695419185482738,0.837128270079466,0,0,1.89243288363783e-05
0.642899810400113,0.828894810962638,0,0,0
0.656233541177845,0.806935153153891,0,0,0
0.489003804072183,0.805455640059851,0,0,0
0.572968282894932,0.818916145477183,0,0.000143062714004494,0.00011896605035655
0.477903837912442,0.815359997936423,0,0.0142553589532435,7.17596594057568e-05
0.545802506627223,0.828726920661276,0,0,0.0037424518304392
0.530454471473601,0.779857634854989,0,0,0.0595280040257795
0.516127658019574,0.797938254860947,0.0207612711395102,0,0.0343563153402267
0.571184013513726,0.799034700841971,0.0218511174185539,0.0131025541452812,0.0195143908674335
0.554199924720858,0.807184579645228,0.000406850532029046,0.0283407514476838,0.0077091106368723
0.522852618866846,0.788556607923192,0.0287241226422543,0.0162605034912472,0.0014873819687331
0.510643805400484,0.7992222412485,0.00570716496530593,0.0401074762523553,7.38953016601041e-05
0.503393107973578,0.803499495895383,0,0.0245244168967168,0.00794388596771634
0.57267151437596,0.780801747693004,0,0.0485023328395497,0
0.6193848372765,0.789849920792442,0.00268158861461176,0,0.000532100267499336
0.620008740878379,0.803537044282766,0.00367231162199788,0,0.000462303941704656
0.523790089996399,0.768070325845603,0.000601484753197656,0,0.00134264180872423
0.498476521773601,0.741882113785897,0,0.000812335781702922,0.0224554925077437
0.437600278427405,0.708590570208721,0.00370619852026599,0.00119464622162391,0.00677717767094121
0.475334269618286,0.694530896612261,0,0.00100775915880114,0.00584241739644231
0.458913371084152,0.696081488705584,0,0,0
0.451494341274956,0.727817006492436,0,0.0402021314626817,0
0.515722075749824,0.739451563098424,0,0.0514435014803669,0.00476071848801918
0.521675341109943,0.811275931307608,0,0.033849401614471,0.00395080547231963
0.452979286474118,0.814101294116787,0,0.0810594918275835,0
0.439478894049741,0.839559368820319,0,0.00107929477440694,0.00053020374196433
0.541264933603858,0.877408240482982,0,0.00317398244918032,0.0317733881179314
0.547748447389333,0.877345954324512,0,0.0297565360251058,0.00746934015092804
0.507730320459072,0.834698750648634,0,0.000494101973415262,0.0140603666903489
0.457470535624351,0.83807248544334,0.0130179174089653,0,0.0131816363697139
0.468064955332672,0.883785878155958,0,0.00234004214781014,0
0.471490429814041,0.910234445334875,0.00980730019095905,0.00296741714846754,0.030724962611608
0.529249505697439,0.863891740325284,0.00784706120831558,0.000728728802398271,0
0.512215539698608,0.833044631770408,0,0.000148067114053241,0
0.500914648546996,0.841584429256533,0,0,0
0.521224810597131,0.841033243731572,0.00200439153187362,0,0
0.519048429875282,0.938458971039419,0,0,0
0.554245996971028,0.923868972900526,0,0,0
0.400135626463651,0.82019888454892,0,0,0
0.468815345312397,0.855388277785817,0,0.000922095098932263,0.00733656425763654
0.535867131969261,0.889153286285514,0,0,0.0136655059478235
0.559942409482524,0.912519154995468,0,0.00516547953319069,0
0.564804037807685,0.927862744679019,0,0,0
0.555031670501458,0.922035510748077,0,0,0.0544501132943135
0.522382435685761,0.850196680362825,0.00563126906481703,0,0.050645456042808
0.562650886070604,0.851009484535535,0.0256413846309007,0,0.00640644770721144
0.51666230846047,0.882574224181872,0,0,0.00677832377814114
0.527872562064735,0.908800254312099,0,0,0.0134140629020276
0.497883419889258,0.901892131121458,0.0182334396904862,0,0.0105497261165866
0.489848705840071,0.976276008375821,0.0257489213829052,0,0.0130514502042625
0.588227689981633,1.0196049899759,0,0,0.0258913774203231
0.541798279476733,0.990054179519211,0.0386600254773073,0,0.000327158741588063
0.5495257800214,1.08347904945243,0.00197065375576078,0,0.0336639972303607
0.545560053520774,1.10297889268536,0.0386991192413347,0.00382826584342055,0.0223574413811256
0.538823919926937,0.962097085154288,0.0135057835271759,0.000280147096126893,0.011488169020362
0.574636157294153,1.0120272776839,0,0.000638892316500717,0.0100343087704042
0.593657804559969,1.01046095426444,0,0.000132495042950986,0.0145951393050858
0.600845049372617,1.05232221734178,0,0,0.0105123076445748
0.588034288466007,1.03908109952861,0,0,0.0286199872899269
0.57426239437718,1.00339581548491,0,1.7695198858414e-05,0.0198013482435778
0.527716781652779,0.998055076069801,0,3.69703527041132e-05,0.0317759921080194
0.569073258960642,1.00245435865696,0,0.00640980616231102,0.00988540973384444
0.560093553426488,0.924581729316393,0,0.000165577562883934,0.0287092294653482
0.565029783209466,0.88773016097345,0.00482605041758821,0.0115126783176007,0.0270826537657363
0.564075069401879,0.872798423475181,0.0242602330432119,0,0.107708518776649
0.561997094405014,0.80648497969099,0,0,0.104576763524646
0.586480732005494,0.739690745696577,0,0.00340631686510773,0.0530267252311
0.628172603425088,0.807228860051943,0,0,0.0162054153027382
0.648153914186023,0.797795852624577,0,0.0116352290254341,0.0217579493000259
0.636698247981982,0.864019142459085,0,0,0.023998018966199
0.594303486219124,0.84132592330523,0,0,0.0387129479665593
0.541544696463512,0.844122015331844,0,0,0.0677038321071208
0.643802370048909,0.849449160826578,0,0,0.0194587470620556
0.57078527812102,0.858553797065077,0,0,0.0521888345943274
0.595420912335113,0.919534960016829,0,0,0.0119179681810705
0.590001157174389,0.899215062142069,0,0,0.02066544844573
0.553365208033812,0.924598073708826,0,0,0.0535859093117429
0.59250688669428,0.922418366551651,0,0,0.050773657445088
0.578318838413165,0.927663294269734,0,0.0449491832877067,0.0154394024777861
0.604517999546025,0.90330988617163,0,0.0805604471073256,0.0132771914965125
0.600904229032916,0.904698372192747,0,0.0757264036165188,0.00588150165809309
0.545855734832989,0.900709247453618,0,0.0889384201233416,0.010294715333555
0.620330012235035,0.866602255660895,0,0.0114954492965786,0.00639635276709627
0.623088994604665,0.883423812061133,0.00273034014241136,0.0347833047893339,0.00203617900564312
0.581278326759258,1.05066481689927,0.0078799422101421,0.0257328834839313,0
0.580516905482231,1.05500752421923,0.00825067844146132,0.0174888979363331,0
0.614821677722589,1.10854970977585,0.000398949994489417,0.088455819053847,0.000139345833161622
0.669940790734143,1.02920185155014,0.0019755751632588,0.0112343148022619,0.00399705602460973
0.66289847598515,1.10146121457885,0.0494086062258067,0.00724523127120291,2.57593620390795e-05
0.673945407410623,1.16968679312304,0,0.000841203534251267,0
0.646870277220263,1.17284349520233,0,0.107398912831892,0
0.641634488404372,1.09088127208044,0,0.12508326716021,0
0.634729714678612,0.985899775017457,0,0.106667229593529,0.000145637400639664
0.793230021032027,1.0517044280304,0.0235223386529889,0.111319699070077,0.00413103524639524
0.768587337790699,0.935307471066955,0,0.117085733055699,0.0405905855693161
0.774844338166662,0.934434040339058,0,0.083397210771024,0.000150244517467035
0.742232911729739,1.04970233948638,0,0.0944484461998412,0.00649627787145413
0.749464786192586,0.944662227491745,0,0.086852700270098,0.00281813287934108
0.695584706241462,0.954713758887753,0,0.0770463346098309,0.00540482081578075
0.702652554284343,0.973226060484463,0,0.0938872621664867,0
0.700896441420891,1.00475861217558,0,0.09513155832527,0
0.671029158160404,1.02087492100407,0.00920955198573636,0.112290289635865,0
0.65321448064391,1.00844408796367,0.00339894806039986,0.107937272051818,0
0.736990084447385,0.991388560093843,0,0.044393214413212,0.00555394399081277
0.754188905927295,0.948731022562422,0,0.0558261790738714,0.00654579900548202
0.747188305968047,0.965780839195259,0.00143909223723471,0.0702140318337476,0.00254565857911904
0.712008971774367,0.976202073864047,2.49172747806004e-05,0.0815613447272761,0
0.814824364103045,0.999047935594828,0,0.0811515780274283,0
0.848850953424801,1.00616412752696,0,0.133469630053317,0
0.896648014587674,0.975271790928913,0,0.0924107648754221,0.00765048644257127
0.759348358419716,0.878566787687743,0.000938216261564317,0.0917909310213213,0
0.763353137626409,0.868999761541849,0.00235933376362635,0.0749637653389119,0
0.711283548804756,0.865072098430398,0,0.0610125744913252,0
0.71307272130055,0.993524970214429,0,0.077757644502652,0
0.729430986639834,1.00098898871251,0,0.0741883063378046,0
0.745510181569592,1.14209521804847,0.0261905277041314,0.10961891298031,0
0.653801893728313,0.974439031292367,0.000236983436932459,0.0793319152103993,0
0.60459749869677,0.966416196751203,0,0.0610147168135025,0
0.7135985051033,0.947145775697214,0.00819637227590886,0.0608216598470479,0
0.650880887779656,0.97428240279734,0,0.0847406766635455,0
0.703028769460421,0.874014111350857,0,0.126103897464711,0
0.630606280078168,0.930153386021485,0.00673948671546187,0.0914075263260852,0
0.572303702980474,0.906774808931567,0,0.0547835380452879,0
0.615343056327194,0.860300573061983,0.00191666580948624,0.0350844391645027,0.00205035855740809
0.605906360762585,0.870131341593667,0,0.0581352178060888,0
0.630682863759997,1.00894002859665,0,0.0776726835656585,0.0001954158886599
0.639898645103426,0.926905836473736,0,0.0668916472154826,0
0.670026915212905,0.912143008966419,0.00716988169703991,0.0504574467339391,0.0292632578383683
0.658055681144043,1.08778884937655,0.0141840360245727,0.0217589526145856,0.0751450435348663
0.62997183304934,1.04798002560835,0,0.0200090330305049,0
0.670200950165693,1.0404989433157,0.00578832610006463,0.00240022144605412,0.00429546605716871
0.64052198432738,1.04299951400045,0.000754920447120555,0.0160569177362302,0.000369101672110572
0.686860479487492,0.989325479954745,0,0.000290513754321875,1.29078673093974e-05
0.73023580375135,1.00112843847974,0.016643191789079,0,0.0596955224100495
0.835142838589195,1.05658123511411,0.0153576502440604,0,0.00418177838983758
0.854094768918083,1.21389212436583,0.0167210873477641,0,0.00035156729988961
0.843087979869569,1.14841903011662,0.0412347184268878,0,0.0111094601434526
0.706312689214388,1.17661670618424,0.0325865681499649,0.0204452993226836,0.0198049192283205
0.714167981457201,1.16352261790161,0.0427047861107523,0,0
0.739943386308105,1.16929470233643,0.037283521766597,0.0193516435911382,0
