"y","gpmean","gps2","gpsepmean","gpseps2","dgp8mean","dgp8s2","dgp4mean","dgp4s2","dgp2mean","dgp2s2"
2.17654538281161,2.21263660032041,0.00456722344618252,2.14582760127178,0.17174460630815,2.32837509272937,0.00864605844326892,2.6307762786554,0.0072130986801578,2.18989853772184,0.205502763170398
2.0936866430212,2.08731457896336,0.00291709252484511,2.07210615156123,0.13402643797151,2.10969029769023,0.00642949816388966,2.31818680558195,0.0080825674743608,1.29191013767435,0.220312808180756
2.44447469572124,2.31118261535365,0.0140980216776027,2.03469069215655,0.240081366270315,2.25215438645561,0.010766619712572,2.76576820990048,0.039582178002008,1.64244120254455,0.72817764936849
1.38490380315167,1.43144526330194,0.0115779338673902,1.48670198619345,0.253019504910192,1.55536709913511,0.00695999204955921,1.85132040350772,0.00789878293841536,1.20562807507798,1.49238724461619
2.14277270401602,2.17498138134527,0.00841270356181013,2.03801774525034,0.21081159896133,2.15167480287239,0.00737821011192417,2.38337776638768,0.00867388095782679,-0.141518653158184,0.381768074629832
1.42192962727318,1.42409116721072,0.00248150999808928,1.48854700469171,0.0953220161592166,1.46836742940532,0.00596809312719945,1.20571104715104,0.00850033398329398,2.14651800472985,0.807489229708606
0.802739112040811,0.814836967759983,0.00959002546369592,0.719503971138156,0.197021715104306,0.762946179479283,0.00516016073188455,0.598971621452129,0.0171790338521662,2.46987574910987,0.294149554017176
0.719455554289481,0.682609224967573,0.0457482100020101,0.692283257677422,0.348434694697062,0.940890212877924,0.0116673877363191,1.23657417767628,0.00970010539245113,2.25714758906743,0.270976508036904
2.26007339686188,2.25042789857619,0.00273487506244541,2.38706843437073,0.117244958632895,2.29197603820594,0.0116563024777468,2.23791310295191,0.033646658955312,2.30899544103713,0.5096736777099
2.00935156300145,1.95536322461711,0.00419792165447673,1.82591551372062,0.131401333463784,1.95637142837588,0.00427549775792573,1.90347870688059,0.00664965476276811,1.58819130745143,0.500250896675718
1.21183174790258,1.25320126061764,0.0129823052439599,1.18425539057839,0.253293445079288,1.23069754084398,0.00860299177918341,1.07530523949564,0.0087966406303872,2.26975793946127,0.763241761317697
2.77668186381589,2.79238228274644,0.00371519369346302,2.81903294832023,0.111173141407733,2.86281806210181,0.00336940420490262,2.60353846989816,0.00848432607999796,1.59176695999628,0.367356173431599
2.79831003527228,2.74108318351587,0.00707931159502853,2.59657661265375,0.168790093233071,2.79641461768495,0.00483167725730353,3.00774284779588,0.00441385979607976,1.76111960369776,0.653979424836356
1.20208329846633,1.24393746667517,0.0215180889300265,1.28098923648199,0.260478773215732,1.34761082302591,0.010971006522948,1.30919468258023,0.0119450569443302,1.66496619590839,0.725145990133702
3.21627548868238,3.17096939628371,0.00428466783108199,3.0288167044063,0.137384696000576,3.04944271389529,0.0106859887175728,3.08535459156812,0.00846376798756815,1.11338581889093,0.743371519510383
-0.324504461993202,0.169749724056428,0.0708162423481856,0.125586424136183,0.396357579465705,0.179751886533417,0.0173465547087489,0.739484767595019,0.0109372185569774,2.20393233166814,0.240201896893835
2.10996200546796,2.09235703267129,0.0166698504618767,1.58378811290613,0.281939379492574,1.90311674842287,0.0112795315407475,1.80915372156711,0.00525907384282428,1.34249441414809,0.220288895255178
1.71502436599519,1.71890374268108,0.00286662113930064,1.67367744530218,0.120973849964347,1.80309935385197,0.00368090631321417,1.8116527377387,0.00727835245353159,1.92831948708521,0.787598428909045
2.67394221663767,2.60631907983574,0.00391206397702691,2.53382328711793,0.140176485080985,2.57466997424653,0.00792749220020283,2.10272274586556,0.00934388220571666,0.400860994897447,0.504908995486439
2.12535575474117,2.07540224914922,0.0161470870006088,1.98325387436094,0.239225440472809,2.01372785489159,0.00645173814150017,1.8759387523705,0.00876404246440654,2.25189584882953,0.227934960923049
1.78222088016049,1.75103833888265,0.0110026806897155,1.75869111683958,0.212859677171927,1.81303263416863,0.00647111751338523,1.69997148754354,0.00347861992631681,1.63620099175379,0.0912934479192728
1.07441374137141,1.09118318856191,0.0170083179219091,0.975038067926336,0.260896145549907,1.24140963718801,0.0126458006305179,1.32123694950047,0.0117215553311612,1.79025066081654,0.260253868317078
2.39709341018237,2.40861558520902,0.00427472756583727,2.43798489154146,0.146097585091923,2.46922654825855,0.00906458347702946,2.11713152909939,0.0104347936660055,2.60403185873678,0.462270700160639
1.89078831696035,1.94929785268841,0.0296585775668002,1.39700937927345,0.339595950409716,1.87335273978146,0.00755870097605367,2.36052820958463,0.00864180729775152,2.52723141709429,0.671410770153483
2.55252260664981,2.52786793964699,0.0139096479956266,2.37676596608716,0.22423747891955,2.62044665357912,0.00676966053938485,2.19800686354367,0.0221217130837427,2.50814068517772,0.842770766336648
2.13969020597217,2.15675964587101,0.0101761770667292,2.14515403637077,0.237375227362499,2.17665123418761,0.00732347438024994,2.36087779687132,0.0228799448426386,2.09935736397867,0.716375708995316
2.64169186024303,2.59167581126419,0.00630952367039483,2.574981001068,0.195500362788031,2.64347731114766,0.0102995514789976,2.24860306271989,0.0138135751770624,0.133930569550806,1.04695411385275
3.26340336794197,3.138290797739,0.00921388657355558,2.59562654682032,0.206433801080841,3.11065557666271,0.0180624680005023,3.38380461428822,0.0192093639675307,1.48542487764616,0.354930772179449
2.35538098841022,2.37293263554968,0.0043324983802625,2.52656138529766,0.14738427726505,2.45372251394105,0.0115281435894729,2.56122923465908,0.00464057062170482,1.81273748421351,0.145065403326636
2.44287559739914,2.4413915448983,0.00773228172948625,2.39754045383622,0.213755597544378,2.39215966400808,0.00443390870868921,2.40456118631506,0.0118361996159673,2.22166428228419,0.602454311607022
0.9802164087416,1.10796143599878,0.0292053222929415,0.703657045585718,0.328971759316098,0.958716523405518,0.00620345634766272,1.08036034622417,0.0138561948314857,-0.269639109852869,0.368688600610246
2.24000213546166,2.22368854931915,0.00428855755552322,2.19729619304144,0.133444580502736,2.22471246509411,0.00626064906017955,2.01531494462471,0.0110527231916593,2.16421213097498,0.113688199875011
2.97977268469837,2.95565895088595,0.00515380312287826,2.87093804892545,0.143613210530392,2.95449359493622,0.00464544014479318,2.84523442614098,0.00385300373046786,1.53015144380228,0.100942215993484
1.40260106308939,1.4126344063935,0.00359157495696319,1.46109983957062,0.108484686554306,1.38149045761536,0.00307923987464455,1.18240966829709,0.00642841006379013,1.99711288924179,0.274229160856657
2.2693593218201,2.24148770642331,0.00484423142353691,2.22477036856905,0.171641356704394,2.20923206202977,0.00655666538962685,1.74840566293113,0.00504496347645499,1.75482428515846,0.294940824034233
0.850323322149676,0.796959910270205,0.0245023706051268,0.864795014184184,0.32282457225157,0.84789566278469,0.0115282382446474,0.679022666457716,0.0226235636782421,1.07892959597996,0.306510694873918
1.06845664911706,1.05490329426815,0.0229553072822852,1.11143989480349,0.294480097815784,1.13483058159372,0.0106577363890016,1.50106455937829,0.0117950751351936,1.44086894142394,0.853003664308854
1.8178710090318,1.82225484055778,0.00404453749298709,1.92211203289304,0.119606462271253,1.91388534956279,0.00488056928999477,2.21494042273632,0.0129202315628304,2.89721104435511,0.323837842905303
2.59702950604222,2.59693091115974,0.00418558489996229,2.69145623339127,0.135440361917433,2.65261050593706,0.00568175397729065,2.68693197315487,0.011014732320282,2.48286958622543,0.345810206867432
2.70798214124548,2.7075244623874,0.00176902463261887,2.80224980157201,0.085455724316498,2.7286856383826,0.00344699459431174,3.19874473117074,0.0238273625665322,1.51299690605691,0.418847821943142
0.875359560181173,0.758956729975022,0.00748886489493081,0.893665033145429,0.195878963514135,0.92892271105311,0.00660726060611617,0.877077731986516,0.00666383494399072,2.60769260022108,0.389903676045726
1.60213339107276,1.60745448443379,0.0134293353378339,1.42717911561645,0.252811691411699,1.49692081566634,0.0100473283300372,1.21053690582659,0.00733355236729782,-0.120292500778626,0.520968769129817
0.75911511164572,0.985954081523817,0.0288921448729307,0.776710075022923,0.313256256106376,0.83674849548477,0.0144219737886498,0.873595996610894,0.00692730855000237,2.20902191811053,0.733556663979902
1.54985280818854,1.47771825953476,0.0252602580209809,1.18237810525266,0.310929889999665,1.39637122711532,0.0114572701587153,1.17282140248354,0.0104114845743201,1.82668018411589,0.144751235987254
-0.0619563089315479,-0.432863814394177,0.260776563556091,0.026537630208906,0.443482106068229,0.298607318149217,0.0139788085073747,1.40978973504589,0.00667723774611077,2.11509283344564,0.110055476525505
0.0837463730043027,0.374371643965895,0.0596430712733198,0.446893268318635,0.383206222815584,0.493125053732308,0.0120394834846199,0.805180055885022,0.0249843934981893,2.26107135527281,0.67862379972776
1.39424025082198,1.37868994554851,0.0205199268031783,1.07388688733804,0.263435697783898,1.34180288561323,0.0141104885413785,1.27666842504185,0.0035374297485567,2.28463457647235,0.32574469547746
2.20717473908783,2.26104123900079,0.00884322016049807,2.08412553741951,0.207966216713906,2.36767273354971,0.00679587608215638,2.11030813517088,0.00588898702765805,2.45061397478763,0.410216987211839
1.37165624920028,1.3631555695897,0.0102851564569787,1.3780337945145,0.190223789398402,1.34075143292874,0.0119021921910007,1.33640255658427,0.00860450240719368,1.14975469959793,0.771181138340712
3.2043921528542,3.19826054292207,0.00313977497199397,3.15701425471022,0.130487256450322,3.26265349179168,0.00829854276976227,2.99267090080795,0.0130346402119625,1.60520194498146,0.32229612046218
2.10055191283334,2.11613115727796,0.00154572355761224,2.18223630406045,0.0518480494686862,2.07959393535196,0.00272986055963103,2.21574897211909,0.0101986703791845,0.445317966391881,0.285853511550031
2.28465620232253,2.3040737377799,0.00405466077961987,2.43750707296187,0.131766627125615,2.3159092143547,0.0102009883778011,2.50183020109861,0.00547913678715435,1.29580639561979,0.484338631539753
2.46908619823308,2.45723088476651,0.00364761997690511,2.43782105808257,0.136287848698839,2.44295177663909,0.00951223966345935,2.18087607248978,0.0215757324917919,1.01397068276088,0.373400645848733
2.0762728747664,1.97196613091154,0.0134827817893545,1.66887546123224,0.232359137618971,1.82886281382497,0.00787298586138739,1.94501722711908,0.0168376856918528,1.82321296438982,1.15075150114819
0.340878973771013,0.655545094539478,0.0617525955552086,0.522983510950267,0.396160566502489,0.789212512332333,0.0146440771048591,0.832671300214819,0.0110098589912603,2.31593516074646,0.586437869977925
2.18597000615345,2.21243124005567,0.00501754090627748,2.11396637636115,0.154038974292644,2.17246364411372,0.00651192382833854,1.84215392910764,0.00544890924924817,1.39888833279219,0.80774171029251
1.28893734110583,0.780220338045464,0.0573502916434184,0.46291190047492,0.378655377740715,0.614808334439256,0.0182684367501319,1.39554589710431,0.00944898684349886,1.96329156380693,0.802094147538334
2.18807500642449,2.15677719557663,0.0112524608437286,1.90903172600152,0.237047469445804,2.11746469463241,0.00748439677281982,1.66506272292215,0.00576823984078978,2.28978798916658,0.518139351199676
2.67510887320795,2.66497603818292,0.00249787177150714,2.77167299546954,0.104527702995672,2.68955240810776,0.00576082566554629,2.73868104401419,0.0143250373535011,2.13635630199226,0.929651722956122
0.0684641271624345,-0.00216388968334035,0.0340964205189917,0.0977130347165391,0.330972899033901,0.023509096094076,0.0181947736243282,0.628776919081366,0.0200992977887313,2.24712476890979,0.390469681845644
2.00172292975095,2.04705837203004,0.0173264734493744,1.78565356695922,0.279965596914286,1.96853525661846,0.00541099632707123,2.03326455700363,0.00629016229514636,1.54019917728423,0.502249515377979
2.71001732639459,2.72366501078475,0.00281974187198959,2.76409395777291,0.126195732851884,2.7748993010336,0.00576564222789325,2.78812842910524,0.0125719346111369,1.56904819595924,0.318368738630939
0.225601645621165,0.359983996905114,0.1075347945156,0.261216512124573,0.419199810592086,0.661159545197489,0.0103247082029478,0.782405278211669,0.00889227205453089,1.05301834443252,0.95581379976528
2.34025512624074,2.32898816130705,0.0112176815161388,2.35265122843813,0.227723967171189,2.3622822112419,0.00470758430766453,2.20522943447114,0.00678971393223726,2.46121060971125,0.460392044442645
2.21428454938087,2.21858840237762,0.00483544942237147,2.22937224218754,0.160670545333912,2.28691302858142,0.0062195207616933,2.41934619237971,0.0116337768819493,1.87858673748548,0.290730735166426
1.73205955035382,1.73369653588922,0.00535531956838027,1.81366834955779,0.136409722391913,1.78412454361807,0.00453440168673822,1.77739266662689,0.0415343385803059,3.54613907847641,0.116622517657178
2.41565114176234,2.43715025239594,0.00382436904391679,2.50993800104433,0.155305734586269,2.57194154936568,0.00636160699481759,2.75130544497377,0.0130867656452014,2.90909311674604,0.309748329165623
1.84966005140567,1.90392015636772,0.0132582918522271,1.85662429824424,0.254568632212561,2.05140136688658,0.00894553435566889,1.67059431067543,0.00596305407325617,1.81274927534619,0.210077760121236
1.24116316697563,1.37401546633503,0.0490103458251364,0.708096801053133,0.377303261246761,1.28348452378483,0.0163965653621402,1.18602219580062,0.00964294705206791,2.58535772644256,0.508240906063153
2.6903875556941,2.69684920946856,0.0038684925362314,2.74343559957932,0.128188245253683,2.78205528747213,0.00570397578590472,2.76514934252033,0.00626255505591405,2.26985311759658,0.286740541566757
2.00767674925217,1.98995946554544,0.0122238483349696,1.83744091800537,0.236124757714231,2.10090502435109,0.0103611455008052,2.16021263642298,0.00388569299170215,1.14060791528565,0.827331289524617
2.72639910717746,2.72422946689611,0.00617293633287196,2.76087673977748,0.16631447478046,2.71732278673069,0.00649138131779428,2.78513454082416,0.00361622450953179,1.37049135433617,0.245576736655852
2.337777838187,2.32500532748358,0.0044785893445562,2.16233161830743,0.139379856915152,2.35082636937592,0.00481643634320172,2.28569798611613,0.0139608587107594,0.274184504731688,0.985589042204059
1.4005086344607,1.21807900393767,0.0294601421532652,1.15000503267108,0.300045688482835,1.27054441887799,0.00936948965815268,1.42464162731677,0.00689373471691846,3.10682463010716,0.337893403601496
0.925619444244065,0.663699763055377,0.04904837884446,0.517926623512978,0.367998310064872,0.659901466671304,0.015668739324583,1.48892761714674,0.00888011599130928,1.88309070639047,0.58223434651146
3.15373040776584,3.13249111384901,0.0019629960903434,3.22992901289451,0.104434980957776,3.15939776874358,0.00579785582067346,3.14120712508323,0.01001363455648,1.95353689861758,0.324484032621289
1.96075548509047,2.06114036971496,0.0111008018214358,2.07193679287771,0.237934849532793,2.27249947616437,0.00841499070854286,2.53073856267721,0.00578565729703177,1.73377071582082,0.45769211831479
2.06740157846602,1.98305746659012,0.0163707840660006,1.62303722228836,0.234014087909829,1.84142021913267,0.00656343655477353,1.81463113834225,0.0106911659053636,1.86498274596661,1.29209180736263
1.77631701508582,1.77750131095334,0.0101433776556559,1.63858811882697,0.2423017449214,1.68201801348266,0.00842095746746886,1.27099790685319,0.0137994136919087,3.15235457605813,0.165461879495789
1.47438485266024,1.51756999242969,0.0105625257985136,1.53237757519394,0.244088542192488,1.66724910779694,0.00829964440283517,1.66965911379278,0.0117273549442322,1.5287995676005,0.429900804104264
2.87207380547988,2.85600788709906,0.0034471481504084,2.73246878184836,0.120774778431834,2.84620209193315,0.00503773922950852,2.87946030467003,0.0464223866687322,2.37002437134906,0.213909948865997
1.22594545262688,1.19000658566626,0.00862479066344966,1.31939194429446,0.199040664180641,1.28667401444755,0.00595352545412538,1.18949617801204,0.00704129062691542,3.22425675451387,0.263080386755908
1.24637800577832,1.30414653985423,0.0179621072792318,1.33793764976779,0.286167072820913,1.4681387420017,0.00532417924638836,1.43142739581118,0.0114291287780822,2.49271476826087,0.117533878311362
1.35704938901859,1.31301952082813,0.0217203311274,1.16562141236764,0.293456001444176,1.25063418855308,0.00594164959216357,1.30085840566055,0.0179641877787907,1.90929833234274,0.514056166549491
2.73565780878382,2.71311254973052,0.00967695425516613,2.09953879888542,0.239493885718438,2.61406943443688,0.00652677222097242,2.11388550164287,0.00615249848226366,1.69591143928174,0.144871735394517
2.11514460164172,2.10711184343207,0.00432654947376762,2.14484010540255,0.149280887207669,2.12690376987645,0.00865490831848464,2.01536811872715,0.0163220367675256,2.10908561642074,0.347896093100581
2.040798973646,2.0613537347252,0.00431284388926388,2.08107279168193,0.145052775788971,2.11866868875961,0.00621806511701821,2.12899301676736,0.01575286287604,1.67425475156078,0.5028286544436
2.61194203810548,2.56377277250177,0.00889768697291849,2.13460077291166,0.187116828823897,2.35177503427718,0.00865124589221828,2.3789881202227,0.00763962014061303,1.2116044597112,0.829843380274853
0.541643171841043,0.55251062566971,0.0676950934798428,0.526772155620011,0.384771707997988,0.787423703127451,0.0087366242252691,1.407412633865,0.007654580836542,2.64587073184785,0.681245124516946
3.42491918959577,3.40126299464516,0.00359426581415148,3.20254298399547,0.148712619088909,3.36467835530047,0.0087835669158762,3.10213451045073,0.0154715953809772,1.19332683901079,0.509345096452641
-0.670472361441041,-0.59399273910288,0.0867133624289741,-0.178305991683668,0.394932952310796,-0.37275491394772,0.0178694546488126,1.25433638777168,0.00803208198365206,2.25989413030564,0.217537256936541
2.3091350420234,2.35481955833317,0.00456601041481868,2.54605319106485,0.155970296759534,2.42227810222268,0.0119604793074646,2.40109835790928,0.0110800394653988,1.63772643151455,0.894945431927658
1.64385469337519,1.64386094827643,0.00737366687769576,1.6560255846875,0.189734043558436,1.78986525327081,0.00750852922426988,1.86688976487593,0.00848178077284414,2.137292212912,0.182713021494053
1.69721693263539,1.65228400967488,0.0110562747404442,1.38089835281475,0.237082638503041,1.56097999092291,0.00686004452647974,1.61939815264296,0.021468239231838,1.74248592448618,0.131197926770388
1.17490316648116,1.22080881541884,0.0196799924913381,0.989428425601667,0.265183470390148,1.10708997648083,0.0126085872617947,1.24479618464156,0.0103502700882999,1.99748221010586,0.0810063545690589
3.00230892311056,2.99147620908985,0.0115819949421102,2.57761884305758,0.252651128860606,2.88825990714421,0.0179252420426072,2.76252825354094,0.0112396857262435,2.38100545107015,0.181031708453819
2.15615816231115,2.19022732740677,0.00989099694936371,2.022751282728,0.211951552528582,2.08624970819431,0.00594946472904716,2.05642708198524,0.00834810475963298,2.4775766409637,0.59924180249068
2.21939634672443,2.14642810848238,0.0277599819487934,1.62642371112417,0.330930050046275,2.06265810783501,0.00609910579592025,1.90920712264515,0.0103322876788162,2.11748979138491,0.174621966493935
0.0259807007353345,-0.0214543230689593,0.015713659542553,0.135349083277628,0.260318808658838,0.0387764553891033,0.00881408690985061,0.236953979301037,0.038122378359728,0.408048455267459,0.618632365253486
0.443649742621173,0.361404891154253,0.037579137522366,0.418863413178431,0.361489427396103,0.552223625549,0.0130794163882623,0.893030785505014,0.0120841288259838,-0.272192279676429,0.404630347169749
1.88631134972646,1.87902839166182,0.00270642493747195,2.01968320213223,0.0965788287916114,1.93345347229276,0.00573215679485859,1.81991872790938,0.00724646034719504,1.29064308096869,0.188459480329889
0.872050968839632,0.82364977701729,0.0147810659810757,0.874461434112905,0.208263669442636,0.893677283447545,0.00770756337890157,1.22476457814472,0.0150219013510515,1.22969464043028,0.685325423787505
2.71005842649577,2.64966478871538,0.008750490968217,2.21751866918448,0.216371597058263,2.54881087388391,0.00690837249766499,2.41270275084868,0.00245790160552211,0.540062454147799,0.872157662892148
2.5919105914873,2.52956902086888,0.0110201168310594,1.95942849680498,0.238629504769735,2.37606808785085,0.0168559935894728,2.08593095475054,0.0107335319026297,2.12684767658301,0.108089345356392
1.19398432305984,1.15029051617274,0.0272016870401096,0.975279943014428,0.295556504907381,1.30290916852915,0.00786547111798184,1.3647726477105,0.0165666583438364,2.5747341571205,0.118774735366555
0.342581746333689,0.488511377604646,0.043181873086417,0.524431805693558,0.324851502358854,0.666320508151552,0.0119457491369042,0.921407156586138,0.0139599284592722,0.415501279490214,1.20866008597195
1.74416983345076,1.78353227576655,0.00543200093766288,1.8220644864204,0.186278131898265,1.81564157832423,0.00872721082029847,2.24265395478519,0.0158230504233874,2.19750695315825,0.551974038789887
1.98473351166945,1.99708267729165,0.00365932427392895,2.03515092649759,0.157050129950998,2.02456770999226,0.00615490304792275,2.40813676743955,0.0179405093231311,0.668587622708317,1.37230310181519
2.91856119761503,2.90655669824094,0.00318032350895846,2.97817154412817,0.12252908650477,2.91263431654457,0.0078608781080128,2.49835237169927,0.0225058765567982,2.14560223270097,0.4084542136938
0.00945777300814115,-0.171982986470501,0.037944734657493,-0.00415935813357765,0.329008192408843,-0.0421168337647742,0.011932595691805,0.327901048682953,0.0261337168921012,2.88703679382423,0.25018259188607
2.2804842041321,2.28297123861074,0.00658665191642649,2.26425246430336,0.210731237334138,2.34805883881815,0.00672566619437937,2.18620425165374,0.0116257824676424,2.184656421181,0.0950447785538252
2.71233166036852,2.67690447652738,0.00744439254501959,2.59992810205226,0.181094068503483,2.73820809892387,0.0101646202636005,2.89344462955989,0.00569201799419987,1.77160128221049,0.308939316801651
1.60744119592375,1.62362347677606,0.00850422331839392,1.61391108794646,0.206270843208161,1.4782735017605,0.00496488317093986,1.50161308783644,0.0115113380333608,1.73661795568946,0.212608658794687
2.7942738873276,2.77573011025218,0.00936698901091816,2.42992900392263,0.210267107928445,2.6926732316384,0.00712205801080225,2.50686198315484,0.0192048560525171,1.93185876223141,0.501657239470877
0.372051876427464,0.446629340617144,0.017949299989375,0.40610600293764,0.258657064477797,0.453890718236686,0.00950768953656646,0.489701774286048,0.010838651812468,1.241225185039,0.200727443794567
0.575126510548647,0.756457781622587,0.0309143750997052,0.611101285292837,0.338831317104503,0.648276360232977,0.00979902504290951,0.758765291137129,0.0170096292101427,-0.269680291262209,0.446023634721712
1.30691365736657,1.30879514465313,0.0150089767984728,1.42848120738437,0.232117965846449,1.43111346346391,0.0065302948966439,1.65003997162253,0.0163943942066996,2.60252791335148,0.573526831901698
1.59290868617392,1.63079457106905,0.0119004392660708,1.74922197523006,0.266225579402039,1.63934386203452,0.00539794399375209,1.48000638447945,0.00945402013199809,-0.269055269636434,0.398775237006608
1.08234241535901,1.00626274439312,0.0211099981851103,0.921800564525536,0.239068293490165,0.931502226086673,0.00776512706103752,1.50607925848468,0.0129192153852115,2.04793576884957,0.529323204829782
2.34415124211867,2.39956515914724,0.00633737410639326,2.57224517404404,0.201772725340589,2.36891278607784,0.0079738327554096,2.53163240910347,0.00954156737761596,2.3419216221249,0.146955013813344
0.853500053822509,0.9109822141511,0.0227238623293931,1.04306294004176,0.311885944958652,1.03982505296525,0.0084693065311791,1.52548987072534,0.012663346832849,2.02678618095974,0.373678859046091
2.72465079130725,2.65835706979174,0.00580792586938394,2.22385705661292,0.158340758307418,2.61269412366157,0.00772245405324935,2.11675052243857,0.0694073605429548,2.3761581800614,0.198285215724067
1.24902044012569,1.30864659223834,0.0253241373933708,1.34770117521986,0.32264353164614,1.34898245320851,0.0123719661295951,1.49578465179567,0.0147382340096694,2.9074617590927,0.629874853982
1.66459765452718,1.7180854155059,0.0174877990180431,1.48093789482159,0.249050612145652,1.55131188860614,0.0110013337599488,1.3590251477397,0.0173880999561188,1.56598789412598,1.00597445908514
2.31581472178342,2.35273099606971,0.0084638578266669,2.27040110478209,0.217029666825163,2.4279556186335,0.0104435649140674,2.47644982229042,0.0120367676945152,0.99093547826844,0.344681404380402
1.19228805240293,1.16687926873877,0.00965654644253299,1.17504285757708,0.234331003158021,1.24527213871816,0.00813403461212243,1.44217613285697,0.00436543585952028,1.51446624227694,1.00451177127618
2.00506686953897,2.04294254341259,0.0139527009123285,1.85672812717065,0.239185164396837,1.98928055104121,0.0124091760657479,2.08751529813001,0.0100303938570032,2.16990857210619,0.168875357491078
2.90665544620411,2.91712695877605,0.00256500313317745,3.06759332880919,0.103797110531478,2.97721342140087,0.00463016207566954,2.88411620739029,0.00808719747997115,0.861936399868317,0.86435916435335
2.54142291259933,2.44400838140427,0.0167310732631423,1.93540177412435,0.255679741208048,2.40858427881509,0.00819150830586943,2.10630217567465,0.00688193198598758,1.55225944977671,0.949376602704539
1.43958821994267,1.44346227080538,0.00659852660441535,1.51997584227505,0.20237430634896,1.5421689792116,0.00740338500930345,1.55900985882338,0.00320500567280175,1.27405984011502,1.23875297483584
2.43321136875047,2.43106679336106,0.00474244725862619,2.44330545098354,0.153048616610221,2.44555497223718,0.0083116876610488,2.22013292643272,0.0282783891853736,1.93629291248362,0.308736158910272
0.933761937096403,1.07199186655473,0.0448330595849011,0.707525460401545,0.376014399123282,1.07569100958213,0.00944507585651892,0.980048754277676,0.00984145689371407,1.07437557772153,0.990311072216974
2.43418371899669,2.47359732200243,0.00314626991807675,2.61562788817626,0.111807256411481,2.45232122499998,0.00506829333340295,2.55604434339805,0.00344681168852639,2.47655139985506,0.489372670390908
2.18717780049663,2.18418101654883,0.00699558413885032,2.25313814778186,0.192758084432391,2.21011127650812,0.00651404409982178,2.16321633541886,0.0097448023759475,2.89619421843803,0.24922330727239
2.51134340382648,2.5212814108976,0.00714697741802821,2.48730962320724,0.170505247707362,2.44234249272383,0.00786245685253566,2.43312632689353,0.00527711362042887,2.36635718488617,0.325389318471933
0.835574944917901,0.811781434669572,0.0148823022921617,0.874598131539684,0.220783526638654,0.866758182655751,0.00634761090416828,1.02541849472304,0.0174824651048041,0.389681586616101,0.960443372062743
2.91533647486836,2.90739258360475,0.00580145348572453,2.93426507138935,0.174578287656932,2.87288137332713,0.00761966147252759,2.96007742960877,0.0176868586482715,2.37221880578765,0.177129658396755
3.00518613965852,2.99729252579004,0.0147918106624873,2.45285712045963,0.260805615794624,2.98943924798983,0.0179611441657338,2.91576639942832,0.0301785040633301,1.37983837912005,0.372243860716149
0.963004003091964,1.01408577279401,0.0185679031034753,0.762269137464057,0.240813549141961,0.921441026705754,0.0134476535815405,0.602728131851492,0.00774765960066125,0.135964683050578,0.383460142175375
2.6400596875065,2.5921787532562,0.00630241616259937,2.31478768099657,0.204777617567665,2.47082943715241,0.00596572913942836,2.33789788688529,0.00993462376157819,0.36418926260283,0.823838194112946
2.06924468379867,2.09045482654288,0.00564980157118404,2.0059222974302,0.183357377957688,2.11178454188532,0.0193718793266615,2.6666298355969,0.0060787746403676,1.21263985898122,0.756425162463493
1.74260364623091,1.76939832672787,0.00863063307940501,1.71024967095832,0.240259907704656,1.90400915200246,0.0087131456305815,1.8198889215027,0.0145683057106516,1.54757107874619,0.817008198893286
1.66611439121378,1.67024008841314,0.0128395193081322,1.66106591582522,0.23537475659038,1.7192477543207,0.00714786578009117,1.51134641771352,0.0056115221499174,0.760184972790231,0.340509489960277
1.01866286350026,1.09487787799341,0.0267489846288875,0.881767596558971,0.288324102070926,0.98418157375407,0.00720431145391144,0.84238719869861,0.00793476800103192,0.311380441471582,1.02612470693698
1.04659799546888,1.25626998400268,0.025215075084018,0.713750043220009,0.349691200302464,1.16713229036368,0.0131243080146405,1.12242539163163,0.00906085716989477,2.20149917969892,0.284326679219723
2.7313179921518,2.73516315359854,0.00285309594052131,2.79033563458703,0.123297896707541,2.80812589093326,0.00763716312861534,2.61050951038176,0.00485983790942264,1.44751805649004,0.340581064723756
1.67896044022382,1.71221627175274,0.00787703236206409,1.76041286926324,0.239811534410167,1.82967686454775,0.00759966566924344,2.2198327774928,0.0168985266814108,0.407353416006463,0.389036284238643
0.790084725877871,0.839636131003759,0.0214789341380695,0.883427676745346,0.239360823726514,0.868204576869355,0.0063976034209341,1.11436977779072,0.0142346747783444,2.3727307697568,0.656989316230224
2.97316079039832,2.98893135133127,0.00629159223657546,2.77733373714023,0.165533801256035,3.01381796538355,0.0061225203876299,2.87667696090021,0.0201113281231905,2.80315583149159,0.369318894374003
3.62008357997214,3.5764253017426,0.00567115349224469,3.24983985515553,0.187806925240777,3.51892755548769,0.015480066472321,3.45174892116535,0.0284173966312861,2.34535948607657,0.613467534631172
1.54532029472068,1.64062792681586,0.016001538287062,1.36654990093752,0.263179277867316,1.51029277267004,0.0136545387874124,1.09294124984535,0.0140100700862137,2.57661609640421,0.486810638183598
2.14045228097318,2.16388271998966,0.0048879041275678,2.21820850209571,0.162589365644567,2.2257995826385,0.0115010774775632,2.46360129506483,0.0100653853974928,2.40655975595954,0.543700078235367
2.91760603496465,2.89329716809871,0.00683252178149121,2.73817753933468,0.19643052116834,2.88656200343892,0.00578127662971112,2.73969514403287,0.0297773619667727,0.446537660152531,0.478529795852693
-0.633721466324326,0.0128699786524063,0.0954840371496249,0.0456588447605403,0.410801129059565,0.0493511534403324,0.0227301083672095,0.61313787436245,0.0217032923783376,1.93631458996933,0.266572436922629
0.274875583547976,0.285562421220489,0.0493135398740391,0.400382944422798,0.327265117777533,0.290366672578942,0.0164684942665421,1.27410808966636,0.00613719881860377,1.31232716235148,0.353684802748314
2.50653453550454,2.43873123092518,0.00928788620287166,2.21091016496268,0.207777115817145,2.49811023585691,0.0134168123042489,2.58718101182567,0.00793535146701562,1.5344515611648,0.821414443278904
2.91581296968505,2.90867313357436,0.00479388630602228,2.75991617092105,0.13103537261593,2.86954171837421,0.0136415206836215,2.98670625935723,0.00728437381069226,-0.24473080580017,0.360704664533997
1.82690105587893,1.83667517126309,0.00639124037843487,1.669505056077,0.119308020082585,1.79999611366886,0.00462663418814916,1.7118120007323,0.0118635246031032,2.10578920295158,0.414875446707558
1.74701488464585,1.76807546751346,0.0107799705441821,1.80027898747806,0.218904764877893,1.84909452437727,0.00742520329504573,1.6520998449974,0.00605267826871988,0.744303170077055,1.17078196815863
3.1166856757877,3.07645814172538,0.00410350036705925,2.86554106060197,0.15500781925374,3.10287460102538,0.00664731862719019,2.8349918678787,0.00971385371423608,1.54447259190854,0.342603488173242
3.05430258225771,2.91461844977287,0.00764407242493118,2.44807954061818,0.187445178733062,2.79584220699019,0.0111067692574367,2.69130014220022,0.00421338886686809,0.276784595797627,1.07990160308906
0.92535901811378,0.849400970481205,0.00430577978081829,0.991433723864635,0.153945949284806,0.966516675596214,0.00466881040183286,0.88756364631309,0.0157981624394587,2.02498111686994,0.418320836442592
1.03007708959296,0.89536813332697,0.0525584515187332,0.76467963955331,0.338873365426387,1.04935049994686,0.0129195139375286,1.34603050079476,0.00504039183211069,1.63269534140197,0.411753537842865
2.04813159161811,2.04800404654986,0.0041522311415543,1.91190156359017,0.139531512524568,2.03842378220743,0.00628609574696781,2.22647732753202,0.0160414563655598,1.0637640305224,0.847300226497253
2.91996824080543,2.89848377920003,0.00274655323007292,2.94766754665329,0.133067287121375,2.90726690517178,0.00768600151071889,2.98826837563841,0.0120290656501006,2.34365472143116,0.643705179728859
2.24876602461537,2.2778138139754,0.00295547374363034,2.18674295125684,0.116391912755408,2.33977345181357,0.00690096333359292,2.61168047802265,0.0148769752521495,2.61981581519226,0.193589129521088
1.10524414391515,1.07052637702798,0.0162224125317862,1.05092510531903,0.27214225695449,1.15724147679832,0.0081102934488093,1.10738025711163,0.00476269863805104,2.07244268096836,1.08561252486763
2.25969686459264,2.26852218925924,0.00828023369610936,2.32902528489353,0.218783814544224,2.27557912374156,0.0123019661067966,2.43296416786962,0.00374290507863884,0.955376186179578,0.217458479896439
1.45403272418671,1.50688682953509,0.0183356226952319,1.34236749655017,0.261667506066028,1.41300030563933,0.0123256829818129,1.73830502369407,0.0152998241275327,1.40070818260079,0.844151976408204
1.67935727401531,1.69753097757304,0.00737349771873422,1.78602961111934,0.177577311055584,1.6816748178279,0.0127729067270406,1.60263313835657,0.0165215106402861,2.77653701818849,0.363422091432381
1.91793593954049,1.91695078445791,0.00486142732339902,2.00920716543808,0.161704778944113,1.97867418549133,0.00754554805232506,1.88899406433738,0.0189441162557438,0.533313502714871,0.447785526066729
1.55227670987242,1.56899945326926,0.00719143761804873,1.74447715407777,0.207332085792588,1.57239367275748,0.00540168405695104,1.76203088796425,0.00739437748313647,2.01415698199158,1.00396560546777
2.57655744484012,2.59637128733901,0.00250828490273161,2.75027978136084,0.104343922142476,2.63425853016359,0.00371438117968139,2.47600799019655,0.0117428503005311,2.72741778178944,0.290757982856347
1.60028825722416,1.64564186555315,0.00924169289507095,1.56152312185777,0.204863453815696,1.73059382227519,0.0068386109433468,2.31760454076331,0.0079651564119369,0.0784908896818506,0.483304953263433
0.66852645355368,0.531175762088439,0.133101725399931,0.245432284540183,0.433665897371671,0.7229656948112,0.0261336059663294,0.96711973892405,0.00619295675218041,1.50920668353319,0.0813210587369912
1.78337686307218,1.78942870319655,0.00914144092366981,1.68847737264595,0.204100147413733,1.68188740980333,0.00570961451742722,1.39620846453097,0.00554901915003557,0.22236212222345,1.02508961579819
1.97969889529164,1.96489742170921,0.0186395566712615,1.68704328484137,0.275854882485439,1.8697251403867,0.00563808814161714,1.57019347290773,0.00501746017809559,2.33006916918036,0.550872000283899
2.13551887670385,2.14362087588351,0.0114101413568571,1.91954463704852,0.257782610093066,2.19150782353014,0.0155678691984787,2.3244582573187,0.0173070342044091,1.63475350146239,0.365492877368347
2.21524787895796,2.17252005806196,0.00784595568549642,2.05414587732374,0.176792038222479,2.1603784160568,0.0051073961815795,1.92653619300615,0.00739519715497927,1.9792445257686,0.418627126908649
1.75866552415938,1.76892640290099,0.0220327930253994,1.49899064794015,0.30837840901504,1.71900479661749,0.00998912443650997,1.90874518687542,0.0265092577287019,1.37364881160209,0.7165120862778
0.852618265706929,0.813704497018289,0.039040120954408,0.692955023095318,0.375383332288835,1.22317131135989,0.0177495544071389,1.07442032208314,0.00662309023150446,2.59013725636924,0.237391276400331
1.98533369713323,1.98242005758071,0.00703840886652968,2.02620384164822,0.201659797816752,1.9031677133017,0.00669802075345532,1.82621161410376,0.00869726224202287,1.56053300615261,0.196884519931054
0.669550380628922,0.660951985798046,0.0812599277084387,0.524019756075405,0.38112082202059,0.868899482065858,0.0177086401981293,1.27681648067543,0.00641028193324447,2.5332117201174,0.381310146241137
1.94654036628737,1.97662471831653,0.0108279379927899,1.65479573167657,0.222319212067618,1.7906178821756,0.00612627766385069,1.77448219592662,0.00646185626410431,2.80128717834181,0.557491398558761
1.77015871846213,1.7961746463526,0.00704498292139812,1.5423096504511,0.187207995334658,1.64866187236697,0.00440568622449379,1.28979904823423,0.00697580941594049,0.159561103205202,0.425931555891666
1.31462353212237,1.32189657749552,0.0118311667895028,1.29673830010475,0.248731541046475,1.42879186585064,0.014288792973884,1.41245615852156,0.0084915762663584,-0.00567171813273748,0.479277630994417
1.53980354119695,1.53223622035879,0.017850322924427,1.57418310103193,0.277710077012645,1.53912263426555,0.0118267607623029,1.53296437636839,0.0114970776209043,2.5979586644699,0.0958790632690853
1.70727145815648,1.69723346354084,0.0114481211497237,1.56624192262813,0.212126723975729,1.72694557537582,0.0103745274724784,1.56544089157117,0.005401335358909,1.66770533754099,0.940385746149474
0.839324284347093,0.896679192604731,0.0415882337897337,0.997513830003143,0.360334820011318,1.25208094450166,0.0155250637669643,1.40666934702329,0.00724437474727015,2.08980927025697,0.33233914979096
1.44424078327769,1.66280947133072,0.0646633042774389,0.880671830034696,0.397277244308379,1.51162743818146,0.0225801628343023,1.67920617453937,0.00536128882941455,1.29488168767851,0.913518580659898
3.18051711348884,3.16294175386868,0.00347831525557534,3.0882489894652,0.143475909272452,3.22121348286114,0.00712859664146412,2.69810958803817,0.00977932210297152,0.539374040200746,0.697297510556039
1.19583585740915,1.1290863161236,0.0176942359479187,1.07199552590351,0.285547940643117,1.21359885206834,0.0145851071970711,1.18940525435609,0.00831340958860374,1.96543732519924,0.182559610149953
2.28617464886261,2.30039869421131,0.00599110948331777,2.20709725624229,0.188785505721502,2.48241669592727,0.0187464385962508,2.82670132994713,0.00442779671442326,1.50941676435226,0.466856423188234
2.92352131474401,2.9136994460196,0.00712833184878151,2.73957203810629,0.192197606744431,2.92942672249212,0.00791698467684871,2.8486111927254,0.0303173762908484,0.706692542764371,0.912924386899729
1.33478292368997,1.37863594925142,0.020059188009625,1.28985636833583,0.275751179059873,1.41511366756982,0.0104934422776221,1.48504146287807,0.00608019705072857,0.631857480537162,1.13026756884777
2.64616419626809,2.6566812715165,0.00334202382190677,2.77682392180105,0.134514525402179,2.69508097027181,0.00627869076322016,2.72723494059717,0.021802188634029,1.27875207524637,0.283916205774053
2.08155059622623,2.10272406704763,0.0024086665919174,2.14448216431395,0.119038550436301,2.09353095071458,0.00727646680449025,2.20956939658375,0.0184071898778973,-0.654005713289568,0.749699644109792
1.44352791507546,1.44269458712097,0.0100349581885949,1.42417251859173,0.202069329159742,1.48337327129563,0.00559381389726114,1.59762883277239,0.0125589852897379,1.57309757200752,0.449739186653837
2.31239272743082,2.31502095066487,0.0014973871694279,2.30872847535566,0.0865892377564848,2.32391280385492,0.00500964729300597,2.72680528907099,0.0306481378995578,1.11395982873279,0.264381488521479
0.585530597880922,0.654021507289154,0.0255450895333029,0.581639195350456,0.327869948012392,0.601107567793651,0.00705104884635212,0.832856126103861,0.0284495533080735,2.30376844981088,0.459536911299469
2.16082236407243,2.17548126926164,0.00198030342834599,2.31860014121926,0.0957310626897696,2.22123758690839,0.0026078461975922,2.34156596861032,0.00648723383854202,1.58051111037481,0.371194929671089
2.31175281202606,1.65882743821828,0.0454081367707792,1.00831465282153,0.345917918901136,1.57320895590759,0.00775524990690341,1.64138351745263,0.0141174728256129,1.66333063299315,2.24119734186889
2.8252181153363,2.80310752264097,0.0044554052417177,2.61023506680861,0.157825589980147,2.76476108651673,0.00486993467744935,2.88872505583136,0.00569882280343497,2.75647832782906,0.288819298737466
2.58736708024001,2.58031954400002,0.00308806408237158,2.3587992913247,0.116096418675185,2.57054758356039,0.00392717944199139,2.27934118568784,0.00796781514569427,1.34364157257804,0.106739856279307
2.98881548534206,2.97705152471582,0.00994783357120409,2.40302119600163,0.261833275442851,2.89772279577323,0.0181093026541155,2.35838295205283,0.0123505697612664,1.56171411330209,0.240427481094118
1.82457733821174,1.84960865391492,0.00397330807167109,2.03347607064289,0.16108305861558,1.98644396600022,0.00760697326218954,2.35342955263797,0.0136931473669705,2.46289899490037,0.351209209768081
2.63861151480915,2.59091630639746,0.00686101037330058,2.39399742254371,0.226425666964623,2.5119056998109,0.00923847001133197,2.16022261777529,0.0129202260952178,-0.0590488504861289,0.345253535395437
1.95397658889274,1.97169765586757,0.0216496198318458,1.41995060018621,0.307807669308146,1.89790747242688,0.00678266579800745,1.42002971585062,0.0102843760569906,2.11966339682627,0.167627085747184
2.04410357906512,2.06330434887445,0.0363760881811316,1.23056154998445,0.345213729173106,1.86758420253932,0.0185021523915784,1.62096763847919,0.0108499066208737,2.32403740953442,0.486531030535664
1.42478569365498,1.42381237462218,0.0113698802722248,1.30907146475784,0.249208480971078,1.31533767831176,0.00565955870712281,1.28293359351596,0.00891082002953925,1.59421350787807,0.702147767050558
2.15114103482693,2.15231141827899,0.00563027490770488,1.92056419161974,0.117856831383247,2.09629884088417,0.0049662521481433,1.97495332258242,0.00792096019251198,1.90997579707543,0.43679059764674
2.20680414241055,2.25192665639874,0.00755042918511744,2.21435661180858,0.191370510194976,2.11512541797781,0.0105254605233453,2.31948418695854,0.0107116053213914,1.0578060157904,1.47973432283606
1.8672808115827,1.87898343156935,0.0137264123029326,1.52027731366738,0.249091878738887,1.7998849517351,0.00654250290366205,1.48530772759179,0.0194766451211674,2.39228533968486,0.429653208354812
1.81603710873363,1.77370156514876,0.0139661935601215,1.51570483035214,0.282415456286767,1.6926895507703,0.0135371379700476,1.29694203482863,0.01312467438044,1.28739192716175,0.0592432618697586
2.28443698292155,2.27893536941723,0.0100538496889614,1.9791031445189,0.213896918901006,2.134093180666,0.011728397725601,2.16644327490455,0.00784063201724305,3.25269953140249,0.148915684482156
0.713208310132381,0.685701305526958,0.0204046887550003,0.787294164440321,0.289450022644536,0.648747531555105,0.0168131921644378,0.91987302666003,0.0178104789398616,0.594338926312854,1.15444801578144
1.12561359368796,1.16123415055858,0.0192323611645363,1.20461217808365,0.271593215595297,1.39722110980674,0.00840462302366336,1.61323922949355,0.00669780992804229,0.0530054325912319,0.388882571989876
3.56518163059028,3.5581806179961,0.00266104848917559,3.72772817808546,0.112602731915612,3.6160560955496,0.00620746604548228,3.59801905910834,0.0145850587533207,1.61249116909841,0.498630204999876
2.0927510034715,1.93096013922087,0.040603428097592,1.23025205667389,0.36065097092442,1.98358941126584,0.00965349365898159,1.72441278241093,0.00691347689868767,1.40994982834689,0.27392981513516
2.11131567116224,2.13327136871153,0.00310820066124455,2.37092784805814,0.124638968280817,2.21167444454341,0.0172325314849784,2.44039113281558,0.0313995068199623,2.13224277175611,0.536487244079187
2.85964243257374,2.87053775435723,0.00348254531612127,2.9566606449437,0.128540024934295,2.90831312321346,0.00554370422666066,2.64962374762791,0.0132823038440025,1.72875082980914,1.01527375660215
-0.691273880023944,-0.205806285682421,0.0235840936273575,-0.202625424829116,0.307508759664734,-0.279789304664484,0.00943888443267823,-0.182188170712786,0.0283097508484884,0.795045188278495,0.534356516169155
2.90221930167269,2.86205411602573,0.00471746366725104,2.82789600143956,0.117288636098667,2.83347662451647,0.00368026906286756,2.80011052328571,0.00478674567264749,1.15805154826374,0.786888155574292
2.05245730649588,2.10234590515315,0.00456558553447997,2.14235570634093,0.152947490450276,2.15424891916046,0.00521147212315234,2.34413929098679,0.0108644788218439,2.34100562811499,0.380362373238447
3.39664251538471,3.33867991192659,0.00431105835683525,3.0023743619709,0.148251489400366,3.35261977176418,0.00656092445988378,2.77676099725056,0.0337838805782369,-0.3395219414557,0.268991496741843
-0.349474190770935,0.0601639231477426,0.113459257624805,0.111973886228656,0.427244940404036,0.295131760990632,0.0165018009939018,1.36933624037473,0.00561023889501117,2.63425286997988,0.433821436822345
1.03409888977994,1.12040113540416,0.0400198234216712,0.764523856205813,0.345723932911746,1.08026976582512,0.0135070709846347,1.24423347034571,0.0196000432701162,2.39379020461707,0.361523047255473
1.4598631788361,1.48046564426159,0.00590837178933991,1.58471314076731,0.167776819679972,1.59624865491386,0.00417229187077668,1.60359841752418,0.00704928014621048,1.74709503142569,0.733138696830888
2.24938877376242,1.90802649560799,0.0262624994190346,1.2552792596706,0.308482740999045,1.82327513482786,0.00732407800728482,1.79980081121162,0.00535786158966369,2.00898951224499,1.75101008417547
2.23663568729293,2.21940707043166,0.00581482686293781,2.18362135514125,0.172278579161004,2.24830540550478,0.0086448291041364,2.23882983760783,0.0142926205056573,1.78177094604784,0.558663892470727
1.22586145564515,1.2549809223592,0.010789163985462,1.31385246985128,0.250520316773445,1.37050855556168,0.00727117112580826,1.53354103408191,0.0093541672400816,0.98938871241364,0.417456388032684
1.89322798183315,1.86743661988318,0.021621496083329,1.49826525646183,0.294940488245933,1.99454469792302,0.00872061028467879,2.15200364466687,0.013290028334137,2.3669293707347,0.667932624535621
2.05427790830607,2.08298807571637,0.00893521611605888,1.9937623793265,0.191828099033586,2.10798027779728,0.00944398922998192,1.90943888565597,0.0174815658935015,1.53624342012,0.352244575779316
1.73577018911216,1.68713259378763,0.00928601872441499,1.69351265166699,0.216300478282897,1.62623465068109,0.0061875833852505,1.47295054439113,0.00762485068545251,0.333892912693999,0.73935118900119
1.82904548182213,1.7297479491738,0.0228201120232217,1.37190192338404,0.290011337734062,1.62312016416576,0.0116249455761988,1.79379179381724,0.00945873818024819,0.964112016333257,0.27727508736161
1.98632617125144,1.97143189333661,0.0223359812863954,1.50714930147342,0.309563260252896,1.81188984767003,0.0131212607696785,1.77533926775801,0.00871627456572057,2.46912594158932,0.168649630384743
2.84589495308907,2.83152512075505,0.00203771621635862,2.75721189498509,0.101115873377974,2.81258037383636,0.00675780865122666,2.62669832894436,0.0268105740982562,1.59614149471774,0.769339630692128
1.30979368942408,1.34481046393356,0.0278007292471444,1.17286165488458,0.277685935042376,1.39188463135877,0.00524671257304116,1.06645096964845,0.0126687649680254,1.66775728742529,0.443658605972094
0.966750776808927,1.03628802326941,0.0249144258149706,0.772921074025601,0.296662304654983,1.00729046373438,0.00722725590036117,1.07015618396423,0.00471116891762329,2.29085167708889,0.570760855677528
2.21518510678377,2.21740280908481,0.011285914282516,2.19036431431721,0.248390315336984,2.16598282905469,0.00914881524349647,2.15235961578449,0.0124681581715326,0.306066543967754,0.500125583950657
1.77309524702606,1.79100445493215,0.0352392989523753,1.30674257630829,0.347422893026455,1.89319049639208,0.00860470555671054,1.58332331272006,0.00810169271968968,1.88298654408285,0.91320535125256
2.32764910268711,2.28739029292184,0.00875700639963429,2.01081497626321,0.234147408872815,2.17340169522211,0.0073671298453619,1.89920794657934,0.0135622903803755,1.56587914478402,1.26107837144861
3.20005501374283,3.1826888646949,0.0031494866617032,3.45086865578446,0.125130367184609,3.24027551046847,0.00646123390117921,3.52630217413608,0.0164317255760667,1.78774182458813,0.455896901049906
2.39029834575858,2.37245621983133,0.0123468050111207,2.17776055964094,0.232795364063408,2.36470000163884,0.0123046579235052,2.3250888630042,0.0196492424441936,2.7068631106621,0.486530682121097
2.18519591801932,2.20315474766056,0.00402585311134345,2.21584346104632,0.149773665508261,2.19585214481723,0.00653557333490116,2.67728483688585,0.00588267798149378,1.57083454296133,0.275388607481936
0.63989161104793,0.54989062353028,0.03537305661569,0.531124036191551,0.347186447523196,0.47217504719973,0.0144589522240922,0.721934680369892,0.0176218113332016,1.43133072912333,0.252826657690908
1.67935385882935,1.62504406035483,0.022605357564224,1.39020610281482,0.312784128061969,1.78785440087887,0.00710101444073437,1.64671189180905,0.00818394188367605,2.26366691885394,0.716352988275265
2.20180685029945,2.20155224283754,0.00452938114446136,2.21364427815841,0.146286989622484,2.25317396809693,0.00312113123339371,2.22180203497081,0.00690521788750499,1.2123001705525,0.712486107417098
2.04928834857287,2.03560294224843,0.00494142827104283,2.17895935333337,0.154003493036652,2.03608364336611,0.00499031372393772,2.33294241689355,0.00531889219393212,1.53975169913106,1.4230394650905
1.58649875755379,1.58384009313522,0.0348936657328744,1.31294984582953,0.347673263080465,1.64734687428763,0.0116012592609152,1.93229108198994,0.00829031597730831,2.36784533140069,0.322282660245457
2.10045638733388,2.08385937373624,0.010591174983828,1.86921930036272,0.202017348082158,2.10691563917612,0.00817911421173684,2.0576611853889,0.0168138031958505,1.60516717582579,0.420136135797094
1.323682316949,1.34334488298691,0.019511505903104,1.06324726603961,0.265602106524206,1.17263694643104,0.0244591700709039,1.08095036802596,0.00822290173988406,1.01515908780424,0.345319710352461
2.03935349021707,2.01748493523423,0.0148856138903495,1.80851176053911,0.222967147200955,2.06501928549293,0.00527222145915789,1.97317924049438,0.00493247734565261,2.29653736382806,0.364417421052622
0.844652981160022,0.889646569548503,0.0240504030238986,0.87856909314731,0.310925836049727,0.928754093727371,0.0140670639377564,0.780049411985152,0.023755562936766,2.37682197102125,0.5186599747676
2.02889863232655,2.04409324481397,0.00702287122404298,2.02673991164839,0.204936158805472,2.05604882959054,0.00804735281943727,2.04366829818905,0.015903867304551,2.0838433645747,0.683577532685022
1.3033458198744,1.34424578901237,0.0578725502394686,0.53517890345637,0.406562410888687,1.17501983053814,0.0217085003985351,1.33686452817301,0.0131790803738329,2.75645163029649,0.510188392260335
2.89359488299279,2.80850544181344,0.0133184866635009,2.37281201539585,0.217387649539596,2.70948677602841,0.00637930157860077,2.1140210584355,0.0289667896481334,-0.0807291459241704,0.739237246020358
1.09620158924574,1.08545822232829,0.0132125698608348,1.20786117107652,0.19949379363451,1.23699390542147,0.00569118907092433,1.56330381336543,0.00993740566810287,1.35126128137541,0.678466515635397
2.29646652000782,2.26929948107687,0.0146112680417218,2.03931003937338,0.216537491248971,2.31948566849444,0.00422974236887311,1.97600072064654,0.0265283519362446,-0.223881511007902,0.494720649085629
2.15348039227337,1.80002185399539,0.0347706686817575,1.24180706623054,0.335999169457957,1.94663621020527,0.00970687026062651,1.6306067109106,0.00552873640580061,1.75562104067574,1.38343569448022
1.92631091975799,1.94028639148645,0.00437744112469924,2.05418588657556,0.144523770831708,1.96366134050253,0.00607293180169155,2.29986089209791,0.00443462523536658,-0.333618425609733,1.06910541894027
0.948723835496899,0.947548086796863,0.0322863086623376,0.932994821397334,0.308173103597217,1.00995156802028,0.0144608013195545,1.06421025819954,0.0122747535672475,1.58223683471234,0.200326436682132
2.30476936160092,2.27579015333901,0.00899078470522372,1.82700904329928,0.203141231178932,2.1758272829176,0.00776743105812819,1.49909137946557,0.00973655106409777,1.49310802505812,0.523737035225918
0.968002178172969,1.01544663383936,0.0199304953712675,1.00690498505267,0.265494521628334,1.09529329385773,0.00737247294410281,0.997421409652336,0.00625468564576354,2.11615721003675,0.124361112724784
1.7031272756327,1.70794927272767,0.0108865808561615,1.67019175643133,0.231927242785594,1.80023920158749,0.00595370274017624,1.77820691697922,0.0110640914863169,2.77726141709382,0.570948374734499
1.67502335587575,1.69704671706998,0.00592852088105614,1.83395508328324,0.183831424664911,1.82236883946869,0.0105234327098017,2.01801738133159,0.0187266856845963,1.67250868459524,1.31115061855828
1.09180670633019,1.15708816932768,0.0224504589978698,1.11073119604939,0.312810552306127,1.26470354625546,0.0128135383486821,1.17379171229872,0.0300577654430641,2.49168813508815,0.1425489578172
1.44930584557551,1.48378713448271,0.00882480107211431,1.51014938819879,0.229932253987189,1.60744840091777,0.00552043969566168,1.55510165197745,0.00563012936852767,1.33413630711391,0.0325768878675929
0.129136272122232,0.225986010203726,0.0171461890071873,0.258920051040135,0.150145746156267,0.323310939074145,0.00442161042012475,0.36153440340419,0.0124753134689193,1.70101850414313,0.725110913816877
0.46811977892698,-0.347505174297514,0.209779500103045,0.0940518316476513,0.439308259249274,0.159593059031333,0.0208740875651642,1.43574298984936,0.00720317759367611,2.0840953464275,0.250000863370882
1.2724646743568,1.34943380585549,0.0390923971084888,1.04133549235422,0.354606541473592,1.32117385450606,0.0114138448426143,1.36602582098021,0.0036325304827427,1.2046646363593,0.982406444938832
2.14927017791091,2.1565387119265,0.00892654614097672,1.94161219746122,0.229891360846218,2.08498125461795,0.00901809067532801,1.72740907758238,0.0168581196106329,2.12974967483011,0.11926218446535
1.93034492074393,1.77296921089382,0.0442391542159309,1.20240497504983,0.361114966462475,1.90144843686299,0.0214877539837977,1.7798152021539,0.0113526297153069,3.246266692359,0.288386544602079
1.31108900309373,1.32141174862327,0.0150547340320168,1.31813422754859,0.217128539328534,1.30143186215866,0.0062578388556439,1.3573329628799,0.00644185392648049,1.08385692578304,1.14777318191076
2.58390740216453,2.6014631338524,0.00462163228418443,2.58191556623318,0.130762923345127,2.67890197653179,0.00773192675334619,2.71497994993215,0.00531066104579911,2.74950598919169,0.295845134057199
2.93676354036965,2.91154778824531,0.00435663283476451,2.98801321794095,0.156443167677691,2.93536936232283,0.00661824138745284,2.80252981756496,0.00663764432696468,2.6019520743182,0.321827105183372
1.42876684339226,1.41508673924577,0.0176381538370235,1.27818963118203,0.286388796596894,1.39460107266752,0.00690603430348541,1.36299927190144,0.00672244636483993,1.43463996716492,0.48629707689019
1.75846477320832,1.7576345538727,0.00902502465159278,1.63651801397749,0.164011658994365,1.76860960550771,0.00520391436024232,1.65936921496659,0.00748088019527438,1.20509089717357,1.47940079544839
2.33951768178382,2.32760758633705,0.00177880677471094,2.44444963586053,0.0633659287575074,2.31202688866408,0.00203750019024454,2.22004337906071,0.0167451127153514,2.03266103078142,0.0787632416546318
1.88100737220381,1.89242392401113,0.00666450451691279,1.89275937219699,0.187494584339277,2.01441985807325,0.00686857584813376,2.04082671819008,0.0212386740697566,1.3192085050056,0.47100594252889
1.83666265271738,1.86545133418898,0.00660660854924138,1.87696454952274,0.17890293685226,1.92091201640312,0.00406778050536866,2.48979213647837,0.00818245267298099,1.97209783831222,0.169914830306346
1.51963208392336,1.50679043068746,0.0481934102039013,0.916975843058993,0.356861858094078,1.55680866559121,0.00892418142709645,1.53055049638858,0.0124517111582521,2.46712713481686,0.116649921147617
1.20003394062118,1.16464221688946,0.018216205744205,1.15475641902166,0.28069287680452,1.25017120355346,0.00980738018882648,1.1795511607866,0.00741456619053512,1.66050056253449,0.148620826954281
3.03713433128925,3.02173402010516,0.00403945172470976,3.29398123807731,0.141489870249955,3.09188165997705,0.00648544199929195,3.07991781666127,0.00352187890643393,1.84725042652262,0.158947186978236
0.570582121568009,0.738598945804891,0.0458957276807377,0.464899347756332,0.363516286660437,0.772624638856128,0.0175946582862707,0.978135606338617,0.00605658457249557,3.08806846540839,0.325697667616591
1.8274676077533,1.86062962926037,0.00716972250474053,1.99375535994386,0.173937556350003,1.98499543194072,0.0118237247117116,2.20391089479953,0.017905548947374,0.65530403989113,1.06168081449673
1.92842154550167,1.91392464734489,0.0050940905587555,1.99774456564156,0.138555500686481,2.01301536850959,0.00601043602801606,1.96733064047846,0.00465049446725647,1.51156749766184,0.61703907583473
2.22676696139161,2.27686149253498,0.0297919425009682,1.78144733533635,0.341310013529534,2.37960719617005,0.013938790333176,2.18453954012948,0.0150278869077215,2.60510350135804,0.145738357713457
2.99784373117979,2.99322067987835,0.00269497353856926,2.99185549228188,0.0959195599755454,2.99359672747346,0.00679805642632325,2.84996257101883,0.00758763424076402,1.1841528396469,0.782539301326027
2.31330901540202,2.32974592980418,0.0049900145678829,2.32244226074332,0.173094164743323,2.44076829040705,0.011685893482188,2.44285495653828,0.00499313664398866,1.57282756418944,0.61154356177558
0.494423754052595,0.489680838575282,0.039806847252204,0.608089154063741,0.332011507040936,0.719959606358399,0.00986546619378289,1.01930082878262,0.00658402720430455,0.369413100169461,0.839753800138848
2.88266031859974,2.82978713617853,0.00805629010811385,2.71147607648212,0.204216851640323,2.78069093142061,0.0119812194561126,2.66243124330438,0.0152957950770696,1.25259449586846,0.308342830782947
3.22492881260861,3.1727528888732,0.00355249108917808,3.04362965595106,0.112209086378243,3.12022812574805,0.00690300010268414,2.87755670128227,0.00978979768683698,2.71543003998121,0.592210153589541
2.21473762229261,2.17656474386456,0.0191542192031598,1.89790174187395,0.268055610243152,2.10574539168408,0.0141454012442666,2.33989934371105,0.00697290805844227,2.37388950458187,0.548322703533323
1.99778322084093,2.00733844113662,0.00532440205854975,2.08950394996106,0.163949746969943,2.04048031378034,0.00728076169882575,1.98549844151773,0.00727542294711914,2.26614627052245,0.688406307550854
0.980881919836932,0.854993940276754,0.0273472922866696,0.818497986210866,0.301440365361265,0.898030419779323,0.0081845460667545,1.38629835035262,0.00739120621404064,2.18565653496645,0.100555596857209
1.03732533901203,1.04492156029789,0.0036840304681756,0.968757587063211,0.112557655645521,1.02317119245043,0.00582898117356951,0.962102776918497,0.0077498406275957,2.4615234830623,0.228959200038885
2.13708248719524,2.1965270515304,0.0106362789496372,2.05400805953686,0.182485624427502,2.18265657214109,0.00748475655432146,2.09886452753242,0.028642857265284,2.76313066082876,0.284296886090326
2.73851109205881,2.75299906579844,0.0019062246040562,2.94898023957256,0.10749724710482,2.81159482695739,0.0062527564164841,2.86628956834278,0.0131577848593143,1.84424561723722,0.32660157999865
1.92265569039958,1.91723798311525,0.00828578237146975,1.89563091367206,0.236580968775144,2.10948590200974,0.0114712023928232,1.91215502787162,0.0175145907955512,2.37107922342801,0.302625617034256
