"V1","V2","V3","V4"
10,10,1.45198703932011e-07,0.000115465736233124
10,10,2.60425299976894e-07,0.000180710843935546
10,10,1.45764631965963e-06,4.55075282155282e-05
10,10,5.26291867770215e-06,8.82328152409782e-05
9.87686289318255,10,5.83657891016997e-06,8.75674615070328e-05
9.43170301174003,6.20585071959198,5.94518725720907e-06,0.000108818968424279
9.26977604515399,7.8366568452229,2.56061542143285e-05,4.0356380416009e-05
10,10,1.54829129778569e-05,9.19309713290528e-05
10,9.22757103208729,1.81736065227033e-05,8.92436194953933e-05
6.68888228156487,8.42778816720194,9.80546409269846e-06,0.000270899661469908
6.36680429654705,8.34529525027923,9.8268198089399e-06,0.000208072887472961
8.527912748081,10,2.00644031946596e-05,0.00037905552225964
9.69613708696852,10,2.49145604698556e-05,0.000274849866167042
6.05300772045914,8.38644980768899,2.00231055449861e-05,0.000543340221238784
7.15010323442548,7.18525292917882,5.65000881816904e-06,0.000541035440291897
8.05385795773877,8.88748135322734,5.37552285710377e-05,0.00117278863345502
8.02350726474862,9.49919251104875,5.980598268021e-05,0.00285935781745613
10,4.21929115006264,0.000117670795627925,0.00581061259520869
10,4.02225650175817,0.000170215560143965,0.00162072918502638
10,2.68103697416165,0.000158223066876124,0.00225475988860335
7.28426501238835,1.7635061439014,0.000207127150435853,0.00406136711368603
7.45040511495929,3.56031964289525,8.01074404162705e-05,0.00389518753942532
9.2392614774625,3.52133451305323,4.98482947198453e-05,0.00659255844111406
9.21414610835243,5.28322032924974,0.000115240758660963,0.00246779872907695
7.63813081918652,3.05059785923891,8.57032435244254e-05,0.00251512764698688
7.19188712412353,3.24086320598013,4.6693108301141e-05,0.0027866734260661
6.86592987474076,3.01227665054634,2.34840195820872e-05,0.00183379869986819
7.06496079958546,4.41536938818521,1.20318623538103e-05,0.0023411608868097
6.8067397845553,4.12154841387062,8.96893123412274e-06,0.00175316785003158
4.70116052738318,4.24554259183293,9.20778301130215e-06,0.00209706237550733
4.7271104064351,2.07187076634771,5.15151778897273e-06,0.0016215068078894
4.7578052081322,2.28432821738803,5.39890570739463e-06,0.00443073542612211
3.94107359645161,2.30515821211433,8.24099552755896e-07,0.00606729683490567
3.98238614306712,2.301624527557,4.1226052324315e-07,0.0045721809661228
3.84295405583776,1.49361905348822,4.1174901860867e-07,0.00516935446912548
5.65455709337723,1.49377287004128,4.5392880203596e-07,0.00765600382564614
4.08640830179909,1.46942144062319,3.7568105480303e-07,0.00801404308364795
4.15116609268996,1.95979875022676,3.21967091484203e-07,0.00707660946868227
7.61830387246977,2.11789621664391,2.62852278017995e-07,0.00757253085425162
8.57016119952765,2.05801249622091,6.00417447868461e-08,0.0102064838890908
8.11640028076108,2.14662824367519,3.8806435056075e-08,0.0178892564596345
5.40175889782986,1.1664598716788,4.24538018437517e-08,0.0109363034036875
4.33032185231627,1.10895109797235,1.04206404042725e-07,0.00904951908659029
5.90554291091472,1.16490202678518,7.54163183479064e-08,0.0230234796780405
5.6677406647645,2.02751621233168,8.57351265135936e-08,0.0219020534948606
5.4686107631879,1.24243691524258,1.56020440065965e-07,0.0435401618134301
5.58958555143141,2.18677478793167,9.68553159658166e-07,0.0528395561209754
5.21780968203406,2.59554561285771,1.9727086124872e-06,0.0495366953463326
5.26970073606484,2.39904481040844,2.25672709727305e-06,0.0343196242104523
5.21590234328276,2.27399972356845,1.27128438531149e-06,0.0327363589533229
5.15152408443126,2.44462379952902,4.08570263368586e-06,0.0345950123908722
3.5740078605232,2.12527988084279,4.32718879644438e-06,0.0330572427870129
3.14884880452888,1.52172133164408,9.20633939660289e-06,0.0281327163504807
5.49066514009231,4.21156401941344,1.77888458386215e-05,0.0287019420928573
2.90189331147396,2.36407917706371,1.2806424154905e-05,0.0291956857440118
3.37319104146561,2.61948853241323,1.26478526083035e-05,0.0345905379720352
4.08152774557617,2.34619595992135,1.17912518606695e-05,0.0338025348861675
3.73716470906231,2.63982903704808,1.57895165795196e-05,0.0374057673915559
4.80478918054022,3.69143589945947,1.34579120629781e-05,0.037538622332811
4.42007197005883,2.2085902502755,4.93978966337388e-05,0.030725408336873
5.09912253949258,1.94554320493129,4.56000904840698e-05,0.0304557286746021
5.80466987787706,1.88618682771791,3.72897203415238e-05,0.0348746396619754
6.43168485700444,1.19885525236245,6.34990475321477e-05,0.0134410947861608
6.41444079151748,2.81087864354238,6.90969773667258e-05,0.015246582191665
3.42431400666199,2.70886764254985,3.34767540011759e-05,0.0164145125728902
3.73587461976202,1.41002819521568,4.15066897602839e-05,0.0250834953810869
4.72433308384207,2.65948685453946,3.5048993266352e-05,0.0192413355520881
3.7021380786123,2.53573511654547,2.82547819317158e-05,0.019227199521244
4.04561095372279,2.49028719603149,2.04677552608613e-05,0.0137374548404611
3.93215709669064,2.94432146670009,7.11937432633248e-06,0.0246905046385261
3.85541915841444,3.03569168509319,3.85393876012562e-06,0.00970268046256137
4.41345823849988,3.49667593662776,1.58578520093992e-06,0.00931247775215354
4.85636081939061,4.16582104150337,4.7470183777134e-06,0.0155569878977622
5.47161886618696,2.59922827161226,1.77476597346463e-05,0.00737677037463843
5.14155388589541,2.58990273386091,2.15981793875597e-05,0.00403484737443077
6.75301533894155,2.60903013113828,2.05057123826458e-05,0.00637981058388736
5.41404359516724,3.18006684312106,2.34235987984593e-05,0.00608479090658932
5.24720514057539,3.38590267926833,1.97181167927958e-05,0.0115026013536135
5.79877500816841,3.52581311879185,1.85501383699807e-05,0.0133272043543967
4.66238856526093,3.49812719211082,1.32258362902544e-05,0.0104166668641536
4.21427920649774,3.46600467847398,2.99011632548268e-05,0.0161742714096558
5.57833469970163,2.53567540034823,2.6097892756929e-05,0.0146800014415285
4.79351958169877,4.61621863440589,1.60681559360666e-05,0.0165212634797143
5.01668757302603,4.95062308799934,3.25516569413001e-05,0.0174191694542796
7.32503650091756,5.19474310719354,3.67008265736554e-05,0.0174547035245863
4.39598900065925,3.56102744355412,1.12545235090683e-05,0.0152485231158705
6.54331831674819,5.53902737578639,9.49632361769079e-06,0.0164427974267072
7.44373441774544,5.58976781991594,3.11984357507839e-06,0.0156949263515745
5.95878758598905,3.63423935900413,4.48029019587803e-06,0.0141060630111375
5.62888129276718,3.63069918670924,1.76065110865375e-06,0.014721589176356
5.62583471706224,10,1.85844402792744e-06,0.0355897630931449
5.64270477751707,7.44285230632177,2.56519543593077e-06,0.0182026605864149
3.76404130084236,7.75531572101949,8.5770782681475e-07,0.0175260207074493
3.90407473578758,6.89886554970948,1.9794753758669e-07,0.017419250762274
5.99847426058026,6.69527674057932,2.37449563526138e-07,0.0218182812943802
5.97174302102067,6.50273090334522,3.16466745384939e-07,0.0220769508970282
3.17805525027623,6.79121772142113,3.23135937003138e-07,0.00882860033933561
4.1557573463826,3.92363539941172,3.91594857706152e-07,0.00948362580896216
4.16339594704244,4.82285353880365,4.19053257129238e-07,0.0117723262394763
5.93337014864577,4.796177496499,4.14762115873519e-07,0.0162482741889961
6.47370396786835,4.36904290827191,8.2911006305322e-07,0.0137827607833356
5.86701437369542,1.83991406962286,1.5549758832594e-06,0.0113484750378303
6.85221887838532,3.9912961135562,1.5189904781068e-06,0.018462827748926
7.23512004130971,3.68351005717614,4.83956035001802e-06,0.0116970513227685
5.2663969857803,3.95663465384987,1.30923904231937e-06,0.00658744875534048
4.94075476282371,3.82471879761975,1.5908913927491e-06,0.00668327670479044
3.69546021491136,2.29649411333154,3.10296026665625e-07,0.00505339528279848
4.45336132630473,2.25214077550929,2.32956393299796e-07,0.00247394043221556
3.85512190186768,1.41423874570932,1.50885917338039e-07,0.00145711826822363
2.6802657954293,1.39620189314773,6.47477767900448e-07,0.00126089356556452
2.67320965674968,1.40933869773436,1.12621910232812e-06,0.00141020769285353
2.65364784365884,1.0344103510836,7.91019476677637e-07,0.00144465052398845
2.68758977845704,3.4843839806822,7.91927142647125e-07,0.00156696283507859
2.86466899750667,1.72372233812615,1.38873118096215e-06,0.00237642535365724
2.93796574892272,3.60023718061888,1.58292017920589e-06,0.0037355943107503
2.79830815152091,2.94790321632974,1.72807294076235e-06,0.00114680447138027
2.86233533461753,3.96293121557524,3.06131160289681e-06,0.00128336092639974
2.92040610635595,1.531763656294,2.59246243961322e-06,0.000806230032523221
3.1247584593948,1.80135508614077,1.61415527418258e-06,0.00100592160941696
3.45589788970188,3.23146361200452,1.90386012439015e-06,0.000668459805991244
4.7621083297499,2.207564186387,4.03636020624941e-06,0.00182958397267168
3.61587415120113,2.23062609611187,1.505153219667e-06,0.0014942656341974
3.4500922681364,1.96980049845048,9.88382451991466e-07,0.00101174796020778
7.03161097013493,2.16335449722255,6.57248069332973e-06,0.000743944555758827
5.55028369438107,4.73366343061529,4.1213424353472e-06,0.00058572088752908
5.37856675525982,2.30919508535087,8.18964825483308e-06,0.000997428855717768
4.35250695674466,4.21039115081568,1.00603942248456e-05,0.00062558789432371
4.54315345574021,1.48128715145642,1.03188429531918e-05,0.000342823798228438
5.84823595507463,1.30427381364134,6.12317945678985e-06,0.000365170058074535
4.70706458182511,3.22130121350825,3.25761414466337e-06,0.000127091555704623
5.12938205969564,2.40692202027833,1.04528625530246e-05,0.000283457736983094
6.06271732304769,1.45436292775328,5.54091492066651e-06,0.000619030629533608
5.38428749995568,1.55675983857538,7.19171658069835e-06,0.00092776843806105
5.14641438156847,1.56364012508902,5.85294740073418e-06,0.000749618666725511
5.1798413168767,1.6421752085783,5.14194911293494e-05,0.000750124165180424
4.89711787072738,2.88668156751215,3.77676207228356e-05,0.000612005055225113
6.08252639943996,2.69105477939809,0.000124774715307635,0.00149061788249407
8.63412713057653,2.70509113897469,0.000114381951342259,0.00134924842862129
3.63643048463055,1.41181068925465,0.000163567218181564,0.00055090792340144
3.93238946291778,1.3012757846511,0.000139853453285077,0.00047521538593289
4.29447784144402,1.73398682557542,0.000273644595706292,0.00087621136460692
4.4844593609692,2.14938412535655,0.000275462736736503,0.00226607232158578
5.35686813509296,2.21183614533351,0.000306166047879681,0.00235029554153606
3.66298109617681,2.1164693718121,5.66482042641164e-05,0.00201621813541426
6.67652498461568,1.90378380770576,5.69130600367083e-05,0.0017788354012266
6.47775019846769,2.5458864153891,7.28473893393139e-05,0.0017730353482121
6.17853567740502,2.66510430365836,9.115797488775e-05,0.00138792602605779
7.07366965208828,2.76901050507273,0.000101837144497905,0.00152061832083151
5.05534013844503,3.03909624934171,0.000106065414678929,0.00248841410629907
4.22090277038573,3.03702880997611,5.6121180746754e-05,0.00288710713160455
4.13540973792376,2.21457748650741,7.2705720718607e-05,0.00108691373139573
3.12449925298351,3.6853719055355,0.000110268754209612,0.000380731267394676
7.21235290303914,3.59742751702059,0.000185554987696381,0.000968626680919202
2.32834983192522,3.57044706727716,7.96918749777683e-05,0.000394009336242078
2.11942387546493,3.53362386457461,2.44633543346968e-05,0.000292777683045453
8.84501986153336,1.47427329736296,2.24645442725787e-05,0.000294341357924961
3.25366148533329,1.91935349162755,4.5044112025318e-05,0.00044037106142266
5.7078874009203,2.71758518696617,0.000340894969391362,0.000556353208040368
3.01579886200278,1.13013975699652,0.000196635526919318,0.00021978515354136
5.48821119367105,1.65227140686682,0.00029441099214762,0.000203226267525011
6.48771330810141,1.62145773446951,0.000113309825045721,6.27087887897587e-05
2.03011868429763,1.73746846133574,0.000211742761208872,1.52771764940363e-05
1.94885396467236,1.80650990511036,0.000223051896025651,1.37701336269667e-05
2.72198900032758,1.78857279289248,0.000151188958525489,5.00126019972839e-05
1.56273809096208,1.84227943659753,0.000199669956949261,1.23561958919381e-05
2.86447142187671,1.97308899219388,0.000184732029453018,1.51726877978243e-05
4.02046476086728,2.79034241922509,0.000175015924318193,5.95684824315307e-06
5.7755717767332,2.1462001558828,0.000171029541479251,4.11454096710152e-06
5.37310481632838,1.61186870357005,0.000179992975234161,4.19348527304741e-06
1.26571193456159,1.66325227826686,8.00506148202137e-05,5.7978269305135e-06
1.26321419608986,1.01464595611838,0.000240041596338328,4.23814218381297e-06
0.913257072314582,3.29003668747529,0.00221554173181747,5.42817481112061e-06
2.73903999748461,5.21368687267088,0.000843482380256936,3.66189681081836e-06
2.53357367229321,5.29161583448993,0.000142035708877432,9.47385174587256e-06
1.87081836749525,7.03525437159929,0.000510191295327228,7.85194258880477e-06
2.73838762553854,6.91558825929431,0.000135473045468901,6.22423457637561e-06
0.959256770145503,3.32768264298793,0.00011171102668131,4.80580140689878e-06
2.06595084655936,4.80962669845394,0.000134397476633537,4.47810429355194e-06
2.06608337430822,4.88533418124716,0.000346455283583286,6.57306499737052e-06
2.15715168598263,2.31364709874026,0.00168085128742561,1.30989265487575e-05
2.89933857909578,5.02734204960965,0.00142346847668397,1.05384484579787e-05
3.50148597120729,3.78213254903589,0.0010688138766125,2.56096668289771e-05
3.11155084154176,3.27851564821984,0.00105949519287877,1.00303613951853e-05
3.22230265328657,3.286384573502,0.000787671574208866,1.0597032640192e-05
2.21356229911806,1.53948761962849,0.00107964767585042,2.42730021945952e-05
2.25747316410867,2.43505158614382,0.000958167581358982,1.09693677612163e-05
3.54783779040488,2.32071347302055,0.00200091753923061,1.26888233868503e-05
2.90228136992519,3.66026569419875,0.00193023606625391,2.86227270422258e-05
3.06882961925716,3.51885594677453,0.000470937768010098,2.52318044230027e-05
4.83336906543758,3.57066797149942,0.00040891795622383,1.69830034382139e-05
3.72353221280078,2.4257697433915,0.000250089212080779,1.86980965332607e-05
3.78027057965621,2.65557183103716,0.000235869289829109,7.05259315908903e-06
4.26012996430611,2.66393741187254,0.000369604209382359,5.47355202527832e-06
3.98548787660286,2.63373362300645,0.00026478220752467,5.37434153853107e-06
2.52069912463252,1.40845209649879,0.000317472186815368,7.23142890749038e-06
4.72176358953468,1.49479303660743,0.000303477071938987,6.43801478141545e-06
2.98871930236739,2.18104726457633,0.000164988651401997,6.1871540622704e-06
2.28590311603875,2.0654560124029,0.000305381291473363,1.05500978396037e-05
4.49716675041971,4.05078678499438,7.04252455769727e-05,2.59203567502622e-05
4.53782014074743,4.06287938761131,0.000271796125071494,6.61914694779399e-06
3.54337973762387,3.69823033477913,0.000916793825734429,1.07488139490755e-05
4.71497195672746,3.78352849176645,0.000714165549757779,5.74113481995766e-06
4.53599275541026,2.80402720929491,0.000965290968645645,4.26952132735287e-05
5.53294036881845,3.13631423930078,0.000685578089106693,5.00140357012624e-05
8.13886795478058,3.26533526484807,0.000815490578549513,5.57775536939265e-05
8.15156322931143,4.00833610425114,0.00034040611288533,1.52271571310598e-05
6.46074027511466,2.74227972867368,6.21996562841684e-05,7.21611580786318e-06
10,2.35327770383241,0.000194909728287983,7.40915325083152e-06
10,3.27875860417971,9.94191856454912e-05,1.4701895189311e-05
10,2.01430001161561,5.63241325855307e-05,2.20332735046336e-05
8.94718986121341,2.08613921772196,1.42884193994578e-05,2.23336943038122e-05
6.45385325239628,1.42439452293829,8.09451951776076e-06,2.84301840018789e-05
9.59354503601384,1.90632202241104,1.82722885670123e-05,3.77165695619143e-05
7.31213777837384,2.10861120768857,5.96044994069359e-06,3.88559015839655e-05
6.75980677316398,1.14654856402244,1.0345226248434e-05,5.81491012112079e-05
8.10422618975968,1.12227410578541,1.06914776616799e-05,5.33007463285656e-05
10,1.62005836818696,1.24959690206855e-05,7.01126602813336e-05
7.35629526855355,1.65704998976002,3.36684129542788e-05,7.56920138641132e-05
7.18526953934161,1.55347562353796,3.64778709433464e-05,0.000126663333920661
6.34062815001431,1.55011309078815,8.20772854862509e-06,9.71280817849993e-05
9.97428867159259,1.65992052942584,1.54438683454026e-05,8.56655225695666e-05
10,1.65601785699779,1.0538426992247e-05,9.38111960617227e-05
8.31342474581579,1.61208369306751,9.24613700162451e-06,9.22199629584819e-05
8.2227512336264,1.57347846862926,3.04040235316439e-05,9.36979366891156e-05
8.68937691725099,1.55413470294836,4.86173137041264e-05,3.73643919513806e-05
4.90226907943743,1.57032628192756,7.07202391165176e-05,0.000152752530551583
4.8699391514681,1.53027321624992,1.56958892527721e-05,6.28159717661081e-05
5.6989662973112,1.55274749776923,1.5723281466893e-05,8.61612690897323e-05
5.21469788177856,1.71949799894468,1.85647562961783e-05,0.000270335508437831
5.49632623392667,3.17215458139988,5.20448275095765e-05,0.000274062112075062
5.59561378790924,3.14644605814494,2.72407818526548e-05,0.00019889083689594
5.7356960957378,3.13366532938729,3.20148657709477e-05,0.000127589890066877
6.91449159409618,2.96876414294762,2.31774500346881e-05,0.000148100905545887
6.84486370374645,2.44480649608158,0.000186150282777937,0.000247516354875075
5.0985522863402,2.44247454755663,0.000695265138295679,0.000106029459609374
5.1412019385738,2.06856570432064,0.000922935476830462,0.000208673597524728
7.15906346035466,1.97751884070487,0.00112651433973706,0.000209905895371124
7.32433645446828,1.99564780531313,0.000698915035355083,7.90587351845673e-05
7.00706180690628,1.84684582166279,0.000746224151567305,0.00022373743258397
6.930093766231,2.01926740790739,0.000360916704646179,0.000173806475509055
6.7182416401607,2.15607907281927,0.000347657673582678,7.84357636627942e-05
5.06269542958114,1.65746595480728,0.000358066480932486,0.000485814212328184
5.92146897855899,3.34069444311706,0.000132790954875317,0.000101700922714623
6.18274943412973,1.31296807335035,0.000105638103729516,8.5822895492404e-05
6.21135721827101,3.50611359340961,9.0729435678973e-05,9.58192616811326e-05
5.35719363677817,3.23615519116967,4.19722206804571e-05,8.53144074704748e-05
4.79872227691791,3.30957358136329,4.59898269427053e-05,6.06314080212624e-05
5.14650297132175,3.33943370710811,4.36850147643106e-05,0.000177223192553787
7.38659981331482,3.32850486726471,7.07153190624207e-05,4.49004891702776e-05
8.88514312314772,1.43985417103875,8.54151548576758e-06,3.52424876255675e-05
9.90487420267367,1.43826377117417,1.1182632593366e-05,4.41840620073131e-05
4.30152540400057,3.62899109419584,6.42739173876274e-05,8.19360173668218e-05
8.47147381106333,3.76384337141077,0.000108544103869437,7.4931210327715e-05
8.28511539560379,3.84674873028744,0.000102541602684179,0.000130298749777331
5.31557243889445,3.89785653459228,0.000144688816187611,0.000151313670018772
5.21602457872214,4.37329179022039,0.000178579340027456,0.000152832644434573
5.34567891319311,4.08410903611337,0.000186320736518341,0.000481950770126538
10,4.0360454019648,0.000229457031527363,0.000474602798468315
5.44807881850953,4.55116830060535,0.000204363642381404,0.0011977208438789
6.73338125598551,4.09645256941949,0.000192059364775463,0.00216344168900537
8.46098350865472,4.25603894884676,0.000270603172715098,0.00160434199686947
8.40509390248928,3.81933128149969,0.000264763815469914,0.00161181504495481
4.27662110548916,5.50140635181455,0.000257126492605145,0.00193961019605165
2.96042742509805,7.42094324831352,0.000248561318895327,0.00113009651624987
10,3.62001357853303,0.000224161208718451,0.00110909041785716
7.2406967016236,3.73963561916964,0.000130465434969102,0.00093964161286296
10,5.82659311823954,0.000182459451859303,0.000546388627650716
8.60679779531507,6.01363151643032,0.000140283780631755,0.000978408773195838
7.38091200852323,7.33166528297446,7.94255425365686e-05,0.000783020390372631
7.1828605503479,7.64177301101212,2.93681603499726e-05,0.00100414954550862
6.7200058107177,6.89445911258659,2.7590091609602e-05,0.000497066983907386
10,6.06091146699255,2.13561524763274e-05,0.000246514190213789
10,6.00735662196095,2.31739595726995e-05,4.63828170837011e-05
7.46866136776283,6.22620468667898,1.41364484184451e-05,7.12397171060575e-05
7.56894882223387,6.30376174193501,7.02502230145038e-06,5.1750105496734e-05
7.49270467665396,6.26949444509894,6.39086972569855e-06,1.9943601948779e-05
10,4.52309357204558,8.75430880980082e-06,7.55673857220118e-05
10,6.12143277762862,8.42928060199266e-06,9.89102470555059e-05
10,6.00019057268852,3.5568747253096e-06,0.000140192577354243
10,6.53584720856677,3.1178934199736e-06,0.000142852564184188
10,7.31337350858521,3.97346023024265e-06,8.79520423292068e-05
10,6.61985469039564,4.8301969939916e-06,4.48489991879332e-05
7.72255302576872,6.7031229338009,5.8716819324625e-06,3.16650437193342e-05
9.63507614334419,5.01374683145328,3.53926230753523e-06,2.04476308318292e-05
10,6.05454902274946,2.18308007333785e-06,3.42009174802504e-05
8.69519983365499,5.53798663398244,2.66684424157985e-06,2.92280631095898e-05
9.01928295301819,5.57180527204135,5.04374226872108e-06,5.2824528971048e-05
8.42351428654903,5.72168852758281,3.7090142214658e-06,6.59922126863083e-05
8.44143893834789,6.75845941139647,4.77915701451142e-06,7.45239464714215e-05
6.43700920599342,4.66609754084704,1.02965541438617e-06,4.62443935285639e-05
6.51537845861229,3.2158513340772,1.53844687110468e-06,4.76496012642347e-05
7.51249649592977,2.87394763874392,4.8542333906924e-06,5.67884481271552e-05
9.98647034765017,3.73268013723584,3.00626617764229e-06,5.94687012210576e-05
9.76111433750804,3.55092067551515,8.44399302393233e-07,5.29352412543327e-05
10,1.48758711139135,5.17687354769552e-07,2.65922678513081e-05
9.64557183240715,2.50376395548617,4.45688389118857e-07,1.58076839278046e-05
9.45436505320948,1.43832073168264,5.47884331880466e-07,1.73702990307839e-05
9.22738718245877,2.11240274836618,4.09838803912468e-07,2.98543927142822e-05
8.95265930656751,2.15852272012901,7.93502738108163e-07,1.49525055126098e-05
10,1.97314936505314,5.27137797790404e-07,7.08576985649759e-06
9.88331479608663,1.40688611555844,5.86643289497315e-07,2.94436269050062e-06
9.84074769647967,1.53464573296496,8.01302839491797e-07,1.31166481038292e-06
6.78865537299687,2.96262679763706,5.38270479712646e-07,1.04021774210943e-06
10,1.72525828967049,9.4306238822408e-07,1.30395780858378e-06
10,1.7407442032662,1.36967469856973e-06,1.01574505425389e-06
10,1.60710241783559,2.00281059109531e-06,4.92421933373276e-07
10,1.58114809832702,1.50039711086615e-06,9.57159651969785e-07
10,1.68037688528697,1.47707349601211e-06,1.66487307694727e-06
10,1.57738398460075,8.05408958399556e-06,1.97712640880331e-06
10,1.44610553788585,8.67314337715266e-06,2.11137143088555e-06
10,1.29053393412055,6.10690932735187e-06,3.22785853305106e-06
10,1.1827209081465,2.01701353097128e-05,2.63505127191373e-06
9.54048321828363,1.10009768207049,1.18210354215161e-05,2.4813391096306e-06
10,1.13546697867284,2.25582743309081e-05,2.45718538225392e-06
10,0.856721182724982,1.21425284688886e-05,2.56628786500362e-06
10,1.35165037803738,1.54300271649423e-06,2.48186673545744e-06
8.30148687634617,1.56483149233382,1.68231499466103e-06,2.64703393087859e-06
8.22289719840454,1.06054085559987,1.43453221809586e-06,4.48884624273234e-06
10,0.966977154153356,2.40428800306138e-06,3.42934006780142e-06
10,1.3810770012814,1.9948841068513e-06,3.29405403285696e-06
10,0.621466143118296,2.15664182950689e-06,3.95708256337024e-06
10,1.02121479441075,2.32069787146703e-06,6.61540372623157e-06
10,1.29006575373432,1.28333551463041e-06,8.60097005909053e-07
10,1.37803819265133,1.03764620913702e-06,7.69009054417275e-07
10,1.41908330251158,1.07001250742648e-06,2.32029150475669e-06
10,1.34239470506151,9.61764880362754e-07,1.48218918647443e-06
10,1.24801567163527,1.00344476525336e-06,1.27125457947263e-06
10,1.31056263589275,1.28640953188367e-06,9.29010036274207e-07
10,0.567412827279768,9.86662536918189e-07,6.51761377555557e-07
9.38343773364439,1.00224026293207,8.47874696519146e-07,3.71482013336736e-07
5.38437914453854,0.588862455247031,8.32015157887056e-07,1.47772945002064e-06
5.34068573537428,0.49829757539218,1.16161876793246e-06,1.42569126199373e-06
7.88985063378263,0.504107799908154,1.07337862307461e-06,1.44745922608228e-06
8.11554836668394,0.842334004397248,1.00194567185538e-06,2.16813655458448e-06
5.85742994017637,1.34246329186053,1.02115055909755e-06,4.7132751049016e-07
7.67849207804567,1.12157428899661,1.49108904399171e-06,7.03051705199338e-07
7.85521248658006,1.3950762551045,2.91457715227912e-06,8.02590387198833e-07
7.80022802212072,1.95053387195687,9.21647246508012e-06,1.32157203353813e-06
5.41419138441401,2.05856273892452,1.10474179506221e-05,3.2640048725556e-06
5.36848264673848,1.62539237688765,1.94325815316091e-05,6.8796365374285e-07
8.82172662271594,1.59851038112516,7.00326984252678e-05,2.22310631663766e-06
9.00147790335861,2.01187283563326,0.000201352227503998,1.12009168178859e-06
7.88218241798364,2.81597820165523,0.000187791239795281,2.84397240139498e-07
10,2.65521683577561,0.000471952747118133,3.52385662581072e-07
9.99444549513792,2.66702487471404,0.000436062259388265,1.84835847992056e-07
8.28376917451569,3.08064123927659,0.000527329385489415,1.42031343837168e-06
6.45624800038124,3.05119725628159,0.000412148908068701,1.87376861494677e-06
5.32471393088592,2.31990480113061,0.000290505868484986,6.42454285101773e-06
6.82404519199721,3.07128687667944,0.000858381911685135,3.20201297367373e-06
6.94004672424562,4.1670330794109,0.000331567174314435,6.12916902509218e-06
9.39099481465826,5.85139412985096,0.000596855049169384,3.85493396317608e-06
9.08306835645766,3.70722617224383,0.000731177051338974,8.58116306132126e-06
7.03986332503453,2.20199464332991,0.000544167824429467,7.0515540121547e-06
10,3.71585901574232,0.000387701855858478,9.02082096388479e-06
9.95033437534308,3.86245207721367,0.000438736904145275,8.65556995871491e-06
8.76662106025949,3.7933352205799,0.000468039410656675,1.00647465989692e-05
7.63243199831129,3.96913340702195,0.000345830111290474,6.53762721125967e-06
8.82078552769384,2.34390662018381,0.000472230161718801,2.44744827510638e-06
5.49185615457114,7.73578698724654,0.00028763797420858,1.30061292832696e-06
6.86986766724181,4.17522605683833,0.000145859480491803,2.69101979914418e-06
5.07400125337641,4.68635447475288,0.000196637679793232,2.93938764586213e-06
5.13434283673727,4.63351136165875,0.000300640628373497,7.54639925951532e-06
3.84011402313841,5.04297183835646,0.000366267460496888,1.05329337297817e-05
4.58462548978776,3.35810791475225,0.000260474530407235,1.20712475592544e-05
3.73063925502171,3.7269607243409,0.00026064076274637,5.66317658808747e-06
4.07191052250368,5.17193781903057,0.000261000490278678,3.68300184415059e-06
3.17694934867146,3.26478029887901,0.000301570823559385,3.75764673784015e-06
3.26124212153127,2.82182219320403,0.000305073035854293,6.56779806602517e-06
5.32149002464467,3.8288398615074,0.000497076806869616,5.21683442586614e-06
3.15257116421104,4.84783802755603,0.00117458981590314,3.07897125803917e-06
2.69506840222362,5.47503759319125,0.00393391601627258,8.03006049605579e-06
3.03635651883262,5.23495711072988,0.0046302780667393,9.28714413319154e-06
3.09910179340175,5.07214971652731,0.00140885294222973,9.67152997177603e-06
1.64142221021073,4.69424780903413,0.00144626829075313,1.63358396703811e-05
1.91849126990521,2.84851495558869,0.000700143839888219,1.0743207471407e-05
1.92517857338244,2.52000260476267,0.000713217696082219,2.94794908982463e-06
2.11107909389597,2.61584061166497,0.000891397004336218,1.82546629464538e-06
1.98011501632689,3.61676362067912,0.000219746390457686,2.62649492896404e-06
2.46149155480758,1.8064562883317,0.000455988894908921,1.82732113943256e-06
2.16923635594285,4.96797191217382,0.000412574254207514,3.69635726831068e-06
2.18740260173538,3.35356723463759,0.000167490610542561,4.97979046038002e-06
2.18142117615353,3.20863158945795,0.00018239243043367,4.79674309426564e-06
2.20058989621786,3.43367854676151,0.000222384513759128,4.51926509826853e-06
0.976003590696346,2.03440079886497,0.000212370095670993,3.41194848869353e-06
0.98544795996102,3.41828814286328,0.000246685292877849,1.49566893847991e-06
0.831574830199097,2.37791243827734,5.74011331515066e-05,1.55114182874443e-06
1.13110440368269,4.64374990815807,2.70221270597278e-05,5.44484268000928e-07
1.13160793914722,7.42442939682416,3.17285541300937e-05,9.76049558404427e-07
1.15347704546948,2.46898666867337,2.22210752787887e-05,1.01468599062536e-06
1.13024144965573,2.58378952064065,1.26446308315889e-05,8.09285757487812e-07
1.11363058619259,2.58495089953665,1.34375532254521e-05,4.78742897120476e-07
1.92837847389863,2.54393256756242,1.65453990369526e-05,9.84716280415902e-07
2.28338536678188,3.10592447261104,2.50572239781933e-05,6.32839249159571e-07
2.13468556862688,4.26245685443695,6.34705082466558e-05,5.98517555333851e-07
2.17808963839547,4.24983064809925,0.000170682471637508,6.31132939811711e-07
1.73776814029712,4.25716307657087,8.65517119649923e-05,4.3868012361753e-07
1.85582438226833,2.49558404234471,0.00021555154872045,3.87433918128087e-07
1.86139198989666,2.49774160520577,0.000940760008438775,3.59483291688728e-07
2.68823790910872,1.92020425778212,0.000113307747206032,3.47803057394957e-07
2.62277206787403,4.28730910781125,0.000129337489132813,4.44727179897482e-07
2.05731160481708,4.74653110916344,0.000107401588043881,5.62579487225238e-07
3.30343954550888,4.79800533427839,5.82229091624865e-05,4.40031002774637e-07
3.27916807618531,4.81924152782423,8.328947586275e-05,7.48427587317583e-07
4.17195468955542,1.93555976880378,5.4774873062694e-05,6.1454020275038e-07
4.08289381271497,2.06642505392728,3.03460492529055e-05,6.62365237047643e-07
4.60728426433463,1.1412374463483,0.000144965292778245,5.78782996243049e-07
4.56641507481651,1.36952916343783,0.000154858320116639,4.45834363123352e-07
4.6896901111248,1.39664269900101,9.66686452672613e-05,1.38111951656487e-07
4.94514961495341,0.689650571939771,8.32596928923625e-05,1.70814140099179e-07
4.61837346845554,1.25316274903324,4.90120917665063e-05,1.79120603474723e-07
5.05652792235793,1.35349301442919,2.91110796597214e-05,3.4274401720308e-07
3.84214717544121,0.980715583522701,1.50444385288378e-05,8.05377480630701e-07
3.81635701919717,0.982832359226413,2.77311345658945e-05,8.00116485333733e-07
2.68060859713842,2.3189366251145,1.79252144840419e-05,9.11342844487338e-07
4.7402433651303,2.78549757724581,1.17921137336474e-05,7.07751579238428e-07
2.90981375723219,0.769988731235951,1.73129188398435e-05,9.14472118680868e-07
4.36638602736697,1.45380482834162,9.66217326949645e-06,1.38658074284002e-06
5.37237023431013,0.705011843218851,1.44241190743224e-05,9.33133221403051e-07
5.3516872652758,3.11419345856646,1.74194093728152e-05,7.83485581044648e-07
5.32377963341009,3.07583797725346,7.85330096292693e-06,7.86083147478558e-07
4.66415398862624,1.18644696606166,1.39719164588705e-05,5.13131684930501e-07
4.64998223757677,2.65158867334814,2.35817851816692e-05,4.9621582920021e-07
6.03912427410003,1.95213032453939,2.78318226503678e-05,6.92541055249011e-07
4.16789328914801,1.64819776859298,2.36520298851522e-05,3.97672023637269e-07
5.61078871399997,1.62087824684429,9.72424318666218e-05,4.03864365370113e-07
5.99604029920505,1.55756901521314,4.84625133833063e-05,3.49189350249243e-07
5.29758463673905,2.74878104962347,1.58069075804661e-05,2.98321475373518e-07
6.27217491149066,3.04328350694675,1.94349751182799e-05,1.5462008597136e-07
6.60215593693803,2.68598590899404,2.41352523810194e-05,1.58585154452481e-07
4.25121219934546,2.54561618152569,2.3395535133999e-05,1.4268241409584e-07
5.21402760176212,2.47806453782607,4.74569410815181e-05,1.6407711297978e-07
2.89296938989297,2.48369222761296,1.65941975952342e-05,2.56730072491266e-07
2.9032415677077,2.92019036451573,1.73185901425824e-05,2.57471601753517e-07
5.73316158873393,3.04315275573113,6.30656514004481e-05,1.94078539490685e-07
5.97830224355367,3.2721693770879,3.97398186969453e-05,1.93988130567689e-07
9.29885686661495,2.20797017678436,3.36183344115101e-05,2.62120870757427e-07
5.97225479612447,2.37834260357709,9.99438607688982e-06,2.2377117381825e-07
7.00323831309477,1.04215971302394,2.43893127503773e-05,2.70542189135551e-07
6.93690372455021,1.03834008229395,2.82681448788697e-05,1.74019523807402e-07
6.47282516498286,2.14480302267384,2.91378265360055e-05,1.85075251996295e-07
6.48868282490992,1.40733959224079,2.50413255874165e-05,1.79934113856893e-07
5.49307148520544,1.62693590029077,2.27731931343768e-05,2.62021334409715e-07
5.42893398118889,1.62960782860126,2.3957536762108e-05,2.94451916303309e-07
5.55142432466593,1.33797691522639,2.48152950672283e-05,3.71084881833871e-07
4.84792123784689,1.18536682170419,2.74148979186224e-05,3.55946629657412e-07
4.55532875873614,1.84926457261443,2.93103435729025e-05,3.06091425257948e-07
4.540652328016,2.00467352594915,1.72194975572498e-05,3.159551186564e-07
4.55287723168294,1.87574905520254,1.25214933340232e-05,3.37196322997045e-07
6.33924733599662,2.46590498366915,1.03243342666407e-05,3.44756616725752e-07
5.95304840117075,2.48813538240775,1.0568314010136e-05,2.29231424136364e-07
4.16005163184825,1.4594341092278,4.62816491197841e-06,1.7078491297191e-07
4.14326245717188,1.74925180061347,4.39303908554113e-06,2.14426792789846e-07
4.34494147885047,2.91320101141406,3.75250039664326e-06,2.69869709214797e-07
4.08965266510586,2.99734587580238,4.12672824637362e-06,3.08013377087156e-07
4.10222156154745,2.01024185592782,3.96096300202266e-06,1.62680404796184e-07
4.0529344742178,1.9918342781331,3.41025907701478e-06,1.48968040937746e-07
3.47954637902261,1.55720643555189,3.67150144363416e-06,1.8330304512144e-07
3.53383960103427,1.63537085916796,8.43848953607853e-06,1.2931109556303e-07
3.36403494400805,3.05769996429357,7.36502059001494e-06,1.40293214999412e-07
3.42601679735395,1.12590476482532,6.73449526974533e-06,6.85292069145863e-08
2.98918428880301,2.09291654836721,9.17011476291865e-06,7.25250907176339e-08
2.14276045440667,3.7261408614651,1.489596320194e-05,3.18899220898869e-08
2.42693893335418,2.16774309256863,1.36475808682908e-05,5.90413832801613e-08
3.13017260406799,1.24297997915848,1.40249107158023e-05,7.75088486460688e-08
2.62525477315874,1.19541526288423,1.5007405518274e-05,2.31550343011581e-08
2.65216258262368,1.42814394917041,1.94891437903755e-05,6.30713787785821e-08
2.7229305099952,2.30238170088589,2.11303738628432e-05,9.27626691500443e-08
2.74024584156934,2.47679604750487,2.02905548983684e-05,7.76458174348493e-08
3.66215043238237,2.51775869657649,2.45219131825812e-05,1.09583164421339e-07
3.0207035577896,1.94465529816864,1.44609693927623e-05,2.31245836376527e-08
3.027595703078,2.01416605543844,1.7836971792946e-05,6.20812023097018e-08
3.11231995636972,1.48458346163432,1.4603082345921e-05,5.76518322423247e-08
3.0172825107573,1.56030666805494,1.39584315401082e-05,2.39207463559402e-08
3.1514759319993,1.87176892197148,1.74912952646967e-05,2.0215060379913e-08
5.195508846582,2.70919149380075,1.92797247684415e-05,1.49011611938477e-08
4.9580067787171,1.76932904559732,2.178875611357e-05,2.34876152544787e-08
5.10216269411098,4.35255573053164,2.76076843791935e-05,1.49011611938477e-08
3.13967788142531,4.27819078815064,1.09541800658692e-05,2.73189090106925e-08
2.75924292088985,1.60320332776339,1.32226483487045e-05,4.25758204478614e-08
4.71036785097374,3.31966566673069,1.64986433744843e-05,1.49011611938477e-08
1.50734768279263,3.90727108064011,1.63215774296715e-05,5.50228770744218e-08
3.67774761853903,4.07943954461272,1.67234224935214e-05,3.00429100940352e-08
2.36050144187109,4.55514946223637,2.5808726843748e-06,1.26026467220898e-07
2.34922802536288,4.03438507026887,2.62610000716355e-06,2.29554655682875e-07
2.37199876109484,3.93771102260536,2.36437237668766e-06,2.00994345474614e-07
1.08089297890376,4.78175411796321,2.18636085744357e-06,1.636113946293e-07
1.74774255062683,4.57205915850594,4.65494188724064e-06,6.35761992062705e-07
1.80481533216807,2.71483059630475,4.65002420270709e-06,5.33973699007439e-07
1.56920811252927,6.29816586771856,4.16135143966548e-06,6.41218247269914e-07
1.63381786804879,5.77898965242886,2.31831642340556e-05,6.15736905172602e-07
1.60592711781913,5.64334807397936,2.64010571235667e-05,5.7753904649226e-07
2.20102420941968,5.25156961337318,7.09180866858294e-06,6.63244770986483e-07
2.35159699277918,2.57958476451906,1.07512372511733e-05,3.20537471814319e-07
1.72669628070005,3.15504175887258,0.000107081769297435,3.64025984624788e-07
1.58837309309496,2.10132965614966,5.27065360174941e-05,7.24785025368272e-07
1.47866683203253,1.99707663536407,5.78717122104776e-05,1.21872574088218e-06
1.6559907390071,2.01507765658188,6.24723799118948e-05,1.11192739337455e-06
2.02619519624197,2.84545389604318,5.70978070397133e-05,8.96872736846285e-07
1.37086459973313,2.83984718744217,8.97000337897821e-05,6.33355995072801e-07
2.51879336921411,3.24966631133821,0.000140093848204427,3.71365394442214e-07
2.28079504849096,3.02508729680496,0.000114636605554236,3.06530196236424e-07
3.42441382561585,3.34647976199602,0.000122942157391947,2.68892334093611e-07
1.88721053624546,2.03324491370484,0.000519651442958406,4.07795340608976e-07
2.14946007365279,2.85692708075982,0.000684805689808268,5.06725015818376e-07
2.15647692222674,2.89506140612792,0.00123673490351578,5.13718814719384e-07
2.22853220133773,2.64581964972571,0.0011957404221101,4.41061173566954e-07
2.20481462119631,1.45171041801008,0.00149078488184565,7.37249835928502e-07
2.82259323193648,4.00889657660864,0.00134615601696802,8.9808266021587e-07
2.65613106703202,3.96920334964103,0.000251164842171389,8.91477257692532e-07
2.66317582891683,2.15147969709193,0.000241607194665896,9.74803156861409e-07
2.76060569678742,1.99203274821237,0.000172493467867009,1.08796348439112e-06
2.85683658846967,3.15702293788556,0.000209515709759857,1.04927378755437e-06
2.95051939162018,3.14453068114894,0.000165225056070507,7.64491528310249e-07
3.18894193876171,3.25092726538045,0.000100293143530982,5.53378581303532e-07
4.53421059045839,3.04775201731394,4.83835238789707e-05,7.5033234340275e-07
4.43557245567601,4.46806054372664,0.00013096144082319,1.44213781846911e-06
4.23171905600972,3.50234517125104,2.17408806862912e-05,1.50830052431824e-06
4.04115669754843,2.77712603169362,2.71507834349461e-05,1.48163633314009e-06
3.02181862170059,2.9729020331048,4.3345721464839e-05,1.71700849665776e-06
3.21717855599782,1.4533673040008,1.67483582873863e-05,1.63214511017579e-06
3.40197180037569,1.56924336046616,8.29403537664198e-06,1.00748993664976e-06
3.17739077256163,1.27995037433955,2.22717947517083e-05,9.58465427627342e-07
3.1821758381035,1.36078898356888,2.04529121215958e-05,6.25437677231171e-07
6.99276552564588,1.35574169073939,2.49154730851911e-05,1.25177258162605e-06
4.99043045862272,1.81292495407332,2.08533427992322e-05,1.31434395572984e-06
3.43415256868771,1.8644464026892,1.71457332737013e-05,8.59270498077495e-07
4.15468561683483,1.86315549516893,1.857439366347e-05,8.43697794693172e-07
4.33382687708319,1.95086443620532,1.94161854396896e-05,3.94356012485826e-07
3.54020598392253,1.97224353303171,6.23413152611562e-06,5.24567703592853e-07
3.39403115942798,3.9306625131382,3.35772351172655e-06,5.52254543192713e-07
2.13405999854236,2.79634337955111,9.4981770092584e-06,4.41094869603219e-07
3.73012905437936,2.79988377779644,9.52109683137013e-06,2.90757294316698e-07
2.06093903771674,1.55681903269036,1.04582586204708e-05,5.09545810791819e-07
2.23575377900168,1.41479983082186,7.62208941275942e-06,3.72913853415738e-07
3.39506135111544,1.0786336199483,9.93839849139184e-06,1.12291969102798e-06
3.37520387054668,1.08113370864069,1.32694228471919e-05,1.97977689705135e-06
3.18181522054583,1.41553074622798,2.435454379284e-05,1.0791710567535e-06
3.1113681613042,1.41817074148514,7.46540965497667e-05,5.28378706666553e-07
3.16002384662308,1.41020422910729,7.26967429368328e-05,7.68428743455315e-07
3.32840833021648,1.39018899370989,0.000113226749465841,3.1398882623372e-07
3.37147297277988,1.11986975487834,0.00014824005070704,3.59292941298681e-07
6.24209984351663,1.28706174214498,0.000111171409256779,2.20136789874448e-07
4.86092999209824,1.60129180490907,0.000128514555355689,2.37238322742033e-07
4.71074470521737,2.4602900135536,0.000153800153231788,8.6279285099705e-07
4.33083755452535,2.43546382632387,0.00035651130800625,1.03583693382672e-06
4.27559389776638,2.51283763406354,0.000120505874348116,6.08540188686608e-07
3.24408597201284,2.47960484762967,0.000132936806562064,1.43784161821083e-06
2.38008544907083,2.44590162845501,0.000140043254912895,9.28947496398914e-07
2.83219187115654,2.60821247533098,6.05543327822648e-05,7.95590037316475e-07
3.9700171007682,2.76446592439144,0.00012452250417855,7.14165449676546e-07
3.93806404152812,1.32944953070135,6.78671394510109e-05,4.83747560513243e-07
1.68882132727022,0.567176728077852,0.000221706779927601,4.87609725300922e-07
2.35155007389927,0.607369217021342,0.000409488376915131,6.80692587685678e-07
2.06808060664245,1.12813827763039,0.00106498908368705,2.68675939451802e-07
1.53172080253529,0.950836151157719,0.00131500796982434,4.12251098035573e-07
1.62998922182848,1.76677075240164,0.000334715692787271,1.00090363051249e-06
3.43933830963383,1.78513681137511,0.00100866153671755,1.57436636783852e-07
1.90771045849147,0.760978871452553,0.000877107139671129,3.02253399616811e-07
3.43655598968475,0.675185712209532,0.00289459493886282,1.01215002372219e-06
2.3704633766298,1.48559566090931,0.000861118948150721,1.08245301833852e-06
2.99280038103374,0.777145767338952,0.00179392603175637,8.55945909163346e-07
2.25026649079942,1.69179011686485,0.00411977121803318,6.99212313778734e-08
2.44150570191304,1.6940003588467,0.00326890041472286,2.04839828831238e-07
2.40593419354551,1.67536792569957,0.00313628197585611,3.35210579537067e-07
2.61197497523182,1.2047185632197,0.00127812538795852,7.38416213727317e-07
2.24214521286805,1.15371647905051,0.00096350943680271,8.02447358740025e-07
2.85795071312588,0.765182621403683,0.00102175224703429,2.1004464633408e-07
2.67147046040114,0.978260405810279,0.000899178631380604,5.7930290949085e-07
2.78649464836479,0.936369665777847,0.00239166866529227,5.17909902487133e-07
6.44405512075658,1.49408329610258,0.00195159089134116,2.04273889078783e-07
6.4304214218117,1.72440497804091,0.000523970631089705,1.00136720392441e-07
5.8004519169143,1.68206987809133,0.00203365452098853,1.34564060768475e-07
1.60169561588981,0.936102481034031,0.00254103622696361,2.24851550518863e-07
1.93265769871217,1.56852143540535,0.00262922811911332,4.15483503927391e-07
2.65571652054634,1.55930579738875,0.00130589871400533,6.22312614392013e-07
2.59915419245131,1.55623182852452,0.00222744455130123,3.6625097621904e-07
3.65965212794858,0.654992296084456,0.00192477333038177,5.61554940849999e-07
3.63916199201634,0.455492655042181,0.00101195220938364,2.76416596917831e-07
3.83324691984162,0.566635757497452,0.00148248111824004,9.73509577893751e-07
4.14897664047385,0.51506154477338,0.00115417643232257,1.15808557926725e-06
4.06866717824683,0.142420479201882,0.00118940091788336,2.25650172988199e-06
3.82840206034594,0.284436801173918,0.00518536624989963,1.70955124931751e-06
4.38050021104507,0.258653910346848,0.00170584397478248,1.19179578468666e-06
3.33042694527937,0.264061336544925,0.00298113519521614,1.04830619772886e-06
2.80478348970792,0.273436773630823,0.0121159440184339,7.60722396822757e-07
3.29122803096489,0.314359646910171,0.0206814157126544,8.13711384119835e-07
5.09361031152112,0.475732917264443,0.0207416008269419,1.40803566950665e-06
4.26277110795971,0.491391850909811,0.0100603013096989,2.00033032312093e-06
3.99939007017321,0.440711258585056,0.00300754073928026,2.17246631522124e-06
5.43905654512018,0.460725131847066,0.00257971944610349,8.47484729553233e-07
6.63266248770056,0.365614865152284,0.00258143167999261,8.52856635740083e-07
7.06535503912193,0.368646799091512,0.00256951318559179,1.58531942598564e-06
6.17592753653124,0.354098797750107,0.0029457324624891,2.89717914166796e-06
6.90894244529685,0.816993194216038,0.00151278711513905,3.09526195867521e-06
7.53580943786772,0.813344717647187,0.000329879798587003,1.70344777600209e-06
7.51465388995246,0.342850774855565,0.00117804634899413,1.57380250437527e-06
4.50771166551014,0.726269290772661,0.0014701506838659,1.32958762409978e-06
3.17573388621764,0.77116761772877,0.00122693388054275,1.24192096726788e-06
4.60014302274227,0.91953115413171,0.000266350336566867,7.1615803516503e-07
5.1227116934066,0.981566055747226,0.000281667892180119,3.59115400092496e-07
5.18975763823808,2.04451476905393,5.72608929317796e-05,3.81573084715608e-07
4.87405971763932,2.0369244538095,5.76653356300718e-05,1.31131924616104e-06
5.09336092202866,1.1394345474486,7.07240648861404e-05,1.35763409211995e-06
5.02069697665094,0.74669482949429,0.000135125421055296,1.30963568436808e-06
4.71681083415519,0.255623301276019,0.000422877041941645,1.18887671985569e-06
6.81521383328887,0.608697337248823,0.000324695392306593,3.15922926481027e-06
6.6044095532666,0.790453487521481,0.000339750045011871,1.91520474261082e-06
6.96621473667867,1.3875322401545,0.000257182706660649,5.18816363784147e-06
7.11959980650747,1.3643942920671,0.000905973089165562,4.99221477323536e-06
4.95525159088604,0.550614132187457,0.00145952927821169,5.50169593139263e-06
4.93308163584676,0.900911364662225,0.00273788560134853,5.01257806208934e-06
4.94955602881688,0.415888734299856,0.00266981979000609,4.92942479198503e-06
7.72878609177846,0.42676537560043,0.00090609708951332,5.08671437636133e-06
4.00652142395364,0.376660248680701,0.00086910133683233,4.20096401556817e-06
5.57479517617561,0.671541138594184,0.000470812042640696,4.06024810112225e-06
6.98291084401659,0.762865377637518,0.000398473921649101,4.64728663363473e-06
6.65357467312715,0.597094672418943,0.000125164994416339,2.19848931719349e-06
6.41472683174317,1.14882294845467,0.000149525786119716,1.85126085741963e-06
4.47627971771639,0.460798023086049,8.07524810472568e-05,9.44556172207721e-07
4.92520309085361,1.21896575052513,0.000128236698183218,8.61983769349073e-07
4.4171473575195,0.921010846916288,3.79598913883093e-05,1.50672813969512e-06
4.58516517613825,0.847809092677062,3.43402431595282e-05,2.52227594879437e-06
5.05042446728767,0.805754791055661,5.11112732373922e-05,2.08665747914283e-06
5.06464909253242,0.707412308239609,0.000149877231768179,2.47413795951869e-06
5.87020417448533,0.678838195545277,0.000744720024511504,2.0753093100449e-06
5.84485064085209,0.678049870221898,0.000679743959354294,2.00779642060655e-06
5.77442560347237,0.676029034428852,0.000498866445227949,2.02855011745867e-06
6.28478712853546,0.702848881937298,0.000849675455961312,1.97056984091746e-06
4.17399922938464,0.47007112028708,0.000850566916889843,2.14880311071741e-06
4.19474797710653,0.368325479128725,0.000215641054346428,2.43587653789764e-06
4.98217413254508,0.633076681833954,0.000100106136488372,2.69654071852471e-06
4.01614004910436,0.563439276966192,7.13920743709964e-05,1.1148783470797e-06
5.61180834355589,0.767259438597175,0.00013929341653798,1.20465461494374e-06
5.33654832542416,0.810579769274373,5.03283672831575e-05,7.23839118911772e-07
3.59000904441302,1.16833309795338,9.12782566010549e-05,1.77365916433699e-06
3.71971386513516,1.10338694537462,0.000184573091651647,1.54681653997549e-06
3.80827089337596,1.19054607633141,0.000161424516702124,1.24682224966361e-06
3.81099372968005,1.03744716107529,0.000386196067100187,2.70718316582291e-06
3.78254737625364,1.00622271912323,0.000529788250050549,1.01181782833992e-05
4.17082697305726,1.04081932763027,0.000520178303968719,2.75027531297538e-06
3.29253977626635,0.74957061648227,0.000562511085173892,1.1410547548444e-06
5.4174749164957,0.814441291317034,0.000583513529509121,1.29124600051598e-06
5.27959540556367,0.681083909758299,0.000295614946714542,2.30011222919279e-06
7.49923617888664,0.915800612869489,0.000118885888809514,7.47682021906958e-07
8.74550679603635,0.978462411144574,0.00020661753453549,2.66450016140497e-06
8.64569184443055,0.816570813359813,0.000132292467696973,1.93082158511902e-06
3.66247793335944,1.25496468922765,0.000432808421176374,8.04944518099258e-07
5.80150932294844,1.41373502089762,0.000516357652237639,1.37408484677249e-07
5.92018996276633,0.912948728482643,0.000467351873246226,2.51176767152817e-08
5.83077728598608,0.544205389618855,0.000305664443411597,7.44956422047927e-08
2.54932100890655,0.441908383341015,0.000287441304033913,6.10844288446836e-08
3.93639689402873,0.39982224890734,0.000149231556909347,4.74042963774432e-08
4.68378962710121,0.447707610696407,0.000146034880756125,2.20657310798865e-08
3.12162682599868,0.464449625961333,0.00018734585841933,4.23630321127293e-08
3.16496094279908,0.828846082431601,0.000161212759175971,1.40523350765644e-07
3.45335527295829,0.417730739637068,0.000125205296564039,4.22066985799747e-07
3.01776923132522,1.08887904537627,0.000156653856911292,4.04970845515757e-07
5.21012006821751,1.14065988431945,0.000579728240348153,5.22316064292028e-07
4.52525339683387,1.14656700249378,0.000553421185365562,1.16412320686875e-06
4.19910746768313,1.23957985886861,0.000432254587629905,1.05856763278649e-06
3.8899553495663,0.798963600873062,0.000394499338802341,1.02959796274918e-06
4.1300749869326,0.866222999960455,0.000238969919821654,4.83236825408939e-07
4.24705278335527,1.42373406854402,0.000265252834946999,4.74215674498616e-07
5.14247385520241,2.82656264521542,0.000229121453409183,2.80645585588702e-07
10,0.991240857064222,0.00016169013607696,3.53158602898332e-07
10,0.929832033568273,0.00010122626232398,3.91156475142303e-07
9.10128986178344,0.832501084032592,0.00014587574504169,5.5213578910064e-07
5.32891828249863,0.884125859870255,9.61728084838213e-05,4.62550056650245e-07
4.354425406175,0.889467861682633,0.000598645735756073,2.82017859949974e-07
7.11665977695622,0.762933075955821,0.000308280139788317,2.68561135310719e-07
7.14313839325114,2.15359075394972,0.000309000267598621,1.04460832505833e-06
7.60890632015478,1.01121885026749,6.9773823956566e-05,1.02623868385213e-06
7.56488753553087,2.02978844775202,3.34742176635765e-05,3.54328139834284e-07
7.11735490021834,2.00640254327616,4.77257249247704e-05,2.95045116508624e-07
3.23778717591566,1.14093965755288,6.04636411167332e-05,1.41842224141716e-07
1.47002554301833,1.96841448292915,5.25820230272063e-05,7.93709091602727e-07
3.28628239280256,1.37255642928374,0.000369573695055318,7.56312143674808e-07
1.68896411133705,1.77786601029686,0.000470394801054484,8.98706242504427e-07
0.915094376820984,1.71365057274421,0.000569034209538059,6.69827148841299e-07
1.52537590723314,2.240760928973,0.00117954659607814,2.30937848528505e-06
1.42923670029675,2.51070223968785,0.00206400545699519,2.31260257824738e-06
1.46190173518176,2.57223220178405,0.00315712756188926,2.44646239236576e-06
1.36900881522328,1.71012836091209,0.00300735286980357,4.20362310613587e-06
1.36685336873175,1.67983560534301,0.0010424745620714,3.252432105189e-06
1.62436049362364,1.3761665139373,0.00237572424238421,3.18413948720479e-06
0.990497598643597,1.26145810762249,0.00186587150268866,4.86641395775773e-06
1.46177494201933,3.24948949494672,0.000889877729399313,5.71331950860025e-07
1.05824317927787,3.15023976703534,0.00194870531567554,1.57504680390188e-06
1.1099299604884,3.15543033900456,0.00444369982673153,2.54692300523687e-06
0.889370504224089,2.77075753312245,0.00384020626033485,3.2381674244748e-06
0.752163728632795,2.72241241035495,0.00255564376598815,1.2191015464693e-05
0.774958706029856,0.923216734754524,0.00419390594358047,2.62837234100193e-05
1.5870000288351,0.961058180983127,0.00251162387612832,9.45171573719129e-06
1.52217391171416,1.98624495716474,0.00101986996496024,3.93151332420748e-06
1.3053790325826,1.27720530117796,0.000793046923725051,1.37105563545419e-05
1.26378948602578,1.27904378836218,0.00106246064043909,1.52951535768546e-05
1.31400048591819,1.19991999622252,0.00405004184592958,1.40686221222107e-05
1.07197322748223,1.07601787508607,0.00207175014845813,1.23118746620676e-05
0.991452643519951,1.1004105011357,0.00108231987439594,3.31672279159739e-06
0.633781928081298,0.870046198089458,0.00122558189082039,1.44667222552464e-06
0.655354605196262,0.85960576591744,0.000436453103109942,6.28028518506792e-07
0.778852864347646,1.94641649751695,0.00182636713982737,1.29020407238457e-06
1.91482960997368,1.94963920256428,0.00161667487645075,3.75813401396592e-06
1.89420758309403,1.51932371020583,0.00342576075244168,3.64272299571339e-06
0.937992593299205,1.51056293992037,0.00151459237172489,7.66222102888042e-06
1.80040057647624,1.5081042740718,0.0027548784857062,2.11978322690332e-05
2.09688946404858,1.95017679858546,0.000668682830717016,2.82177692955085e-05
1.95881417096716,1.87133128168677,0.000739815994444372,2.70782527208084e-05
2.29285235681811,1.85103493087331,0.000591286905811121,1.30500253401023e-05
1.87803561602195,0.935865859928713,0.000716770110115892,1.18899735490864e-05
2.06070787261488,0.937199595463708,0.00329907482475841,1.96982757248369e-05
1.13661206508514,0.682180248667401,0.0039607660289974,1.41772715523594e-05
2.90256917021779,0.695209358607188,0.00231443201813139,5.62931197119101e-06
2.86976532829925,0.602449374766093,0.0057886670721544,1.00937470404414e-05
3.06796136339661,1.01099955526877,0.00365733786546855,1.60604202642428e-05
1.72885031139493,0.823983299690908,0.00340622320452026,1.92011465881092e-05
1.17762144985267,0.505409832548557,0.0073343067252551,2.20796874385375e-05
2.20744373962669,0.667564956294375,0.00524869816350318,1.81686163052686e-05
2.03392169303697,0.57224261580066,0.00565629909326802,2.52374374726122e-05
2.10403549771305,0.94110473435212,0.00305814909188221,2.50813724555277e-05
2.59544515215202,1.08740698053358,0.000357708345056493,3.64327620323965e-05
2.40035631002735,1.09394834375355,0.00109240502502751,3.9346236698998e-05
2.46594108722224,0.876312897545079,0.00113100228680613,3.85702008802884e-05
3.79761111577231,0.730429168385438,0.00248035021273784,9.25059174368192e-06
3.81083233112375,0.72070891774152,0.00114021487107059,1.76496584886947e-05
1.82861749909796,0.327548778729624,0.00363617846552021,1.07399731000669e-05
2.59672900282458,0.710673557730313,0.0132215342117469,2.20363784067601e-06
4.09820923696832,0.855780588240432,0.00379924980315363,2.08313756902081e-06
4.26293304364262,0.959250334286553,0.0147751962176203,6.90625355089264e-06
4.45776130696097,1.04021589011571,0.00471073121299153,5.48349879244965e-06
3.91837415538977,1.03026326380775,0.00180631855323963,2.39462390151154e-06
4.29240957826652,0.653447676133139,0.00205603778029679,4.02089707599217e-06
4.14164098603076,0.60091637284024,0.00577574647151576,5.37730522828697e-06
4.2712347676474,0.600118508326678,0.00746490051900551,2.77298016706764e-06
5.0917442453084,0.563883934481598,0.0357912724413805,1.41547110834558e-05
5.83389333011532,0.531066632073143,0.0351453034346996,1.61278547493432e-05
6.3311692546797,0.45741667364378,0.0260053044173489,1.3217487523132e-05
6.28102674447015,0.777571669684132,0.0279794439675358,7.23947000738245e-06
6.62680424788487,1.45548378663896,0.020701887013156,9.23351890253624e-06
6.72180662184808,2.64569789300867,0.0264102205147525,1.18381513375165e-05
4.05324112778617,2.78414840829653,0.0276417826977143,4.09603195990954e-06
4.30341415077753,2.14375971142159,0.029601551215307,1.78532812227375e-06
4.0381338539526,1.92872673377295,0.0123047318693027,3.17932574988874e-06
3.65649144369963,1.03668993887177,0.00519991250885624,4.3001747275774e-06
5.16594642202574,1.85665452527521,0.00967281564278565,4.09760772498626e-06
3.79403604083534,0.890167286316291,0.00894192798822417,7.23976604370721e-06
3.83666482968882,0.974680724042992,0.0126401560532724,7.90857986395263e-06
3.73001900793883,1.42761071478559,0.00445007396374869,2.50474050112973e-06
5.78417670319002,3.35531928863746,0.00425123439778204,2.65744621015137e-06
5.3996389799373,0.899702556129678,0.00787231188068937,7.13341797478568e-07
5.69007312311762,2.8185850652195,0.00543984620527922,4.52355716653299e-07
4.97757064734091,2.46818650001916,0.00831808672965032,2.92303012914188e-07
5.00301520157111,2.61115344813348,0.0101929490392663,5.72043926128434e-07
3.49584241967757,1.8389146410622,0.00703030710375734,1.85538846524979e-07
3.73727686297148,1.49479942533824,0.00674649576112313,1.72190125072315e-07
3.6916675756318,0.681751884562086,0.0084297691986545,1.2705139610871e-07
4.91376956384855,0.69630029633433,0.0043592106541232,1.41258307359863e-07
8.28416827801557,1.589689837315,0.00369419074872997,2.60265150661384e-07
10,2.40755886942596,0.00518020915548689,5.76596698189678e-08
9.96263308104826,3.69449103050089,0.00179108872131653,1.87850293420509e-07
5.33313480875164,3.45530002431605,0.0040510209555236,1.52828103533048e-07
5.86977170115773,2.1803006748042,0.00236606366161936,1.81259381569227e-07
6.26243595652835,2.17708663857191,0.0024753232192036,4.56866346969802e-07
2.9232851384455,2.17597823041295,0.00300274466611089,4.76375094916511e-08
2.79643447629744,1.92902301932832,0.00158127348754289,6.19619448733512e-08
2.78120951649311,1.32349099916688,0.00894447911742106,6.87667421383357e-08
3.03932804800497,1.66085468284418,0.0137660728601757,1.70740057078052e-08
4.81032710933519,1.67092340701716,0.0136120583504362,1.74910914692949e-08
4.31818228552525,1.64473194654489,0.0119505499651049,2.61304278860678e-08
4.31976749640075,2.71202713363495,0.0227167788631454,2.62856249900508e-08
4.2931975438408,2.63282817980482,0.0228487158793632,2.43970273464038e-08
4.18703779205214,2.07709857865975,0.0223679046453773,3.99221614875887e-08
4.4215748810544,2.25356653838004,0.0289181707096117,2.8626186741499e-08
4.99438634411199,2.48794006812644,0.0160754856718926,7.24026115092707e-08
7.19553744320205,2.14469996798118,0.0161924784960006,1.09162930947407e-07
7.32821040339113,2.1546384356801,0.0179494940398961,4.80025994078156e-08
7.23210202031856,5.15306101721944,0.020751064057352,4.79909100865562e-08
7.39195614056574,5.15471004203624,0.0205954384816775,1.3040070168922e-07
7.41820074992196,3.16680770943261,0.0222965717417145,5.25336646829274e-08
6.44376019363699,2.73255844486108,0.0174353884741512,4.7657538168885e-08
4.15763484498646,2.96588877341199,0.00733967022537033,3.42975831095811e-08
4.84265112154317,1.85918105748469,0.00710760048313865,2.87886552160969e-08
5.03174221057649,2.51610755906524,0.0208805142455992,4.44909479423325e-08
2.69093269079604,1.29300885783356,0.0120599165495378,3.95001861089346e-08
8.30075283295388,1.79310418814228,0.0113661750428516,4.91180095728778e-08
7.64090621748794,2.75698755654692,0.0217169649108123,4.33819002712453e-08
4.7003233386192,3.41662060866513,0.0309717417595377,7.03401347669697e-08
5.40627075408149,3.1377268546957,0.0261010404557959,5.80498801744111e-08
4.18014138601953,2.07715450077476,0.0271158583636504,6.21396410547449e-08
5.28153480834619,1.71898091565939,0.0195142194716912,6.51525323356682e-08
4.62518807273853,1.63333137304208,0.0198976433759243,5.02247050599362e-08
9.65800703297951,1.61402774687225,0.0256172329473253,6.16409397043452e-08
7.55548633633531,0.811442664761921,0.0133757451674902,3.08891934932304e-07
10,1.68774678411974,0.0198899248448262,4.11401082742039e-07
10,1.69494479879786,0.0187795368638024,7.07620399259313e-07
10,1.73562302408271,0.0245458339912991,5.44005721677849e-07
6.01770089282101,1.84556765854801,0.0372402543855037,1.52888291946891e-07
6.10423945546645,1.06160626869992,0.0437392490843467,5.87072930241468e-07
6.08754773927561,1.36274326004748,0.041460553821131,2.35485701712147e-07
5.88611069720821,0.8135824417398,0.0278745703371133,3.42402079784867e-07
6.28130641275871,1.62081290583479,0.0310796693921677,3.76451311473096e-07
10,0.685718708257937,0.0223224834205899,2.78376389155976e-07
10,0.467571813250379,0.0279580967968299,2.63432231044869e-07
9.28002854973078,0.669792313652588,0.0484604671214731,3.49580873687042e-07
10,2.04929396729069,0.0475454578123129,9.83383673168259e-07
4.94312323002887,4.20978204426941,0.0329594183270163,9.89130438505169e-07
10,3.0789761590847,0.0324333068274487,7.47309716070987e-07
10,3.40540922010383,0.0244184834020223,9.15164762749313e-07
5.88632643698424,1.72056162001569,0.0256940604087326,1.53587293377075e-06
4.8324585221312,1.91941440375789,0.0237964562317266,2.35825838536198e-06
3.2307621217375,2.17171227826422,0.0204004810520396,3.08390081757008e-06
3.21511131969339,2.07580211610592,0.0166841809844982,7.82516694748147e-06
9.73482687202806,2.06809104209504,0.0137828798827295,4.91358649444258e-06
9.75714311748015,2.11622613809381,0.0154471256535889,1.44924219100298e-05
10,2.11018990632532,0.0195787974924274,1.42150096548076e-05
10,2.41026795979829,0.0357647247294136,1.70947032549416e-05
7.04615215900441,2.39902704379434,0.0470288459063835,2.14199349103383e-05
7.0901274878197,4.16108253941544,0.0528681053001696,7.71541398565383e-06
7.20956345205792,1.14045849476141,0.0426912717723832,1.31623516010547e-05
5.56288729352149,1.11733111732721,0.0417834494291196,1.45278154123857e-05
5.01057565001422,0.702945693713746,0.0421055775457352,1.84161908631902e-05
3.15358509479578,1.39653609675241,0.0397279992284774,4.76413041185711e-05
9.41793800954692,2.63257307710144,0.0378375781935671,5.96904284976246e-05
8.94424548667666,3.11997278387917,0.0250650118216706,0.000141437500047765
6.50024890944958,3.11043994978078,0.0209634346864806,3.42294348374356e-05
4.56146378432488,3.0406200371132,0.0216733764617123,7.17193483680689e-05
8.78970521345596,3.0096541578179,0.0223363103333008,7.1256586413937e-05
5.09137583194082,3.37001989119482,0.0216841404230867,5.62131022147605e-05
8.23802868052262,3.43881628076379,0.0287503056853545,4.53766215143703e-05
8.6756356218658,1.49388243355635,0.021284510611936,7.29336395397495e-05
8.78050065410942,1.48626583806979,0.0358296774716595,0.000295612039717779
8.31094780674481,1.58201254739854,0.0542784923192835,0.000410331704279674
10,1.61958290653763,0.0427546612389187,0.000418414244708911
10,3.23122460370418,0.0283644646674327,0.00126711355279398
10,3.03549055059033,0.038015765106273,0.00120858920231876
8.91618282227468,1.17712869259216,0.0269957398724867,0.00131717957264129
8.88835139354225,0.858168660625588,0.026925113060629,0.000839009077681787
8.69354158529066,3.34592819957092,0.0340710057610022,0.000824856748489253
8.8217510018147,4.13541700095077,0.0348078418943555,0.000722675185788753
4.81699305340168,4.50914113916981,0.0365728151469682,0.00036278027646194
7.26884207102423,2.33747937253873,0.0517908742309965,0.00135196679478328
6.61897977705121,2.91807173935729,0.0593587904878268,0.00124917020845304
10,3.11927360233676,0.0556654256513275,0.000847059321199977
10,2.43136753635095,0.0558071014272173,0.000867709425380454
10,2.83242522076594,0.0489876935907296,0.000223960801495012
10,3.71885344826856,0.0466145477505074,5.43188530358767e-05
10,4.13939114824956,0.0490107048885989,6.76311443365907e-05
10,6.800876219731,0.0465814330449189,4.48822302513077e-05
10,2.50434104473403,0.0561245308276375,0.000203867555059091
10,2.23534124051293,0.0700219272400915,6.26894379625312e-05
10,4.201584260249,0.0253764254602891,5.38531866961437e-05
10,4.20643205869892,0.0262051433374597,2.86595952703612e-05
10,4.78430968562265,0.00952709071259783,3.31446548320188e-05
10,3.8210360886918,0.0143811039805738,1.75708831760638e-05
8.4456150132636,3.69376577830535,0.0158780354737439,1.88158780691084e-05
10,1.60879636018208,0.0123307931893953,2.0840581704297e-05
10,2.80787408444064,0.0173161804198006,8.2635219335474e-05
10,5.86419956351874,0.014351506356682,0.000104221599694847
10,5.96334751769602,0.0146343003209143,0.000278871539599656
10,5.90340502784602,0.0222610542505146,0.000216723205640317
10,2.85475808076417,0.0119959831282844,5.65832064621526e-05
10,2.88633027482119,0.0144704536628408,4.96637682343459e-05
10,0.949755410713783,0.0115499288913046,3.46471415180814e-05
10,1.27181030720232,0.00341832949255686,4.87189636292606e-05
9.91357835935291,1.41066413187484,0.00386868518618125,3.62345044655799e-05
7.76190279771865,2.36389137733553,0.00251095922482106,2.75803320527303e-05
7.60045576496574,2.99991330696574,0.00214648858514841,1.95455107372029e-05
6.37060987949531,3.29004365698085,0.00103224984497799,1.97156684658863e-05
7.65310448173172,3.88441453852167,0.00153526840140868,4.93728886698761e-05
8.57197286301052,3.78423884933221,0.000924929273418273,2.53453705438591e-05
6.33064201678488,3.84604346052183,0.000909596734591593,3.76786477885986e-05
5.69968115316871,3.89059574187188,0.000708379771972073,8.79114101298739e-05
3.61377322961271,3.32979281365897,0.00161901465751126,8.1539207227388e-05
3.84336951073725,2.95474813212146,0.000397632121741664,3.69047960041698e-05
3.47898244275462,2.99562250092458,0.000730967661943396,0.000153907873881471
2.99348009535272,3.00686581598085,0.00116807527999264,0.000525487486983303
5.52579408261852,6.58799452568535,0.000767406432613278,0.000790428633924751
6.07365235936944,6.11596910089655,0.000576074222855529,0.0020230779239175
8.28173189893263,6.0132269726607,0.000348680377680708,0.00194314313871152
6.3383519329007,2.54082634969971,0.00033815059748376,0.00301842771198691
5.63099143979605,1.60385837402937,0.000377395525354647,0.00295492260058335
4.33521471462758,3.34282523293507,9.33744614855908e-05,0.00268838009723837
4.42274741457572,3.36288588111882,6.01500424579518e-05,0.00113884727842821
4.05984783710494,0.677950050817963,7.48737497543944e-05,0.000651268950215176
4.03925684623922,0.624213414013789,9.90811127507812e-05,0.00136629629262153
4.14581729511692,1.40431690245101,3.86343774145762e-05,0.000890508709072613
4.25906964191303,2.579874432578,2.58994927644475e-05,0.000995223272444035
4.12166061699856,0.911414731749555,4.78901124130067e-05,0.000354156904516256
5.8085646330865,0.782515065291773,0.000268378283278552,0.000475047557249483
7.18936371615838,0.651936940185628,0.000250098067900643,0.000667513440192169
5.45601947559204,0.945780809789876,0.000373272809959631,0.000173307222852116
5.56970558084024,1.39277377670164,0.000381321623379587,0.000168662733431486
5.5509441453786,1.49645687436745,0.000482957196331046,0.000150482730862505
6.9829830513768,1.92415866549169,0.00116564010144614,0.000126442427424707
7.75634136408655,1.37358419766181,0.00270254943198211,0.00010270074781941
9.73742799218118,1.15629549011264,0.00285172740599066,6.46302227998233e-05
10,1.14227914310426,0.00294411089515076,5.84370962528999e-05
10,1.05385863008045,0.00479052840321785,0.000150664723525473
8.26190815407204,0.904253486975176,0.00689593359838021,8.23399015252639e-05
8.67277939520036,0.817896541284854,0.00385453537682409,6.37195717946848e-05
8.09063760958725,1.83468746140002,0.0028468713626104,4.7020537401488e-05
9.32465656433194,2.66910700532662,0.00252179811990056,3.2287691769041e-05
6.46566097928944,2.68462166160326,0.00105872163189179,8.00315905411542e-05
6.89134114728569,2.68938052565494,0.000774243119635778,5.34624718548932e-05
10,1.32170633568936,0.000708847495580294,6.9999603323157e-05
10,0.772461205777254,0.00219706578846436,5.45226928170373e-05
10,1.09252767326319,0.00234257656435357,1.82960224252572e-05
10,1.94814545717702,0.00135249937639895,2.23543864826294e-05
10,1.93423506458817,0.00228384795876051,3.03725590497343e-05
10,1.84126505952359,0.00144149392355089,2.61105534917186e-05
6.48944584061064,1.85982039171701,0.000999955507153176,1.61505125203129e-05
8.59132515130681,1.87092623212994,0.000791803748545588,1.39220837043691e-05
9.82978781865735,1.73656742385221,0.000803803329557224,4.45090999227676e-05
10,1.8816866031079,0.000943070963775652,4.54914417442292e-05
9.27204965219833,1.59611439158547,0.00129143174181428,7.44130553382334e-05
10,1.60494237106814,0.0015453401965725,3.99274658315678e-05
10,0.965889958055086,0.00109416255146678,4.03734406486282e-05
10,0.856849731876318,0.00127785362981771,0.000128773911659274
10,0.562273377895999,0.00109995453567116,0.000187835434822814
8.14292432576673,0.85871802066682,0.000956858523254867,0.000177708871202908
5.65331087529943,1.60433250144262,0.000989590963756104,0.000155571584812258
5.91142201824783,2.14561771438102,0.00125036508056807,9.42941725046448e-05
9.39023206403814,1.2890703137547,0.00109874289066038,8.20300828540221e-05
9.37158059510723,1.10886924335378,0.000474106604665756,0.000110815758898459
8.88059665944253,1.24817299037064,0.000597178283517925,0.000127639807630472
10,1.46352258257801,0.00030754029773045,0.000102398020692562
9.91882482617075,2.51340411217825,0.000664211633237386,6.74862477450222e-05
9.93850702800453,1.78948688374348,0.000698966542213064,1.39245717408437e-05
10,1.71395587631814,0.000486239496147047,1.44252974099282e-05
10,2.2913173726825,0.000383352625473988,1.50491765526873e-05
10,2.23519150328779,0.000848393144002458,1.51491928545053e-05
7.53123605205503,1.63521162972069,0.000803642016763384,1.47274248415034e-05
9.38690694336459,1.86514268661871,0.000974878351254411,5.97236211820442e-06
10,1.79444910920478,0.00117468461785763,5.32868946191604e-06
10,1.5013913129607,0.000842340915138191,5.98692707255992e-06
10,1.54509922205434,0.000639873244481546,1.35820078089052e-05
10,1.63977696820079,0.000238808786941422,1.09015762364736e-05
10,1.70167670571511,0.000289158334602737,5.56654912752055e-06
10,2.2157957319773,0.000162729650927009,8.61498176192257e-06
7.81836519222154,2.34416985455828,5.53784009947939e-05,1.29304014774502e-05
10,2.6611933755698,5.65789530664004e-05,7.89765574848258e-06
10,2.50896471029104,6.27576077271273e-05,1.12034037597075e-05
10,1.61818632812206,3.10126324016093e-05,8.2550158759899e-06
10,1.44835320877659,1.64881248562354e-05,7.64000530339374e-06
10,1.47742356980945,1.18729342380472e-05,9.06595637133649e-06
10,1.42177193836418,1.3306218140141e-05,2.59525104170086e-06
10,0.775444548751557,1.52982680940351e-05,3.00637327128769e-06
10,1.74163187076465,6.84526426236729e-05,2.59015093211906e-06
9.33074984269333,1.82901155597652,8.35234153298738e-05,5.60653617228682e-06
10,1.81438610409143,0.00027463123476779,7.52703092499248e-06
10,1.60999424791926,0.000308123890043118,3.28561077061162e-06
8.48537349517137,3.27858323360113,0.000281477438139094,6.91940345860473e-06
10,1.22462102597961,7.09049180537857e-05,1.04099988262952e-05
10,2.16130510935904,8.72334696592923e-05,1.68882863744659e-06
7.30228276754555,1.50828457577984,0.000121466183533595,2.43346717140632e-06
10,2.00707597377444,0.000128809477888371,2.54968617960691e-06
10,1.49125961013609,0.00012042276744519,2.59718669721517e-06
10,1.26501314404763,0.000110310039089369,2.1835110066317e-06
10,3.54546580482471,0.000156392725044261,5.63624302991953e-06
10,2.40098927838721,0.000132298221075809,1.06855459896729e-05
6.3185125036689,1.6702946310364,0.000283310903407743,1.30049221544905e-05
4.96051465285505,1.80346904552438,0.000110819915822271,3.09193089534859e-05
6.36977031845643,1.85713055359172,7.65371053200673e-05,4.01588447586825e-05
5.1069684013167,2.51988659320563,0.000181190122587309,5.09279868045959e-05
5.66795441948576,1.47365067289942,0.000106011066434499,6.35247364398972e-05
6.74463347259749,1.08346418627738,9.18622432138809e-05,4.18113047293184e-05
8.26040385545217,1.12118942654814,0.000388838102270785,3.80218215380085e-05
8.35111359120419,0.889891189096452,0.000254138073270913,8.4759859311645e-05
10,0.84637238076848,0.000313818752296502,0.000292386688710883
10,1.34970472601206,0.000270330272621109,0.000403973623017624
6.99672574781172,1.17666550095595,0.000329327856531282,0.000388981360628513
10,0.659899227282453,0.000349825610687087,0.000803047994784771
10,0.733573995557408,0.000286994605053321,0.00128593090958792
10,0.728479603845135,0.0016832189008248,0.000701777209120236
10,0.590003928394572,0.00100868945819653,0.000617275721884827
10,0.564243230388183,0.000931776708058933,0.000550092816308494
10,0.51244173398291,0.000936253663584261,0.000204673207432315
10,0.492384638376666,0.000635055826408109,0.000232846573293068
9.31075024284648,0.814581369416628,0.000569313556696915,0.000172429558428116
10,0.498568004268209,0.000427444995794315,0.000324744108813306
7.81810369276438,0.471638518975701,0.000392347876745884,8.19725941693453e-05
7.37245728321519,0.485194112841509,0.000622971428981602,7.8315479561285e-05
6.12308714332223,0.47676619977779,0.000350935985889014,7.23613529917932e-05
10,0.613605952998623,0.000278607563552141,8.09722818426821e-05
10,0.382258731588577,0.000393821248263507,4.61515120633539e-05
10,0.373529131693281,0.000781587506544431,0.000120018570597847
10,1.18821135783215,0.000913175778848845,6.89813455534247e-05
10,1.11038009570562,0.000571668175799821,5.80485022263683e-05
10,1.42187709155289,0.000668802390085035,4.86707392247866e-05
9.62370817099843,1.29801357641536,0.000666281387851146,5.34880803509333e-05
10,1.35658279382522,0.0010992920077753,3.36600711080266e-05
10,0.487210677466597,0.00128994402137723,3.55510159800717e-05
10,0.510403867162413,0.000697063830212752,0.000113035745367598
10,1.17776968391026,0.00138129879277635,0.000191447104740146
8.92427294258276,1.17304298552631,0.00315857378927888,0.000358163375250423
10,1.49296010133373,0.00251480549864809,0.000437620189009005
10,1.27012326728832,0.0017511337983683,0.000464617881480427
10,1.40619138443673,0.000999475788016975,0.000368168327605988
10,1.39040092151745,0.000730545451774052,0.000460368808218655
10,2.65736303638423,0.000960362591869401,0.00132362190112822
