"V1","V2","V3"
1.34713341876388,2.45277891049552,0.000155358187361292
1.11690653677418,3.26027898481277,0.000119382405237046
1.22912517238527,3.05878555290212,0.00013989031433546
1.22562683346356,2.45409395211596,0.000183565281993595
1.22132463318602,2.07920018533494,0.000216976889666803
1.30475436909353,2.05968882368496,0.000293929024747887
1.84641531842614,2.34796631039445,0.00013295584414412
3.4227438136721,2.79704599783557,0.000174937365508105
2.06737358957109,3.05260667741119,0.000151793617809951
2.3626987153709,3.30942622738391,0.00017947433979231
1.74385361900034,4.25814657259595,0.000310383982121178
0.825880075338927,5.17532690151711,0.000237246803774309
0.755180462911296,4.34687945865277,9.135607437656e-05
0.698888428870003,3.86928792048056,0.000104329187325699
0.691769167363365,3.28156624221081,0.000350925510080439
0.683865544585331,2.48870707748615,0.000479919586012669
0.582472898611706,2.17773393054018,0.000513225537162094
0.524191131637499,3.79043841766432,0.000438785541760573
0.881400968065638,3.67530167146568,0.000304866095727247
1.32470008353093,3.246235850734,0.000311795676984972
1.28681838162918,1.99917620832035,0.000494314376154943
1.33771125242573,2.27187524595075,0.000964512986610048
1.30866013950834,2.9515773866245,0.000694532673890915
1.03982569035627,3.33071849289016,0.00081494908704146
1.0907689232277,4.20432134661369,0.00121152906783314
1.09221687023881,4.26641031428829,0.00159314991441727
1.07356986674751,4.75162975615489,0.00131338187216725
1.20378643027124,3.79994286496101,0.00064390032128006
1.23613773586314,3.72439691650684,0.000325635448229008
1.27105630575201,3.75541280149917,0.00037277494550516
1.06229767579282,4.8956151069611,0.000225840637581431
1.2539484251016,3.04956796406617,0.000269445112971113
1.52284683955379,3.0752602820751,0.000222230652840726
1.57754007738457,4.95935775677962,0.000340500954725965
1.63777887173688,2.97936415959226,0.000871374940715686
1.54821875283152,2.91121551976765,0.000470117121570503
1.40220003461324,2.74454438158586,0.000420719528875135
1.53411237632035,3.37130445719675,0.000222407934382416
0.896449325037184,2.9725492125568,0.00025157998081584
0.85507723078994,5.87551491776245,0.000143091479265349
1.28260870376415,6.06736235444995,9.36844725119224e-05
1.48415408293615,4.70212262064934,0.000225641451863478
0.726972557282361,4.70208323658456,0.000208823995596605
1.34041007604908,3.79008523270017,0.000427477232694772
1.27002321781119,3.8297908750779,0.000422855617061329
1.01498094881384,3.90180877833719,0.000516373076616774
1.01220955278843,3.93966548961051,0.00031742456948238
1.23434938496171,3.72190825479277,0.000352886119671062
1.08132727099033,1.92156599270529,0.000350825682558221
1.45576554520102,1.4496967856459,0.000433395170235587
1.37094228576384,2.75449035911358,0.000353802315780141
1.5561310864724,2.92474471134441,0.000471976955720188
1.35366976970265,1.65510252371172,0.000308231746164184
1.21420487612819,1.69710174780983,0.000135214140543044
1.4903840310231,1.58575533879076,0.000107994426608527
2.44262400440815,1.53404287962244,0.000109980577110934
2.24038340118595,1.54585521775513,4.85289080642764e-05
1.6734928383999,1.19660317856215,6.21786738418405e-05
1.68674033904306,0.978757472979968,5.45340596742867e-05
0.915234164921246,1.43732082676748,6.61447051642538e-05
0.864662290175754,3.56804060166906,6.39118604848084e-05
1.54328335438467,3.69442724519545,0.000109896274753955
1.7148930178481,4.87082198963364,0.000117392169701356
1.75117017716199,3.84872109426509,0.000108109603620743
3.17442823536579,4.01512353132858,0.00014432728867624
3.03953523725412,3.70553104458835,8.23243631759614e-05
3.44542347861077,3.61117352615728,0.000115545220197939
3.57575478933972,2.75455353461706,0.000118371045670707
3.5838994748774,2.31154281789099,7.70576937237697e-05
4.78151595365215,1.64166244518354,6.37475725725903e-05
4.67911661064292,2.56317299814711,4.42179529709539e-05
4.75071868277974,2.74767358424462,2.92524844064222e-05
6.53783363982702,3.67239693131932,8.78773706324282e-05
3.93050126764011,3.12844446656706,9.96740775618498e-05
4.07969980825426,3.08517266550355,4.17275271132272e-05
3.84553383179286,2.81508757724967,3.9213956221477e-05
3.72533816571771,2.70341213711068,3.01972010658701e-05
5.42197862294314,3.05232265124295,1.4963412174851e-05
4.6232036025466,3.30901670724969,9.60643705734761e-06
4.2997509224567,4.30737872482052,3.70313343101321e-05
4.71615064252899,6.88714850051809,2.64469725446709e-05
3.5014892031434,5.33529675772663,0.00010019424023919
3.56683222714605,3.69169112227559,5.82677422800621e-05
3.78794384428085,3.64174457265763,3.3304665079211e-05
2.93526411927566,4.42765556984337,4.21487728563042e-05
2.25427780673046,3.82905792200352,4.02980454841688e-05
2.7561313422876,5.15284910330076,0.000141864001417169
2.98534348764989,5.97112795707715,0.000130409679709256
2.5513807392781,3.60381984609824,0.000122898225932372
2.74862891420248,4.38867249919661,0.000139762946649322
2.7477983511276,4.22939889197457,0.000179654421252056
3.8183222955029,3.24930965563061,0.000182982445416615
3.58484605042436,3.03801104744318,0.000165801671685245
3.30867506971088,3.08211472390375,0.000254889659026922
3.51768157064067,3.14698160569072,0.000426173814437706
2.83573015971813,3.03152949793114,0.000426682500090967
2.77200481467992,5.19780968973673,0.000449325094424345
2.55001774137206,5.70296305676649,0.000548269960816964
1.62115831915493,5.32162206792875,0.000613140434728306
1.60364181793993,7.7266891403929,0.00109298737855397
1.50278506567048,4.50488654910953,0.00093673473024763
1.73072650279743,4.56657141323093,0.000969245987447952
1.5985832394702,5.9682250057215,0.000923197364028369
1.77599136948964,6.14815581552503,0.000565141762380535
1.92293429841078,7.60532232066431,0.000522364346131185
3.12095588069588,7.51706830072012,0.00076630919256951
3.14704040851431,7.27935092453131,0.000675732479009359
3.11895166619035,6.51122742131989,0.000610549857929787
4.15397680056529,8.1532812801786,0.000501762161569883
3.97898662730707,7.41435841619993,0.00041352025917567
3.89843345818235,4.99260310275837,0.000705940377960641
2.36118350683649,4.87522993771306,0.000366106076859261
3.71700821830093,4.75924722436477,0.00052165224111785
3.79318119101425,4.6588207192026,0.000590675910600114
3.92669852157258,2.75017179098182,0.00078931856564157
5.36280953958027,3.78412103561018,0.000534696702779384
3.80053561979271,2.1464618356038,0.00050946185408119
3.67268630324338,3.26873190879095,0.000656122807279503
3.66370678000256,3.18113083791793,0.000759863400178858
4.37513157108267,3.90462529780545,0.000751123691692487
5.16355468466264,2.95372148246288,0.000718182131483071
5.24015826331304,3.37661463244743,0.00056566650468465
4.30200674195108,3.47630050476627,0.00161738461697071
6.05468315008174,5.14005560574819,0.000494897441853342
7.37483036829491,4.62070972862746,0.000575487309861459
9.23654444364024,2.18047337917219,0.000304110828235368
6.82837147933031,2.14619531891833,0.000558243858215513
6.27675674351951,4.18424134940685,0.000443853654296437
8.46576079333372,3.65534487957794,0.000476004293473284
9.40082915853575,4.62819333719359,0.000330292555085638
8.52425588692858,4.08067537156252,0.000110002536301614
8.23557866855684,4.84443499484088,8.43544413441559e-05
7.98511217135454,4.68449503968476,8.17556283273026e-06
4.09945050219165,4.76080014150465,3.68868087694331e-06
3.79181828134014,2.26752811908886,1.74876749684744e-06
3.75262750355047,2.23726770960345,1.89279427532046e-06
4.44708900700737,2.24689368562986,2.12811062242196e-06
4.68057720531815,2.01213080841882,7.0797987107172e-07
2.51008379369581,1.75149187028948,1.05431310899805e-06
2.18588396582194,1.90030330330374,1.87102919716538e-06
1.45062762466901,1.96770356346386,2.336361121521e-06
1.19049838099483,1.31196393169054,1.81718311501921e-06
1.56363712802415,1.15173596925009,1.43312027550348e-06
1.53554381791356,1.1580543341527,2.66184226174852e-06
1.09539876315218,1.07746153089386,7.06715464133821e-07
2.43816751012158,0.652035406280018,4.991399172235e-07
2.80901618231999,2.04959177277972,8.13935448777436e-07
3.03891000546993,2.08543590362088,1.1416963081611e-06
2.9610350306281,2.07872549335596,1.71495727054361e-07
2.00696316101885,1.3389441932512,4.17275308749939e-07
2.00718749392469,1.34048659909702,4.843765663519e-07
2.13535707859982,0.861529967381163,1.09819972775744e-06
2.70072674102511,0.849152887992222,2.34646369163659e-07
2.64350954011795,0.780582586725622,4.9531784531118e-07
2.85461759339069,0.761523619724099,7.12102400955267e-08
1.53724692421755,1.02560468011618,6.8841968454196e-07
1.20030714802039,1.06000283738202,4.0066105064379e-07
1.26495347620089,1.46228156250865,1.31556802039636e-06
2.35229806290137,1.59895109283189,1.73890924579159e-06
1.21642558410741,1.59928153136041,6.45308325681183e-07
1.17792760451092,0.971546217838087,2.19144853337733e-06
1.17831615029934,1.1883671156683,2.78231463586646e-06
2.49008856887965,1.18481278435162,2.85038722453406e-06
1.65295700205364,0.818260670344961,2.12840064878939e-06
1.53845347762923,0.855177462895004,9.35890056989507e-06
1.57183741835275,0.878357713393269,6.94004465091214e-06
1.69010117073121,0.886426270109944,9.89965888387255e-06
1.65044027148819,1.25184863855644,4.113305934223e-05
2.06773462120976,1.05215260221113,9.61315053267616e-05
3.52955024767522,1.04276517008428,2.82867065e-05
2.13353478001211,1.11333426466637,5.35179420909664e-05
2.26267898267034,0.682415418541246,5.87295936932175e-05
2.34591270371006,0.939034122552167,5.70113836540635e-05
1.30306076426328,0.937690515399921,0.000165705596602255
3.64090276821174,0.949340104360332,0.000201525710266921
1.5766034115173,1.75591467304144,9.74083807339177e-05
1.54253570379661,1.47426695931942,0.000165770951469727
2.70195869037504,1.48787690353348,0.000219899864017672
2.65186682535657,0.995487881641231,0.000107688640590389
1.75326099441297,2.03429706500203,0.000119186463486215
1.82615040953029,2.04491904250974,9.27003214800224e-05
2.49154712903407,2.0675846457469,4.49330001238011e-05
2.05482410510341,1.07639522822626,3.49445269884206e-05
2.01681423966308,0.823923636233251,3.99676547738196e-05
1.95459907504228,0.826792351790884,2.79063798184451e-05
1.93800689995805,1.16370940053297,3.65976700471622e-05
1.09442788465648,1.65363818947941,3.10768938646844e-05
1.03765201642318,2.7161816543797,1.53370904764093e-05
1.04113709083754,4.04248407317356,4.59203981937178e-05
1.05380041543792,2.25117723898498,5.03705640718044e-05
1.07076103792875,2.07117002724061,5.5374541139189e-05
0.76487522458841,0.876495886376802,0.000180893457366164
0.76203822585296,1.7911341874749,0.000229281638045418
0.760591575565307,1.28794834627144,0.000274257746544113
0.958775955736242,1.84459266907589,0.000200250543048327
1.0259922189426,1.70448841272358,0.000170338649483286
0.916398230741147,1.63353713652796,0.000153334984984485
0.944200841800329,2.94209448054645,0.000125317148013727
0.890851294759371,1.13667094311134,0.000225327811723248
1.17307255271406,3.64165197648111,0.000281268443129822
1.15397515983503,0.79356911188633,0.000285245877986659
1.17401465900595,1.3380329146626,0.000172075554332993
0.95597357625065,1.34189595621104,0.00020721610923595
0.698501873076056,2.87928188781803,3.26842936446161e-05
0.685659458494475,1.6036878017958,0.000110796006930065
0.710838702053431,1.61760887177465,0.000100423777555507
0.48884742315074,1.4741122805533,5.97192294801375e-05
1.1420499098149,1.59453368789478,0.000305724239955144
2.06528459965985,2.11322482731354,0.000382677208173482
0.98668120017085,1.27216992149148,0.000450704290398584
0.970760476691996,1.81844849550902,0.000209584452860534
0.971520841826445,3.46979720150667,0.000727891251593368
0.898779040689462,3.06771706303175,0.000891459749174619
0.923275661396618,1.12474340943399,0.000186050861619689
0.643738673339417,1.2623241038127,0.000117844855111675
0.653524454547623,1.56490446664218,2.7612763044314e-05
0.617947112950221,0.574922483203488,9.8733002254426e-05
0.618964560200891,1.49545269745931,5.82888328427586e-05
0.321497289748341,0.634112453696854,7.57430604730958e-05
0.702751903806345,0.938139661138136,0.000103682292114142
0.711001940187289,0.962957517020594,0.000224931231871887
0.634024627702551,1.39747581946588,1.94160960426224e-05
0.682547968334463,1.40358972865321,2.75463261606188e-05
0.553234394269871,3.47003636969579,4.8765623964667e-05
0.427607487272591,2.17329723374063,5.38788058961476e-05
0.410968669627718,2.15841023957693,4.93004056787671e-05
0.406243256826343,2.16058781818811,9.0050894521931e-05
0.336007928129676,2.15077136132972,0.000142471193099057
0.32341941518969,0.858965477001396,4.09306018394549e-05
0.315659684890603,1.742416925625,4.12780175456343e-05
0.381201194416021,1.63324003785338,1.61609507818569e-05
0.378149582450208,0.984167397680537,1.64829835189659e-05
0.522920209711171,2.12001532264067,6.13365359348907e-05
0.527533574468683,3.1233687024227,4.6202548977173e-05
0.288233672855377,3.27058060216883,4.6082387572165e-05
0.370663580492892,2.0050842101899,2.31439947455152e-05
0.394952090123671,1.04455505737338,1.3500208982158e-05
0.398177971099623,0.976559999328078,1.36121414882861e-05
0.632198020786238,1.05423880771358,3.34409730630211e-06
0.492400558607267,1.5493874697454,2.40776822235127e-06
0.637731386259238,1.52773577847039,9.59637002426099e-07
0.633406001401523,1.10632389447825,7.74522592132148e-07
0.647477346005808,1.48018777420536,6.71397985220566e-07
1.16837317374357,1.92968151289573,5.50446489273773e-07
0.718859491695256,0.84608767218431,3.86428698101758e-07
0.704511212728797,0.778236069895243,3.17796021544602e-07
0.713679000734913,2.17570629273876,4.15400181774792e-07
0.800350498033506,5.22165315114982,6.5909021533082e-07
0.426195989964043,5.56277081732561,1.01412973267958e-06
0.655608795050428,6.28929634047067,9.47062323647861e-07
0.677011682547608,3.3264506921551,8.37331183794504e-07
0.541911924693369,3.32527533177284,4.4637844902887e-07
0.763224022561771,3.67896057016665,3.47486156934972e-07
0.565679032288202,2.30223898151274,5.34039712479187e-07
0.605352086672829,1.45626834853082,4.8608505651818e-07
0.614429541851825,3.18005331483203,4.6597290583392e-07
0.565081715067042,3.19488159684273,2.34900586259604e-07
0.620681330600256,3.12225979856895,3.1779894979747e-07
0.585767292308058,3.18472023551962,1.24286276401823e-07
0.585607204205034,2.46265132620143,5.96164970651069e-08
0.322950968954099,4.46568164538348,1.43276975767904e-07
0.338125055427505,2.63915457628114,1.84013184468361e-07
0.343058993081563,2.63627497047045,1.68516052286966e-07
0.563939326756318,1.55791165315514,2.43856503268602e-07
0.591162613060752,2.02398371000465,1.76878113097187e-07
0.611768541244937,1.89647786307428,1.63896469510149e-07
0.572561726726129,2.60117244017434,5.26355881808921e-07
0.615742703976073,2.41180403802482,5.60660173515826e-07
0.854622551280707,1.7849735328671,5.79023272716154e-07
0.866757296055045,1.61908073821344,3.27802978738788e-07
0.842326966116951,3.42475826194629,3.31356664324496e-07
1.11938074527998,2.04807795989932,4.22941755856005e-07
0.704684771058024,2.05834333582524,7.04019073444257e-07
0.474861366361401,1.16043006605468,5.31031963773598e-07
0.776429525414394,3.59786589977455,1.30194116077937e-06
0.779074154438628,3.39226474404095,1.62192690950242e-06
0.823856618349668,1.80555942835886,2.25835880719173e-06
0.948699098725727,1.79073745351847,1.3292483452626e-06
0.956785772434764,2.80553721634634,1.21351868293778e-06
0.943298970071408,1.82360350226033,9.72621461799326e-07
0.950860963870643,3.30110978621734,6.9937914810627e-07
0.874558986211965,3.41737483897544,8.38965491521797e-07
1.15293777642295,3.57211830956249,1.00977005432344e-06
0.35532012305336,3.54630381349326,8.05016602121083e-07
0.302478702294164,3.53384785545784,2.22593761456274e-06
0.528613040170621,3.46092788122682,1.03202288949965e-06
0.544386467838797,1.30401476310167,6.76470976770142e-07
1.0968994500435,1.26245115705883,6.43608361148916e-07
0.711481787884719,2.2442701975455,1.02220760526352e-06
0.698998949111257,2.249256478141,1.29790601836117e-06
0.951973825553542,1.91132041020015,1.5230985490685e-06
0.947245213876096,2.05023488985438,1.55934326454268e-06
0.809118366977403,1.20792887942724,1.10395885354902e-06
0.834804953510937,1.28847101815259,1.46343525108469e-06
0.69549228171657,1.53437708174425,7.77674514323855e-07
1.05726995682256,1.41777981681973,7.74062696786718e-07
0.516897849230865,1.98519066073057,3.11543326418526e-06
0.551324844827167,2.01883868848083,3.76272341945182e-06
0.50213280642472,1.84676192878406,3.61374876554913e-06
0.789062913912862,1.87972494855459,3.67658529008591e-06
0.772784294741916,1.29580951979316,6.9732093047339e-06
1.01454616324287,1.70358117917443,1.12431579264909e-05
1.00995164005198,1.28918914152745,4.95601715308633e-05
0.996799860479643,1.66994331939996,4.14164383168685e-05
1.0222274774355,0.903639760352521,0.000110836358810038
0.796861671654377,0.88451199367589,9.87442339199525e-05
0.448402665995352,0.695782643159594,4.69683390558935e-05
0.440744429582935,0.767591210426247,2.35491530142965e-05
0.422000912623444,1.49275333208796,2.02993664560707e-05
0.430226851941648,1.66253167866846,2.47707809702513e-05
0.961957992283743,1.666010685608,1.96378992204173e-05
1.10514475589499,1.69257788734243,2.16615323686899e-05
0.607911109567304,0.727677173136952,3.41400161112996e-05
0.454067234715352,1.26900076986914,5.49417409117841e-05
0.586880252761726,1.26649570441751,3.09297185452973e-05
0.732394775958703,1.26118527216833,5.14875772454417e-05
0.712348651493105,1.28748723400852,5.46963360819161e-05
0.747688803537645,1.6902815974477,8.45548347095509e-05
1.43810737701983,1.29202784162322,6.13734191215263e-05
0.933095102041278,1.97739764363476,0.000235646339827155
0.893329150307491,1.80334601948009,0.000507620793310875
0.672145866122606,1.91091644754876,0.000327407543797775
0.606880413944316,1.02703214922792,0.000757344756308879
0.812292419353014,2.34171893561218,0.000222326800776568
0.461939062574744,1.18365537068234,0.000274602894940703
1.05031890320854,1.21329516326701,0.000157200031553746
0.998569300071716,1.17521303528002,5.19808685056908e-05
0.911998539352618,2.08285201658883,3.62070581594091e-05
0.630324361067673,1.20764478204563,4.40526287109481e-05
0.559668566173476,1.16891254098788,2.73044186198102e-05
0.338864893590271,1.18238722975438,2.86056970410676e-05
0.419112452698236,1.43177034362933,0.00013653749890217
0.825569606488255,3.2447684318797,0.000145684288204636
0.814479363994584,3.33962291796945,0.000163699829737919
0.91080660044616,1.30536210358414,0.000139350265853665
0.965731723812961,2.70734257659537,0.000140917118133492
1.01215465854657,1.70480025043607,0.000124732322888423
1.01184882704454,2.7517042878099,0.000116115625456155
0.98401720522336,2.18377669317512,0.000104563646848045
0.77992040469319,2.09576001654698,0.000146222424272049
0.998749712274052,0.752531923253581,0.000127276619489412
0.987573141638748,3.31963825675776,8.48202045619517e-05
0.930514917639964,3.24766892956065,0.000122510801443885
0.654211863182781,3.63502391996305,7.74109390604061e-05
1.0195860533605,3.64453059924991,2.74615605134851e-05
0.992282742576993,2.48824056498271,0.000116899802310382
1.90310777477832,0.995415797659861,9.35896442680813e-05
0.975742564875993,2.48904471722727,0.000100080131976903
0.546802000147294,3.62168338512556,3.49967595347395e-05
0.344705768165239,3.2423940935601,3.9416541482111e-05
0.439143344886243,2.33339286372403,4.69030447392154e-05
0.466828979032168,3.53484493732421,6.0006099327643e-05
0.480091387126112,3.79275658576201,2.96685253662236e-05
1.47794320845895,3.23522259473464,1.81814663945941e-05
1.21870776551017,3.2859093943344,7.33147760884231e-05
1.29520060472887,3.77194546407991,8.07383714181797e-05
1.37038783805187,3.80814199483931,7.92006790618461e-05
1.43814296033721,5.51409440676052,7.79092735542239e-05
2.14984045047475,5.55479480826262,0.000106855679190966
0.870946583317869,5.49496738016803,0.000163330958308973
1.57177276632819,4.71329328951707,5.68639050858779e-05
1.08695395220506,3.35408862632095,0.000142559713926488
0.512054798176424,3.35697414237628,0.000158687900074934
0.885545418293692,4.09452766461953,0.00110732312872494
0.906926992252774,3.63572149041297,0.00111733906665519
0.897401312939589,3.22052857989365,0.000198064282420238
0.874335005519696,1.36410760905451,0.000181755627138622
0.8934792945333,1.08498622996577,0.000181713814121187
0.772371496480751,2.55063731184294,0.000105167325607647
0.935995914484142,2.39005168229899,0.000368783139508755
0.863798216918225,2.27485444043149,0.000447055221207067
1.51712697460063,2.17139368098359,0.000193864475151833
1.47610087788105,2.40333879304811,0.00015117154744686
1.57248716343251,2.44475895950805,0.0001607107426228
1.69649466649068,1.46938970523127,0.000558163643482331
1.47504556280242,1.91807574855729,0.000544265779268984
1.41684263553458,2.56607152034936,0.000282321847659194
1.44597935893777,1.86158326634543,0.000292108453443997
0.572816485099874,3.75804043890074,0.000281057316205558
0.57035798359791,3.64929384093459,0.000501572262857851
1.32639050299869,3.7203415243298,0.000977657317102602
1.26663814666883,3.90741546526277,0.00101264684908885
0.779941653153356,1.58987317944112,0.00233706642743853
2.15758376134426,1.94974888412137,0.00174117061259781
2.01728765997559,0.917287367725632,0.000830205300528277
1.34637746886501,1.4387739987459,0.000822509971655557
1.95572759237101,1.5078256501905,0.00212114743008074
1.78797677796994,1.48096164490607,0.00263087099560675
1.02816339187379,1.11425746173826,0.00193357027388001
0.800954370912446,1.01198902919346,0.00192610056928522
1.3727197459542,0.961913057976962,0.00132896859958366
1.10636522884795,0.815887932843123,0.00122498936242766
0.592576813597877,0.793224010352803,0.000636303501383663
0.306526585402067,0.849832314018373,0.000529110910598888
0.289498416877216,0.856891807919618,0.00149963223807004
0.291307237704059,0.755472912453327,0.000436044751556733
0.262649087299902,0.499627103876045,0.000364715753672514
0.2501162169525,0.4237384671865,0.000485630740442557
0.173826325385147,0.829431106000251,0.000487150942491142
0.241576934811106,0.568741022745256,0.00052574050210613
0.185946716675665,0.472861445673385,0.000230633800048598
0.221489447645888,0.470188384562769,0.00020264226642955
0.435414138874424,0.457250973270689,0.000170736099518907
0.252490150473566,0.486630589992483,8.51636793495104e-05
0.261988769239246,0.340110058941286,7.33789902321734e-05
0.258282523284125,0.344733193607223,0.000119284374173535
0.233546201034986,0.340531389292985,0.000140033748086296
0.342901328458146,0.332915567970553,0.000135271510691066
0.390826094288526,0.311012296940153,0.000133186119779856
0.408719350135772,0.442441275898683,6.2699671169288e-05
0.433940084896236,0.455805763402305,3.18765275160783e-05
0.33291132303774,0.825134851697071,2.56917239507835e-05
0.32393034136564,0.7693737772913,2.2578346718427e-05
0.602225880502348,1.31952033371992,3.07568414249705e-05
0.346648240978087,1.37148921602317,3.7887307141339e-05
0.481188611946725,1.19765415762503,6.27144191925913e-05
0.456272868294297,1.30542177688666,4.08510886626469e-05
0.247470325734784,1.24883413110038,3.39160843642986e-05
0.95920074964195,1.46501891570814,1.79828789211749e-05
0.714483576418976,1.52123596646521,5.29391879107968e-05
1.24008278167449,1.49749846998375,5.94864447063621e-05
0.565434908357447,1.41706467864889,4.79265093572288e-05
1.42382836946482,1.00899139443123,0.000191467149783584
1.49616892952255,2.11393749621046,0.000169675222808149
0.893442398622824,1.34365606556567,4.34770021127265e-05
0.922831791503352,1.26498237730009,5.68190226805624e-05
1.07979438993635,1.87716889767292,6.54843423999007e-05
1.62367642619339,1.77632072820225,0.000185821773281932
1.78495286036433,0.682071062651112,0.000238056337037356
0.894236644968865,0.672799844965903,0.000283485025328972
0.821466439773928,0.780687110759441,0.000257136087131719
0.796113196197602,1.03196585425042,0.000262396673437531
0.924918469506227,0.674019832274192,0.000627372173699698
1.94899113902588,0.659354727362584,0.00126088424597086
0.456675447001548,1.11277202988596,0.0015987871228718
0.476190032810008,0.502906649630771,0.00187543460703063
0.488264557809472,0.757991069296137,0.0010947606591608
0.814901805686985,1.54417159453894,0.00109289626265856
0.815584660186073,1.52891496174382,0.00111113529796343
0.703499138074672,1.19907518505475,0.00109546276314543
1.25397075443251,0.465936629573021,0.00117210795732412
1.44364096214395,1.56877650793744,0.00264473287359707
1.62159034815995,1.52631386104667,0.00295686103646139
1.1563363270569,0.641425929587981,0.00188727218671248
1.14005757034141,0.6836716880621,0.00171342299229292
1.5947530721627,0.661438234747086,0.00179030394035941
1.82422882446492,0.633188277132087,0.00264022551800072
1.8243830080311,0.626236972909618,0.00386190878868508
1.42469466533984,0.37997158927534,0.001657660070262
3.26433574290838,0.622057300988971,0.00212810996112056
3.22968880696246,0.629052009283468,0.00224665453177751
4.32455144348841,0.546539304297459,0.000364531898855969
2.39374080921085,0.175629118758394,0.000267842398034548
3.30341179014038,0.380061909414712,0.000138518735717227
4.40723047277554,0.384050373392252,0.000202147022316586
3.75953317000626,0.678388438897354,0.000231300249739441
9.02235950753404,0.69137643397903,0.00090813820282297
6.67006967953251,0.823604720542114,0.00356435004705667
8.93878199696897,0.850734133808601,0.00260607857459837
9.01776385113781,1.2498800010087,0.000916235551395262
8.99597647614102,0.46059843345681,0.00108132832506322
7.7988661299011,0.240211899759936,0.000676566475078536
7.77304824182879,0.241405351901752,0.000558216473456078
7.22711860994325,0.949242540880433,0.000405769468873456
5.1545273726287,0.48884823584988,0.000315899470765263
2.62928815997403,1.01532330795983,0.00137961294086959
2.47862966624309,1.31489856964119,0.000182990796387892
4.86749827619129,1.2178271762014,0.000181802162513442
4.04313994246269,1.26646806420841,0.000143056311920745
4.16983892493759,1.26323373332526,0.000121753259934739
3.03913665297735,1.26813138402993,0.000419264820546801
2.25629781690327,0.638004834866723,0.000327623446311632
5.48713084814239,0.377962318307295,0.000333140206191275
5.59960998410472,0.57034674904452,0.000327220171367421
5.84570708922438,0.482692646298804,0.000335233868217387
5.74093981004446,0.400299377948996,0.000341285897683199
2.89501232368058,0.436148772344909,0.000329769414813144
2.68545217641,0.434716968722273,0.000348597733046596
2.68578766225758,0.414236187055229,0.000181272331127099
2.73061527627695,0.453198035059514,0.000190908077967106
2.87895459534004,0.469747818296533,0.000292610036287512
2.96023724592135,0.466270926378704,0.000317033776098628
2.91648247375219,0.500551249538191,0.000175932472554967
2.57210779715298,0.320734597499055,0.00045891750199533
4.0480683395881,0.490795663540316,0.000158436685624002
4.06599346761772,0.587020504206441,4.86840829298164e-05
3.92359364827197,0.415731448106365,5.64929233378663e-05
3.79053945194587,0.495068464310338,5.21556472094686e-05
5.13128931002982,0.404280608571012,8.82532629472225e-05
5.03259714267126,0.482405162655651,8.18275176497132e-05
3.5587936554453,0.64608554854846,9.42189813555652e-05
6.60595514701338,0.608881368323738,9.09852984695019e-05
6.75233798664523,0.608572854412042,9.16239153926568e-05
7.39339583456674,0.648421792282775,0.000123408943585017
5.70207944035613,0.894287741624901,0.000227810314183216
4.88146585437243,0.659566463698802,0.000269280515514388
6.8780927887686,1.08130526062907,0.000230263152925411
6.66038404943882,1.45038763054722,0.000224995138840805
6.73306582416599,1.62152881875754,0.000234516237508833
6.72164640984917,0.506413597551695,0.00060561705498857
6.14611173059796,0.503574106542136,0.000627702533077448
6.5546245777943,0.507222609913164,0.000872450732588063
6.59873060176005,0.822425033338084,0.000710019769518939
8.8060920440992,0.940107121397567,0.00045450502678598
9.13826761999425,0.757398713053198,0.000608055647818717
6.4834471706615,0.763604184020828,0.000742766620553653
6.40089118343361,0.967326405292081,0.00064435266236282
6.82271104793452,0.789450079313592,0.000751914480154552
8.82519120873404,0.455675582565363,0.000417798975017702
8.63168081272171,1.03366669354776,0.00033365318624745
8.52213567511836,1.0016255631451,0.000415590406521011
9.8366638840555,0.264883967853819,0.000763192447473355
7.69894989499302,0.328076931069528,0.00080424042578704
7.67410689604247,0.694222099621836,0.000542611502206372
8.50801805756234,0.385355610187762,0.000553906720180246
10,0.552737975882838,0.000189696563706329
7.36371509899219,0.560546195811328,0.000475604998408991
7.48257325704347,0.670475165623568,0.000236720951334518
9.25044942978047,0.879577110556198,0.000147728195537447
8.4849849457086,1.33035654102534,8.98613229734045e-05
7.25581647946292,1.3732269775776,8.96868904163886e-05
6.74165936978039,1.37967072671128,9.86196733364508e-05
3.88551043187375,1.36089877320616,6.34908911687097e-05
3.47629305101085,1.99687737854775,4.25012444317622e-05
2.3400128230327,1.07237168762181,6.46433978268318e-05
4.35571690293659,1.32859684262928,6.1409276380108e-05
3.59574184563531,1.34250597821923,7.68860296550431e-05
4.16488859212173,1.33840137655056,2.73088976599106e-05
5.12501535930965,1.00376038986332,3.12343507404723e-05
5.18315298265581,0.993096322734731,1.34181241693201e-05
5.09127538138883,0.830494781529675,7.05989525980913e-06
5.17687008777261,0.897333708029294,7.79175989946299e-06
4.90018265944725,0.657252647656641,7.89823003905924e-06
4.1421711558573,0.825033420275718,1.65054677651945e-05
3.69760325639586,0.76447746430742,1.08574051513043e-05
3.72645900661193,0.780638257153213,9.6962208661272e-06
3.41160063624793,0.716982554986673,8.28775471892281e-06
4.55747881389322,0.927219502790216,1.07857406327474e-05
4.17041927042126,0.929862941473891,1.8576746519838e-05
4.96891692571919,1.42936961737479,5.56914701512093e-06
4.87427605230118,1.21926018619895,8.06976671882298e-06
5.07288877824699,1.47304572208466,1.05362607103877e-05
5.1157063681805,1.49721737871175,8.14946760836796e-06
3.71681910770437,2.06257149696374,4.19723335586715e-06
3.48784296009039,1.5320832481088,5.00017177745826e-06
3.45723527358704,1.56134428313847,4.91389246776894e-06
3.13465950147463,1.58124260924637,1.41913829723062e-05
2.65860671941968,0.958348875391737,9.7362793501892e-06
2.17131657375427,1.09384783853105,1.34039956595741e-05
2.20065736091616,0.6033637904121,1.82446762560635e-05
1.95252372623117,0.709700610531817,2.83531789306187e-05
1.98037239272297,0.957945218355253,3.61584095942695e-05
2.68160264372367,0.928642552478715,7.35009381415481e-06
3.18500274382564,1.54932703174005,1.18089219197933e-05
3.52431194478985,1.15538746224923,1.98210838711818e-05
3.3859523180147,1.12411597201169,1.68583002924748e-05
3.58284129608028,1.36942124627165,1.2382634137513e-05
2.35074890602081,1.33741607811883,1.03647753487698e-05
2.12147215814711,1.19358383794342,4.98521991658529e-06
1.91447821546621,1.28267300467092,8.20120163084179e-06
2.4597910799036,0.667283527867664,5.63176764130157e-06
2.15290442531946,0.591202651963202,3.66488297114893e-06
1.84816748380321,0.648392186277778,5.28437077331602e-06
1.94186328818568,1.52158533892893,8.80996192705761e-06
1.97425333492771,1.3725497201591,1.15163838672927e-05
2.08475530648137,1.97572287947194,9.10754176379296e-06
2.32475352030829,2.66481229956366,1.53896017186521e-05
2.31893457686714,2.19983357877534,6.54196595152988e-06
2.23716858626178,1.12800357723268,7.10525838167803e-06
2.21330146651325,1.37124900812785,5.37019887057437e-06
3.30792606668946,1.44342687331444,5.20833021382011e-06
3.60097723893669,1.51526299838922,5.61103421156059e-06
4.2863325534396,1.6010561348831,1.07547400092743e-05
3.32297114068982,1.55902480703546,1.28762740604765e-05
3.32516954792216,1.73094369003072,1.39481668425298e-05
4.08111645353325,3.38802786909818,5.76641958130245e-06
2.93249026726806,6.80437694184633,5.35019235072591e-06
2.82445057011539,7.66167674831468,3.18147977010898e-06
3.47427947643489,7.24355751956119,8.77612331253028e-06
3.35030533188309,4.0881792302825,1.27379162824365e-05
3.18149356644796,5.54014428528433,1.87668034530487e-05
3.11567161109316,5.89304788108665,1.73096484472913e-05
3.04842780168679,3.95457788099176,1.2418704371983e-05
3.27088371507384,3.80846687772907,1.8942094093945e-05
3.78218865214072,3.50966302692392,1.78591382236151e-05
3.74700796404237,3.05337476877886,2.2511321155391e-05
3.5587584390436,4.05656914397237,9.44614011505449e-05
3.60028403598045,5.42188228528844,9.36618887528909e-05
3.6132431470005,5.68693393886036,0.000117636730303647
3.64068749602033,10,4.34736528981515e-05
3.68936149255612,8.81444622837217,4.46104368594772e-05
3.5014346297701,10,4.42609134418119e-05
4.26465680251729,10,5.13792476345492e-05
4.73259926772521,7.62505376826602,3.79382492498111e-05
4.4714722648346,10,1.37316498952687e-05
4.98866002311797,10,1.09934827200591e-05
2.62007053723398,6.78884975048895,1.04913868799069e-05
5.31870015855518,10,1.19124999134811e-05
3.51186297542149,10,1.20143701622135e-05
4.45564458440006,10,1.18203740482055e-05
4.0785494772962,9.83715289760753,9.26633469510341e-06
4.86342379579014,10,1.00750907577891e-05
4.86668937223747,8.79170990839865,8.60648556741725e-06
5.84289094288689,5.91748032711115,1.32680459242387e-05
3.28429653373618,6.80619431998011,1.39054294917457e-05
3.323235925512,6.12889548436952,2.68531652231923e-05
7.13764893521354,6.5450993112731,2.48268832741091e-05
5.27141481166263,4.67966978859422,2.96810769882925e-05
5.30888927541676,4.73341464607,8.40753574404732e-05
4.73247927344738,9.28038338889434,8.15239033369274e-05
7.41774264305546,9.88062174469763,3.90670610965006e-05
5.29087500387623,6.57881839107123,5.24664372522986e-05
3.6727155393029,7.67144584294976,2.47934793924578e-05
4.75596040907515,7.81472034428739,2.16967401204859e-05
4.91284248333332,6.58307005962931,2.11544717901443e-05
5.00965424363703,6.47383594661056,1.69823608559857e-05
6.55404175671241,3.47553217313097,2.48824482910125e-05
7.83474771258421,4.61290506511863,4.03315526652748e-05
4.23240679447695,4.61154947364747,2.31356995243402e-05
2.75150819541021,3.87710996109008,4.67272058766702e-05
3.71198045640276,4.29692928960033,2.60349886921845e-05
3.56057262421823,4.82833660728722,3.00104548339897e-05
3.47821568698482,4.50217882101233,3.52733013925995e-05
5.09077914192762,6.32928694021318,2.78177647034905e-05
3.72994028416303,4.17735942715123,2.71109027950308e-05
3.46144374122072,3.18989874992661,2.63973134285819e-05
3.34880942609018,3.21997072543508,7.25888917507269e-05
3.51079285627058,8.51698152396608,6.57359770862686e-05
3.59224646483887,5.54234813379403,3.47594998457471e-05
3.8276693075929,5.67049213154451,1.98361946949949e-05
3.8281560089734,5.35855127994031,4.74212485823018e-06
3.07019819635674,6.78343693581839,6.4991025864538e-06
3.09403470328807,5.68555305940383,6.92862021750026e-06
3.06854402153029,6.65264915131149,6.48205303331728e-06
2.37777893925666,6.66518346095033,6.61269663297366e-06
2.25497327398617,6.28768506123815,7.19122364417682e-06
2.42415161549446,6.25783876015226,5.4732564025062e-06
3.14372618312547,5.8192274909216,8.84436397964587e-06
3.06612506249854,7.98739561561726,9.87826070437079e-06
2.12645190857989,5.87932178398351,4.52211430198086e-06
1.83421625096164,5.052758663649,1.13717771892415e-05
2.11965335990452,7.55563498679024,1.0446541135694e-05
2.39948543850089,7.46587072745625,9.91595798866115e-06
1.98909567185917,2.88612006807866,9.39034941723394e-06
2.22154742831283,3.28685307721565,1.3755291991959e-05
2.61440968978025,5.63176343133239,4.17919997220046e-05
2.47501764789069,7.15904996931207,5.23030242789765e-05
2.563553512469,7.02877016066065,5.63240785344917e-05
2.52243993850527,6.6612683467624,5.02373454655589e-05
3.53084747651639,5.96541556010883,5.09969572515958e-05
3.58499477907294,6.94481650504731,5.06460979256108e-05
2.84139850678306,1.70686345551044,5.38991090900667e-05
1.67591919691193,5.44410147801936,2.73194499788452e-05
1.66458346253217,5.53670628373044,3.70118595979042e-05
1.81228767446399,3.50503759907718,2.83090101764678e-05
1.14923967073365,6.99630588127534,3.44307632162329e-05
1.53642041458994,3.5692630037158,5.17369244262384e-05
1.51968824310419,7.62998624711981,0.000145577790918876
1.70965037490218,7.47774716305549,0.000175087589242461
1.57041620261198,7.39280084090219,9.21143480105262e-05
1.52216471926246,4.47336340321918,8.40491477804596e-05
1.8489558078482,5.53506013717872,3.99582637421846e-05
1.87225159945622,5.41724690216842,3.93752476058215e-05
1.73540648442153,4.96110319056785,4.77334384760804e-05
2.27078000500737,2.67992000203367,4.65544942720648e-05
5.60895378489603,3.41828904809029,3.44748024286205e-05
2.25908203106054,3.34302610088953,7.52670948609365e-05
3.15779347389528,6.32410207012456,9.821948597841e-05
2.97709406429978,6.57675633103183,2.81048229764171e-05
2.97376370122311,5.41294150173152,3.33519034955053e-05
2.95289291924285,4.33729503470286,1.08545533731349e-05
3.02362776908972,4.30124733538244,3.89766756663015e-06
3.62171095691131,4.80607119054294,5.3386460232088e-06
3.57701868232465,5.50412843470223,1.7507522338883e-06
3.55834224656631,5.5846481300972,2.24215438849065e-06
2.41432868988501,5.59176279775035,2.52309096452547e-06
2.44681077200269,5.60615122003235,6.53776392140094e-06
2.56123816392961,3.11174362427543,8.29466666251273e-06
2.48953574007829,6.29580334342477,3.68796253520927e-05
2.5702074042083,5.5165021284145,5.6110136711804e-05
2.65987820030205,5.12723149390912,2.95104080371931e-05
3.80889738189454,2.82736365106699,2.53137355795574e-05
1.80060374035816,3.42937501416551,2.38752792164874e-05
1.96518498850625,3.43559147898436,1.53593049697466e-05
3.54333408634899,3.45881750661919,1.23846395393903e-05
3.78586436497369,3.39645899026648,4.11674739467235e-05
3.00285712810127,3.36722960951706,3.93504462895547e-05
4.90980777758199,3.36105034852297,3.32218054442672e-05
3.87865056478717,2.57853541643218,5.74713836803231e-05
4.18519511702628,1.66512226762646,0.000183913874580757
4.38621972736071,1.59281887219672,7.92924833810088e-05
4.21182548805969,1.10824590332066,5.85585958197116e-05
3.03266207038765,1.59188120252397,8.90412333109181e-05
4.01492616856427,0.94536230519405,8.68083484703381e-05
2.95800674522032,1.83235402815341,9.4463227516047e-05
2.9515925515616,2.06022170669719,3.0274765534761e-05
3.84643543941823,2.02641213784348,1.97529341089546e-05
5.63504438613938,1.46521240652154,2.65515550951228e-05
3.5854415719073,1.76137243080741,1.90180366277238e-05
3.58560588665623,1.12972976748833,8.73476019408513e-05
2.19335997537146,3.08890256959497,0.000152177305344505
4.03568286481126,2.28475338890091,0.000420502919652888
3.9044560284813,1.9012114772322,0.000198832926137069
2.02138375767131,2.01428592533714,4.86755184274516e-05
2.16409220040893,2.04297759709575,3.08540325921462e-05
2.96148919195533,1.56822183469896,1.71384193908455e-05
2.58096866923611,2.23283074138713,1.98200775398555e-05
2.48270359253357,0.783378591502219,3.83095203026185e-05
2.49324803270783,0.833626846579865,2.58163566352459e-05
2.28163156039563,0.53359367399756,1.55395918268907e-05
2.29712292872323,1.32984947311857,1.90833750819248e-05
3.50231605451069,1.67478452070923,7.495662652844e-06
3.16225899619226,1.86104635666994,8.12230281200727e-06
3.21685435532459,1.87158423170216,1.42884709314393e-05
4.14244988747373,1.87202254357153,1.73346425653947e-05
2.26053513074229,1.44950762151714,1.14404951624775e-05
2.08950606777142,1.43562148296908,1.25451928538987e-05
3.70839664963305,0.654989190200043,5.68412840414694e-05
2.89046816386166,1.26337664439462,6.82368082763016e-05
2.44192115925131,1.13251644108008,5.90309709578848e-05
2.45818746216487,1.10427149246267,2.86913551496558e-05
2.58620904616494,1.96431751973124,1.25310983977189e-05
3.84747194545566,0.64649360299965,1.68132841161395e-05
3.86269069630953,0.845473973240533,2.03094102552002e-05
4.35802531710839,3.17750164136942,1.10204119132613e-05
4.24895719913656,2.06439004087473,7.55088276047908e-06
2.7406539102862,2.85847356172091,8.96617726346481e-06
2.81558966644948,1.49782421971495,1.24945170226919e-05
2.77413462703499,2.30466833548051,1.74746671017639e-05
3.99815809017047,3.38041548003549,2.01082624664461e-05
4.7705289912774,1.96654968480285,2.1908467388905e-05
4.88947399157204,5.65283142707624,1.13596921646684e-05
4.11933251410726,5.45736668517749,3.36120679400002e-06
3.58987960733562,3.34740911751451,6.83133127199629e-06
3.28716071333948,3.13091612813645,1.57244654912259e-05
3.57515881678614,1.4462726551512,7.206541350975e-06
2.51883850728847,1.36495493140659,4.87968924073354e-06
3.0418315841406,2.29505656653288,9.84073296679728e-06
2.97562897060958,3.58082751800264,1.22718569569532e-05
2.42266542229957,3.95016747573722,5.32931145702247e-06
2.40135662218066,1.69394199543536,3.88766973133219e-06
3.77417580797202,2.20084781815586,2.21784895362587e-06
3.14149285197855,5.44980143018479,1.00985807841286e-05
3.17769727580378,4.8393729804952,2.81651903177309e-06
3.26084149503338,3.07028955751341,2.50871410577952e-06
4.00095420220621,2.2882396284431,2.02135340905747e-06
3.59999110315397,2.19941687947981,4.11760606780275e-06
4.13063912029742,2.74092994640074,2.63519952868648e-06
3.99232157368344,1.25116087199968,6.76700252258068e-06
4.3897523936476,2.62054207240802,5.17730575478471e-06
2.41341621457802,2.57791300970325,4.21072129216415e-06
3.43287038356479,2.25564881211239,1.87455850530686e-06
3.33364870869397,1.74163521092448,1.5606787391603e-06
3.75788073046779,2.06682268375648,2.82865454033564e-06
2.25935677030953,1.8907591261514,3.7524053592124e-06
2.884991225565,1.65000885887093,3.2969647253679e-06
2.32740761977178,1.22721486092547,4.0819852475624e-06
3.19876725058705,1.19046645930967,6.59139892718639e-06
3.06711597042171,1.16287304332939,1.25101657266687e-06
1.63554668032161,2.22509143144003,1.56461457958449e-06
3.47545151936376,2.14154421402391,2.01068499684542e-06
3.47743955781248,1.40692653970898,5.50664372233743e-06
3.47319525519443,1.41104593382868,6.88013563116001e-06
2.73289119313575,1.34936808134277,7.2224166932351e-06
2.48510544918514,1.47760926171895,1.25394281567734e-05
2.55497233579056,1.53032062174977,1.45620204150418e-05
2.4838044662675,2.93214211268895,8.44509154605024e-05
2.64409649786093,3.00050394952069,9.83977780681158e-05
2.93921473658306,1.97088625685018,8.86441147595739e-05
2.86459735084901,2.24652301566479,6.30422424203469e-05
2.35662085834192,2.38002550488074,7.63120574825812e-05
2.34373355770273,2.54822714100381,8.31776539765901e-05
3.26509754993553,2.97353879459354,6.1242032147863e-05
3.27304974484464,2.09054491806002,0.000187048383443654
2.55568657375481,2.04058293832119,0.0001893553487829
3.45064607497124,4.11952691958095,2.22894479753115e-05
3.77789168306936,3.78518671745698,4.86647502721641e-05
1.78341801826655,1.5569850356831,5.28119526947151e-05
1.74516116000928,1.23219908803693,6.99680597791618e-05
2.45474467401797,1.10933257209777,7.78511589583075e-05
2.11202313118548,1.09409643956359,6.82792721368927e-05
2.50297904954221,1.03341820526063,6.48590305795772e-05
3.73317593893701,1.01051716790508,0.000138692945512452
4.34625518173769,1.0077277177908,8.47532052575908e-05
2.58830387503119,1.34981557530205,4.89472245240883e-05
3.17077309158402,1.14206142877645,0.00016728701044594
3.52641222392105,0.858573417298901,0.000170487731571468
4.37255183151329,0.844519113314499,9.93461499923145e-05
4.53137470403992,0.874551518471404,8.97032153126466e-05
4.410201919626,0.647258807939326,6.60189163703437e-05
4.62325714098228,1.11553609970772,4.81378586868769e-05
3.77099245778944,0.431084643022289,0.000151691896128784
3.91282248970994,0.313380729244632,5.79942722638253e-05
3.89129197813461,0.745767294076467,0.000150314350067528
6.04382299061551,0.726327521342108,9.11430903215249e-05
5.1487020094424,0.591867220373675,0.000104596737716699
5.1076843414136,0.565533902497655,0.000182006309338343
4.79678785557077,0.564220494347522,0.000156028499696933
3.88736438591109,0.627847328038734,5.64526475530656e-05
1.78444859200031,0.633772198319812,0.000112752722987171
1.85363079975446,0.625107383519996,0.000130964362627049
2.21986896801683,0.619637196875487,0.00012079063907462
2.0513001939339,0.655607345692839,0.000241261784966616
1.88500485538663,0.398208419824967,0.000135814684779193
1.57384317934365,1.0431478800091,0.000310893357741184
1.58326170874342,0.43407457989338,0.000343539293332333
1.51688807542641,0.46537519792684,0.000304937795978055
1.56648601430328,0.452893847236817,0.000527094222529
1.07688272384747,1.55808864836944,0.000565790066294677
2.12594933483032,1.3712522909862,0.00114631542466705
2.05463087819107,1.67624018134634,0.00210875247366543
1.14726157075974,1.26253601116822,0.00286019761406608
1.46505028831934,1.29960009224867,0.00382122440726011
1.98331864364903,1.30079170082056,0.00459519233553853
2.36171014332047,1.48968968624178,0.00515578128685577
2.92065284974596,1.90460215532445,0.00803864064184929
2.8843103590133,2.81417495940395,0.00877074543253915
3.28022182930935,2.53823944032421,0.00812630168924337
3.30721675068574,2.52709419560982,0.00799396683912332
3.19206944597697,2.05039927516818,0.0067841003701383
2.81304764658219,1.91546232345663,0.0054392052980094
2.86954316990828,1.70610774219234,0.0069688957912317
2.72136131551907,2.87736077029901,0.00711938853026575
2.47591546359901,1.71887109054261,0.00428284061129254
2.74723880070267,1.16785381788579,0.00478070663623326
1.67721890604436,2.39188121532277,0.00724522916043972
1.75050839059694,1.66907332395698,0.00665625051408139
2.09092940342545,1.26583096376996,0.00695609053535548
2.72634540929556,1.27613115499947,0.00546619425490909
2.34856145181125,1.37065780954303,0.00375743987687826
2.35941219040491,2.66095067466616,0.00850265988448086
2.38671781730681,2.6108855877174,0.00911820768804504
2.66617532629986,2.83535366273969,0.00953383898217892
3.55393878671203,1.31770176070841,0.0102255443371112
3.83553539708562,1.20122645955842,0.010939517876458
3.56195334210845,2.40888935717293,0.0088051031450949
3.43490137077665,2.41106559891833,0.00755097070281387
3.44850094215064,3.40773871467919,0.0107527889459655
3.35229380280904,3.17787581837243,0.0138064130789337
3.25940390934032,2.28172249088283,0.0147489251802899
1.92654314649348,2.25634798842581,0.0216241931282366
2.16479131168168,2.29998133738735,0.0239062230523762
2.0658274845514,2.26257147299785,0.0176158754291241
1.953278465104,1.83251469729238,0.0174006475502444
1.70332122987525,3.62881352836287,0.0150631026804458
1.646268512132,3.78592795291319,0.0156962132879869
1.78096606414283,3.7562911840118,0.0105044524763803
2.08163465200636,3.8962604656439,0.0108225179643886
1.15692478204786,1.77288338666758,0.0097295923888117
1.10302164867603,2.03295269455937,0.00979145382512532
1.15086712826431,1.84156363606819,0.00986820961406396
0.756325622969786,2.11118026592614,0.00925270131526014
1.1794059251601,2.40200885555522,0.0108237393917183
1.0522941815856,3.57116730609294,0.00667409370491658
1.02728792964397,3.53427655307825,0.00511131173074482
0.773086024387849,3.87437479714935,0.00765167705093804
1.49287352892976,3.70564732660724,0.00620995730646155
1.34547049853023,3.27823016579842,0.00622575175854316
1.33856824016385,3.28105867036338,0.0104025453570063
1.38909232932733,5.42002377729349,0.0100715797110914
1.40760878843594,5.47178222015174,0.00683654356941557
0.848033718251773,2.90351252685297,0.00931190278971294
0.840127866719672,2.95785015463945,0.00326883879104355
0.821485351081719,2.71712221847803,0.00355796709321409
0.93467600151234,3.75832217317751,0.00832176653404578
0.950199513614007,3.36539681566198,0.00648395041892435
0.88945918453966,5.24980137011951,0.00420508215038237
0.961894248683551,4.4937767707001,0.0103596021809192
0.90286469845677,5.11981770984454,0.00384016733347477
0.60689615727696,4.36624968411733,0.00752331968877137
0.913886444579671,3.51892672499212,0.00814695914913684
1.08895678182448,4.18799273775033,0.00860621419612607
2.39691831317945,4.11189199339697,0.00544034661329901
2.34858057183974,1.34490993929402,0.00360314993482472
2.20017894419144,1.83542796196483,0.00493192651490017
2.81923456711663,2.70826854444836,0.00554367147526457
2.8297315920474,3.28753438265418,0.00491359760873993
2.66997120337765,3.33224563280669,0.00441698739906188
2.72320733499999,3.38209735502212,0.0036233409078573
1.70240466705595,2.15539123296438,0.00351959160895806
2.20082890634513,2.3704783970269,0.00365015074357023
2.24653693391566,2.05322018953374,0.00307867911261
2.27045881405649,1.82700293976817,0.00203026597973154
1.60034294576995,1.36382066842986,0.00355406023088208
2.35123065975914,2.10856962697798,0.00488665823087561
2.85590154410895,1.30508909877637,0.00440006538008412
3.45315580413119,1.25517465344653,0.00220916600849717
2.39941595388338,1.40537831302054,0.00255917000525885
2.3411620138163,2.30516625799946,0.00210432634049989
3.20362297422706,2.09969864656803,0.00259921079527638
3.12013108138367,2.05467097581804,0.00441819377077093
4.07693543981784,1.82517864506328,0.00522143341501912
3.39434654447051,2.03018886435588,0.00523293141371793
2.71475534317994,1.52022007740325,0.0061065655611825
2.91570248176,1.52930442721924,0.00745629439002373
2.76589948018893,1.49795713480788,0.00439194945036585
2.73275953867459,2.29037698212149,0.005674926989412
3.3293485943789,2.41462332870905,0.00548944736201751
3.31637872062904,2.38323421169682,0.00570471818683535
3.22919376969936,2.5711147013192,0.00620609253407494
3.22217294601914,2.00170235614827,0.00596400980413416
3.0454562805558,0.59820125580574,0.00600763339044497
3.14326258878593,1.40386844195489,0.00560590758451666
3.17029837463633,1.3859329538062,0.00530458858691791
3.09669783921947,1.02014115289106,0.00459688370696227
3.12109466109175,0.731931481805793,0.00628014635574829
2.50102307106001,2.37419756690272,0.00672432187343522
2.62753783575684,2.00028424658414,0.00512299707286922
2.28103712286027,3.01038735739873,0.00682691355224297
2.38857331222413,4.36243830090146,0.00794378461836962
2.58923429193405,4.32199205596295,0.00750575663283003
2.6161845130395,4.29708897004189,0.00848551415481895
3.86393284673671,1.68207794328594,0.00874891865633766
3.69790138272127,3.62829502984049,0.0110924009808248
2.97922949397551,2.71926017700648,0.00288908248232051
3.22735292601984,2.44066608293498,0.00209759980033441
1.46624359987442,2.85455300208306,0.00172944342853595
1.58671425804914,2.97308268262437,0.00165900963547637
1.67279536494218,3.03694368147666,0.00197180219328336
1.92865426751534,3.00013045846913,0.00165186805270618
2.38881671979952,3.04675360146932,0.000998531144712459
2.12472905791823,5.12690179738927,0.000623629676741419
2.07474587518376,5.2838251489995,0.00102412365192434
1.561790164506,1.81640379848242,0.000733109719467212
3.41394592708616,1.01038431477618,0.000406417221927942
3.40979634384699,2.04203885539327,0.000171126581025483
1.49331283623258,1.95330242379164,0.000170947939280905
2.59561632194778,1.85891044727266,0.000173184203804084
2.32949185244891,2.10713359079679,0.000142137889990935
2.26522780989946,3.04124146302285,7.50192085143817e-05
2.09119242398896,2.2801718847714,6.07947823203711e-05
1.8720946382406,3.82018769082816,2.71433336003795e-05
1.52544821612442,2.79169747512933,1.35172084536044e-05
1.85344331899605,3.68411709139677,1.17798464584186e-06
2.74451745195082,5.74068795666748,3.92095478345505e-06
1.93958300956341,5.88005414632053,6.33420723099375e-06
1.82918449589142,7.69753249910223,1.07804752950929e-05
0.9914451231123,7.72600589167324,1.14033755680473e-05
1.07357063453856,4.12977442696312,3.50549817991018e-05
1.05112599478581,4.57102830221541,3.5678918647813e-05
1.10533281543407,4.85913940533684,8.23867829250508e-05
1.33754181865123,5.56190434064345,0.00012890804337835
1.42860067876568,8.67918186936525,0.000124331187411101
1.52817890521462,8.68229184400709,0.000210670503664192
1.50003884069769,5.92070156986347,0.000164888682548674
1.44698534599761,5.71690442117133,7.51477263510797e-05
3.35915430085204,6.37778893610402,6.63521287497304e-05
3.04708295147786,6.20753617340161,5.42008437640068e-05
3.06632870386013,7.15811857484065,4.08271189569842e-05
3.53627590988864,6.82781559607523,1.46674617879401e-05
3.10438774452866,6.842734848878,7.74500097005112e-05
3.48702654062793,6.46422861518079,2.31723769139787e-05
6.20231014474203,4.75089708070288,6.4192698769039e-06
2.96620677712506,4.81342510194324,3.21964661239895e-06
3.34249160812554,6.45942981727977,5.30282222395275e-06
3.51124448903967,5.44873259083265,1.75415407716818e-06
3.84629082124613,4.06284557623777,1.2684746323644e-06
1.72237656263874,6.48446719662777,1.27221764345734e-06
3.21092720127929,6.8607698264821,6.63749320664278e-06
3.16561479840942,6.8841954676532,4.88431585905807e-06
3.06610813151625,6.47738485040631,2.0259783575855e-06
3.37042329761855,6.10253391104619,2.76393455491443e-07
2.23484580512728,6.31506237782007,2.77091548082056e-07
2.81957421109545,4.38761118136991,2.90339296937517e-07
2.71290973395968,4.38455826150069,1.4427673897554e-06
3.26350739060041,4.6442312393211,1.28594944552046e-05
2.63465759103139,4.65633557727747,4.43934116716806e-06
2.45609209043713,5.03749464878252,5.80271100877111e-06
2.53126429131815,5.02164809864906,5.29809267996556e-06
1.65826447505784,7.64474387414831,5.40345803464175e-06
2.62707766278535,7.07665270748055,2.19909262051239e-06
2.61605309864676,10,3.32469382769249e-06
2.55876970260367,9.66958715309622,2.75412804302131e-06
2.58225258878576,4.51814684597343,1.73425951897308e-06
2.62269144584398,4.04332486827026,3.20131991204614e-06
2.71137222718755,4.16993363486069,1.36152603661379e-06
2.88430702472701,5.31501377801348,3.12910247917092e-06
2.48765528194484,5.0274556845793,3.69339456892592e-06
2.47307735235546,4.44025407422058,4.46695028522902e-06
2.41951868584244,3.70176471624812,5.21880016963759e-06
2.53878711620993,4.02220882065923,1.77612295193859e-05
2.43960517644027,4.22314472287223,2.66336230580668e-05
3.631625867099,5.16777824020826,4.11641996040719e-05
3.00556327897832,5.08693080175371,3.44698778914741e-05
3.27960902956155,6.56835245071588,3.10032087318464e-05
3.41255265737516,6.07649082971905,4.04135819496243e-05
2.91620807634596,5.77879457636293,3.45074932607499e-05
2.67761291342423,3.56385594095018,5.72074161824706e-06
2.75207390536044,3.59699428504081,2.79079437976196e-06
3.12396620261112,4.25971591460036,4.56739877993487e-06
2.4839886967873,5.46290860879889,5.65380356086713e-06
3.12439314448097,4.93976318086696,7.67924934412236e-06
2.46254283385997,4.96193989553996,1.69165424641719e-05
2.33662902957603,4.71187483689256,1.56269199710648e-05
2.5111201794575,4.79102025329001,2.98572347387655e-05
3.33181421634735,4.79713966724737,2.94002693215282e-05
3.47455187050317,6.7918110927077,3.65205802309648e-05
3.39701507875374,6.72021346929496,5.1067372569926e-05
4.26596635995782,6.20409487433921,6.53800919283771e-05
3.48898528891549,3.71848972759137,5.09654561303614e-05
