"y","gpmean","gps2","gpsepmean","gpseps2","dgp8mean","dgp8s2","dgp4mean","dgp4s2","dgp2mean","dgp2s2","dgpcheatmean","dgpcheats2"
2.17654538281161,2.21263660032043,0.00456722344616756,2.13724669089091,0.163845134618708,2.29596114363586,0.00987732920755918,2.96684437751834,0.0189455134347354,1.77455108434857,0.435400105317281,2.22195720731498,0.0018564851737882
2.0936866430212,2.08731457896327,0.00291709252486075,2.06700974786308,0.135786466245765,2.10836170425817,0.00451239785488129,2.46784655173053,0.0322425341048197,1.29616596198464,0.0543896833135558,2.15218071512103,0.0022806036174708
2.44447469572124,2.31118261535365,0.0140980216775981,2.00342943149739,0.250919949378551,2.28544381688139,0.00769520532274514,2.71002164607338,0.0437172335068033,0.0866278974728572,0.386282956609073,2.09634972997326,0.00538028926981018
1.38490380315167,1.43144526330192,0.0115779338673923,1.48720333403722,0.245581258009248,1.49933336250217,0.00676706511077321,2.27603901666749,0.112575744473699,1.35092597253758,0.0456748071664548,1.58369010084512,0.00298385911968037
2.14277270401602,2.17498138134529,0.00841270356181052,2.03342521915561,0.207810788334848,2.15405911786776,0.00795602658514781,2.5636803018926,0.0282002962772078,1.96753465429769,0.234700599404365,2.07615893448365,0.0174027481030206
1.42192962727318,1.42409116721057,0.00248150999812376,1.47490794649717,0.0876771986197245,1.43830965425664,0.00436898911888514,1.64746762095374,0.00972036770210611,1.36528506201892,0.224327721440332,1.3824661412392,0.00209982651559581
0.802739112040811,0.814836967759901,0.00959002546371059,0.747411070590425,0.200604508223898,0.749189396801886,0.00765681520816146,0.758575186401092,0.00937893296249508,1.75847059419124,0.13931847871898,0.680676653739933,0.00785918129192491
0.719455554289481,0.682609224967569,0.0457482100020122,0.670767205230647,0.361190463552846,0.795631341063891,0.0156826979813979,1.45244314600625,0.0330957339703666,1.71638708824835,0.0563629083782765,1.08535599673182,0.00315705671448461
2.26007339686188,2.25042789857614,0.00273487506246101,2.36713185255917,0.125798455322915,2.29670791158303,0.00352696120091574,2.62884641191678,0.0491753702238465,1.24490448948097,0.0352038068935046,2.18392793357687,0.00119147324066126
2.00935156300145,1.95536322461723,0.00419792165445723,1.85074242003478,0.123884462204629,1.93275395006342,0.00292444566965682,2.09355053060537,0.0222236100942524,1.66058119043666,0.340673546274916,1.98881088350653,0.00740919696878044
1.21183174790258,1.2532012606176,0.0129823052439757,1.16368518482584,0.256868436080037,1.19189500182659,0.00550281067026769,1.24031411672323,0.0231434881085594,2.38994932059265,0.0718929982639456,1.04222145438454,0.00788771794310358
2.77668186381589,2.79238228274648,0.00371519369344841,2.83915186815888,0.115915767663594,2.77363335388365,0.00501912054876587,2.84119923832997,0.0164849188037169,3.53422190849736,0.0494016641605986,2.80885088315266,0.00209174650248428
2.79831003527228,2.74108318351589,0.00707931159502842,2.63306649110709,0.165556909760343,2.74862235518352,0.0039940648485693,2.7245037085041,0.0120693064833952,1.22445410235454,0.411950676052076,2.67118517307279,0.00147481608785521
1.20208329846633,1.24393746667512,0.0215180889300434,1.26252677344598,0.266512688160399,1.16713308201659,0.0064478917201788,1.83017166247135,0.023796516678852,1.4149496645303,0.0996207159681045,1.34620324456664,0.00505828839543749
3.21627548868238,3.17096939628366,0.00428466783108292,3.01054208767562,0.141682404355563,3.16398723599291,0.00722739294481289,2.92503992686044,0.0321479621890776,2.50876150057488,0.139555622116296,3.14679510150552,0.00159892579593467
-0.324504461993202,0.169749724056334,0.0708162423482044,0.12596278695087,0.395566067143505,0.101637533156016,0.012091564963096,0.487685888185071,0.0587900439104697,2.698556397396,0.094222836953682,0.584323354440201,0.00997293065540953
2.10996200546796,2.09235703267125,0.0166698504618805,1.55696410638937,0.291966964030931,2.10008196773062,0.0111819734700624,1.93776496218564,0.0222693310272502,1.41454396988633,0.0709644762791545,1.77824011559977,0.0117560464908077
1.71502436599519,1.7189037426809,0.00286662113932913,1.69344880396801,0.126958880079595,1.82508793347255,0.00428184043559499,1.88834875511887,0.0204767069366288,2.9943206294483,0.14185628999697,1.97917573526733,0.0122762107361029
2.67394221663767,2.60631907983571,0.003912063977026,2.50636476407496,0.136780863866683,2.57695558620492,0.00952851948355188,2.26128110678161,0.0116824315482193,2.55355495971736,0.13040712631483,2.59180122261207,0.00405599661717048
2.12535575474117,2.07540224914929,0.0161470870006012,1.95896654433649,0.248740205249172,2.0854372725874,0.00544523492032065,2.17587782898621,0.0164720723862207,2.45262074709662,0.0949983012749837,2.1486014465817,0.00622193676299436
1.78222088016049,1.75103833888276,0.0110026806896951,1.76346326065324,0.223217759916915,1.86365198835215,0.0069240379959432,2.06719686303695,0.0160363165353873,2.27725190257965,0.0710565885197392,1.64262658319744,0.00786588236719866
1.07441374137141,1.09118318856184,0.0170083179219298,0.967050020645147,0.269239665876298,1.08669633888591,0.00650030951598984,1.50745033633645,0.0235389851328126,2.41885234900319,0.351193568085828,1.27929005747945,0.0045385859082326
2.39709341018237,2.40861558520893,0.0042747275658537,2.3860835878216,0.151495710032561,2.45699876690524,0.00617600922904811,2.97044318853594,0.00958951284073742,2.68437821952287,0.294071651544855,2.28385405518774,0.00253162530222909
1.89078831696035,1.94929785268829,0.0296585775668297,1.39093429514681,0.344728658529261,2.19581803749803,0.0154907622214819,2.69847770185853,0.0232251658163927,1.17756757012358,0.0317335523811898,2.0099592456953,0.00538843570990295
2.55252260664981,2.52786793964685,0.0139096479956526,2.37252275411141,0.233807805640982,2.65059462265593,0.00478318562560117,2.77206116182259,0.025966176068633,2.15142833752515,0.0701623893236184,2.67448778616058,0.0068203943530934
2.13969020597217,2.156759645871,0.0101761770667408,2.14810263391374,0.243456825617198,2.12653968573568,0.00552768590365282,2.54742707401299,0.0332654956460446,1.3744518202657,0.423013052202314,2.28769456122001,0.00533553755180548
2.64169186024303,2.59167581126411,0.00630952367040533,2.57950566460968,0.199157202601923,2.55955760019736,0.00402661581180552,2.60950785659,0.0215846762691545,2.21411248002756,0.104745671047315,2.62216027427709,0.00555062583438299
3.26340336794197,3.13829079773877,0.00921388657359538,2.55864554029552,0.211874445417,3.04054360279144,0.00650044190223898,2.96097044741394,0.0228867598534884,0.305722717190052,0.358078374040689,2.91825792154087,0.0018082760641062
2.35538098841022,2.3729326355498,0.0043324983802407,2.52053970623878,0.144173660020226,2.32345211636944,0.00446357084064442,2.49241415458181,0.0317608056616913,2.71945798548332,0.0683788816311941,2.37298493816535,0.00117023762808823
2.44287559739914,2.44139154489827,0.00773228172948346,2.40660907080639,0.205756014886182,2.45384909326187,0.00865736071274164,2.25342892319739,0.00920723573022852,2.61797928188992,0.0330809139925633,2.42004163229947,0.00695083459313351
0.9802164087416,1.10796143599876,0.0292053222929431,0.68388667527159,0.335782081114126,1.02097233010977,0.00627056025186984,0.881018703381783,0.0248192282647779,1.03054031830565,0.547975650467616,0.912142278171164,0.0073589938997017
2.24000213546166,2.22368854931929,0.00428855755550804,2.18922143054868,0.135096630868302,2.23643947431449,0.00555526823618725,1.82900651590086,0.0381637092354352,2.31369181365737,0.0734981824473542,2.18914932171076,0.00642431813133553
2.97977268469837,2.9556589508859,0.0051538031228836,2.83938483608136,0.148886252597341,2.95594840332715,0.00543314027882982,2.94868305508119,0.023060886968102,1.92154514404882,0.0770987212618049,3.13360895727404,0.00654846949831503
1.40260106308939,1.4126344063934,0.00359157495698584,1.44575887819581,0.11075696194622,1.36474455025014,0.00417335091098349,1.21528169301969,0.0301189578872329,-0.370237532366478,0.293180667061245,1.24799560995121,0.00440342535169743
2.2693593218201,2.24148770642313,0.00484423142356966,2.18590714396087,0.169486149725456,2.27028138136653,0.0079202910220737,2.10957117148369,0.00876878454906475,2.86751824746379,0.0872834292950205,2.12405612868833,0.00498364161191588
0.850323322149676,0.796959910270194,0.0245023706051225,0.833469356554003,0.323893125438755,0.81302080816216,0.00921081989380803,1.19250831660126,0.0246184166921545,1.76391361300752,0.164695130544944,0.795777953294098,0.00705415176826778
1.06845664911706,1.05490329426815,0.0229553072822848,1.0860613110112,0.303743336560044,1.06505050081322,0.0156080670783162,1.1821861549742,0.0278420589031658,-0.187331925119738,0.596077504403387,1.34724343707037,0.0068321746412431
1.8178710090318,1.8222548405577,0.0040445374929954,1.93947359317544,0.116698630732842,1.87019503812971,0.00305447895647326,2.62455987847828,0.0328884656759135,1.83965717946008,0.360513103374905,1.79948880851829,0.00295634156323707
2.59702950604222,2.59693091115975,0.00418558489995377,2.69631835966293,0.146021701863437,2.66832942510581,0.00499594659040462,2.71732616903148,0.0338246452633992,2.67863527534892,0.317811967621529,2.57253645182417,0.00458344691212693
2.70798214124548,2.70752446238734,0.00176902463261981,2.81291335956198,0.0829524560523669,2.74610234235862,0.0057942996385719,2.76165655153022,0.0403453049574807,2.61192138449091,0.791328825253791,2.74197335958908,0.00115321622086705
0.875359560181173,0.758956729974969,0.00748886489493638,0.896061359815106,0.207278790900108,0.804552766505287,0.0107357656752262,1.91001577359808,0.0632620831229028,1.17385512697188,0.107881778945937,1.01335524682948,0.00174266280795342
1.60213339107276,1.60745448443372,0.0134293353378524,1.40153943972483,0.25267471059441,1.55243597229189,0.0067297851254656,1.62014337760132,0.0330661396955849,2.4756987755722,0.109420913476681,1.52156021724491,0.0030229704112787
0.75911511164572,0.985954081523782,0.0288921448729337,0.838304758698958,0.308095527527812,1.08141953853873,0.00998148241868268,1.11698921620679,0.0207970891039845,2.53000431849004,0.0522424623379994,0.98371039451928,0.00491803725626407
1.54985280818854,1.4777182595348,0.0252602580209731,1.1384746711079,0.320010826636108,1.34643492016292,0.0080967929202275,1.14117917477053,0.0155168607039093,2.09648540088518,0.016723719377325,1.16952443087777,0.00352861077224706
-0.0619563089315479,-0.43286381439414,0.260776563556086,0.0347212613201773,0.446990661110417,-0.0452882786082228,0.0516875431940468,1.67000469941277,0.109217350418604,3.4142695268852,0.0662439472105794,0.835127152409161,0.00406970610608228
0.0837463730043027,0.374371643965876,0.0596430712733181,0.414563832720243,0.386179506391385,0.391860690313961,0.00712555780225897,0.563067847470126,0.0289967269520665,1.12771899509479,0.593237560214597,0.743918801779741,0.00801608960849484
1.39424025082198,1.37868994554855,0.0205199268031765,1.06726146300315,0.277984887067101,1.35892052220414,0.00806319959743219,1.75046497320609,0.0464738557852066,1.93708138605465,0.0614156617760643,1.32996891794639,0.00162684719246089
2.20717473908783,2.26104123900068,0.00884322016051329,2.13958044484296,0.217121921775004,2.2960744995256,0.00662759593918321,2.43778519671686,0.0280099535931749,2.65719359484759,0.339984243077065,2.26492063001297,0.0034985012718968
1.37165624920028,1.36315556958959,0.0102851564569815,1.36085307706598,0.202922543812594,1.20415044692488,0.00464514338935075,1.45786498901147,0.0314526722544064,1.5539202235062,0.189077767522975,1.38757117833694,0.00373852580041485
3.2043921528542,3.19826054292211,0.00313977497197563,3.17315774246704,0.134313282147299,3.21529628242235,0.00749402806756178,3.21732589449674,0.01930696707937,1.71243707613981,0.164076694467724,3.23967880124141,0.0028675492166784
2.10055191283334,2.11613115727791,0.00154572355762051,2.18398476966488,0.0579807591907343,2.12140788630507,0.00168684325654916,2.07245075530166,0.0126915775299702,2.2697447921298,0.0694219781867423,2.17597526520964,0.00357037671147072
2.28465620232253,2.30407373777982,0.00405466077963696,2.42744041668776,0.137972658122792,2.29707863782833,0.00507583216456252,2.31948553937685,0.0315628771932493,0.517860823941487,0.25779174141167,2.16205944382466,0.00532424056688709
2.46908619823308,2.45723088476652,0.00364761997689725,2.40283578702042,0.146881215608162,2.37514579276707,0.00579643525782039,2.20791216738783,0.0435682663199163,2.44282788640951,0.0795910647202704,2.29747264165933,0.0122032932353065
2.0762728747664,1.97196613091142,0.0134827817893697,1.66926030981835,0.237711976689951,1.85711555948837,0.00985243789165188,2.41996312297308,0.0144875715216418,0.417398919756231,0.991690339997846,1.90403200147,0.00440185578226314
0.340878973771013,0.655545094539391,0.0617525955552223,0.520574686129837,0.397528652592152,0.617498297974898,0.00663794120800626,0.791259287721886,0.0358705166825706,1.74690414061696,0.168034628720033,0.771403089044786,0.00832889796611535
2.18597000615345,2.21243124005568,0.00501754090627803,2.11388692537706,0.165881569500528,2.13681111514426,0.0082334292291855,1.79885763741157,0.0292530716501684,1.33262429668667,0.356350061971425,2.14877125768483,0.00415884595209881
1.28893734110583,0.780220338045533,0.0573502916434133,0.473384561551905,0.380093730593248,0.732047419713192,0.0298636540992363,0.920876511202428,0.104972382125136,0.195574882724164,0.393404857606168,1.06058105505126,0.0142698305857902
2.18807500642449,2.15677719557654,0.0112524608437565,1.90704457442318,0.242806550579367,2.15725298787376,0.0123173304297947,2.08643199644323,0.023253725538951,0.992853211584933,0.0541601649860692,1.88109732968266,0.00419811499391265
2.67510887320795,2.66497603818286,0.00249787177152356,2.76669193231075,0.0995028563286194,2.64318658031904,0.00327691925241357,2.5403686291457,0.0311764864359521,1.74059213217886,0.0767944990264558,2.78708516838375,0.00243618037609962
0.0684641271624345,-0.00216388968349129,0.0340964205190146,0.101488047630835,0.32502665871704,-0.0154275977334657,0.015495102965896,0.241596465332839,0.0595760494702728,1.65197257272888,0.0599145762119934,0.487915161572528,0.00922008890043889
2.00172292975095,2.04705837202998,0.0173264734493783,1.78628868861523,0.269316541352301,2.00200633718321,0.0106907807283809,2.07607947496424,0.0113897990420589,2.57286292780285,0.0508901925367793,1.85048923979394,0.0111603303159737
2.71001732639459,2.72366501078475,0.00281974187199307,2.77549212950385,0.133079505344162,2.84918279193474,0.00597366284556433,3.02815959162572,0.0473545225475275,2.20986234019047,0.0977744849784574,2.91865300092221,0.00497516404519027
0.225601645621165,0.359983996905058,0.107534794515604,0.261369456534716,0.41959189680296,0.389625803053819,0.0379846991140065,1.35524704684136,0.0351373570011909,2.17839307685923,0.170960116903614,0.839128762648042,0.00669399247369866
2.34025512624074,2.32898816130706,0.0112176815161402,2.29273956629924,0.239421674700332,2.36952208219221,0.0109467492681952,2.53791991780661,0.0114235837034155,1.03604347971471,0.0483012502326617,2.39257508690419,0.009863473843904
2.21428454938087,2.2185884023777,0.00483544942234679,2.24003195581316,0.160678434069417,2.22135145857763,0.00369121544426103,2.32209077890759,0.0221684796085531,2.72665102317338,0.092456238277529,2.17837273411518,0.00588599085311895
1.73205955035382,1.73369653588924,0.00535531956837159,1.7933963650088,0.141720683080573,1.75870118937123,0.00516651619422354,1.90285376801205,0.0308910001025903,3.37334152300057,0.0937440748763857,1.83551065476105,0.00443026238959811
2.41565114176234,2.43715025239588,0.0038243690439318,2.52254162945047,0.14688068961662,2.45065008507441,0.00345541500884148,2.74292661084359,0.069333673056728,3.41804966862501,0.138941409909349,2.43652879483578,0.0031615551758584
1.84966005140567,1.90392015636774,0.0132582918522187,1.90514632460045,0.266883194113947,1.94745011373068,0.00771505669649883,2.26179768970172,0.0298228986331995,2.40852744993916,0.0795980126158589,1.92611736076604,0.00640521551368694
1.24116316697563,1.37401546633496,0.0490103458251449,0.716228978636009,0.384472956639644,1.12479399592048,0.00849780542341167,1.16083784415867,0.0190557508119883,0.87890768046548,0.180881505640921,1.16958053663901,0.00556794952656666
2.6903875556941,2.69684920946863,0.00386849253620843,2.7539057076149,0.13284957768722,2.69084685859409,0.00411740581615959,2.84338029839687,0.0836705471613315,3.12421816297965,0.11763940784043,2.81661876354944,0.00283788775194095
2.00767674925217,1.98995946554535,0.0122238483349764,1.79628744143046,0.244129148698268,1.99309222911986,0.00604136661434008,1.99258070787981,0.0180737039940649,1.25262058422322,0.399439998767784,2.01267544061737,0.00175626002590703
2.72639910717746,2.72422946689604,0.00617293633287617,2.75136864236508,0.169820971407791,2.81411822645883,0.00920648973664634,2.6770246803319,0.0220301725408257,2.67970777729733,0.248544507247578,2.90422707284178,0.00462075856661374
2.337777838187,2.32500532748344,0.00447858934457706,2.18999073428014,0.135236215154934,2.38911607032123,0.00413755872309474,2.31807510433917,0.0231102107907511,1.79646959897356,0.232786996319148,2.45983877148068,0.00271905595925821
1.4005086344607,1.21807900393766,0.0294601421532652,1.11085028199441,0.29483284410158,1.1240777008637,0.00765300591060262,1.10544527247347,0.027594823860564,0.650492982314083,0.20735045152247,1.43381297666173,0.0044705527965056
0.925619444244065,0.663699763055362,0.0490483788444637,0.493606662109696,0.380736802701549,0.618003665263539,0.0205261243228873,1.24197307944496,0.0310195500269559,0.315573056612826,1.35907670827392,0.748975116273361,0.0139017739896362
3.15373040776584,3.13249111384883,0.00196299609036996,3.20719512949852,0.106038769312146,3.10804053727515,0.00351246184965637,2.74067969768919,0.0593007416744684,1.25387993639078,0.468500675044822,3.1557455343918,0.00238331141472673
1.96075548509047,2.06114036971492,0.0111008018214343,2.04631063127467,0.247156440061362,2.14189885829973,0.00588816635509309,2.48607554872632,0.00790860218756468,3.2729766459642,0.306131350627078,2.24232479708055,0.00516851708745844
2.06740157846602,1.98305746659009,0.0163707840660059,1.64377889864965,0.236678982786095,1.82377430976743,0.0074784154267257,2.34338290939061,0.0213462711616999,-0.142589279093249,0.554349489948003,1.8829080774153,0.00651317898612086
1.77631701508582,1.77750131095316,0.0101433776556838,1.6736461222023,0.247165284360747,1.63788406625826,0.00790979594284512,1.32401669349906,0.0549403543913511,0.112000108939163,0.436192810660648,1.63417836057868,0.0102339915203255
1.47438485266024,1.51756999242973,0.0105625257985087,1.52407891695948,0.246234341849057,1.66319263499468,0.0123905151371504,2.19374922701803,0.0127123356488193,2.25388999590238,0.0849443612745747,1.59505426023238,0.00948517759457075
2.87207380547988,2.8560078870989,0.00344714815043238,2.71786078817377,0.120837007555108,2.87666748908136,0.00368062629588114,2.72371515720322,0.00982269778686631,0.642343460631605,0.196515941435327,2.69673659721449,0.00276168946704687
1.22594545262688,1.19000658566631,0.00862479066345161,1.3209798422607,0.19780297501636,1.22036893300509,0.00687398759261184,1.81738827900812,0.0145436484492971,1.18005092239083,0.0906377751837742,1.34251090003749,0.00229251097451334
1.24637800577832,1.30414653985418,0.0179621072792383,1.33709848068626,0.282238590870955,1.36809401999627,0.00856301275734512,1.91289310800268,0.0478097079551462,1.86688981238282,0.0248082981753697,1.56494502272512,0.00868714187029951
1.35704938901859,1.31301952082816,0.0217203311273909,1.17710475650374,0.287449621234896,1.42224986701208,0.00565377043450464,2.05582544707611,0.148678460129952,1.16758307902167,0.284463976009668,1.47951231626685,0.00688166126340226
2.73565780878382,2.71311254973044,0.00967695425518214,2.09386577091626,0.242348553963899,2.7376512763697,0.0120773425827048,2.61041396678559,0.0107475821257306,2.5240523468389,0.0897239624474788,2.59866449265643,0.0313511072722448
2.11514460164172,2.10711184343208,0.00432654947377535,2.14368623712233,0.146273935733824,2.11405686691063,0.00468973408549564,2.11406571226911,0.0478573291467303,1.90359103460448,0.0213242616326711,2.18760708995954,0.0025345076584899
2.040798973646,2.06135373472518,0.00431284388928305,2.08645651428507,0.145187245734287,2.14025291752304,0.00498868290122705,2.23028581213289,0.0311917874193489,1.43974626915614,0.173667585346373,2.1347409115914,0.00240538364675091
2.61194203810548,2.56377277250181,0.00889768697291093,2.11389903297483,0.189121223812941,2.46288021773712,0.00963458594580877,2.05389181027063,0.0156917174654412,0.219596254138541,0.259792014865768,2.49904028820495,0.00699870846361381
0.541643171841043,0.552510625669688,0.067695093479839,0.505875975226281,0.383260773021422,0.632443322791803,0.0157328419110509,1.20931012593069,0.0286865144145088,2.41076312854188,0.0380236541656006,1.18200725347066,0.0104518354042091
3.42491918959577,3.40126299464517,0.00359426581415278,3.21279646440703,0.157180592924371,3.42189075398894,0.00726896434711066,2.93147648355518,0.0337458600361077,2.34178253426199,0.0565098489319193,3.33405588555249,0.0110886131972888
-0.670472361441041,-0.593992739102899,0.0867133624289778,-0.183244139778885,0.401746694030276,-0.467407842887542,0.0126976279279763,0.669915849262907,0.0590740957060865,1.15084052704679,0.104263560139022,-0.402283893380603,0.0185533299957923
2.3091350420234,2.35481955833314,0.00456601041482828,2.54059117572761,0.159340841824455,2.41574462911381,0.00476608734570811,2.50812891392046,0.0168781376322478,0.918207447617115,0.0487346942042171,2.55905710310942,0.0115773912818515
1.64385469337519,1.64386094827633,0.00737366687770453,1.62733733405136,0.184702357752021,1.79948247488492,0.00512123589683976,1.89658109830681,0.0199315957248405,2.93263296933521,0.20978079928824,1.83017573889931,0.00448918239129238
1.69721693263539,1.65228400967479,0.0110562747404565,1.37979066526274,0.236811673358254,1.59203280325098,0.00682726866074145,1.36824061079407,0.0411720166688539,1.0924402094702,0.0595037422045614,1.43430666108306,0.00941631938383964
1.17490316648116,1.2208088154188,0.0196799924913411,0.990743985303924,0.265695265666484,1.1471285686719,0.0105591481172991,1.11234097916887,0.0179797515108821,3.44319900846229,0.0600744208582034,1.20246771083351,0.00990401537908052
3.00230892311056,2.99147620908981,0.0115819949421231,2.58806772369907,0.254853189106717,3.0721624133885,0.0156314158156302,2.85107379175395,0.0448003524928973,2.0460842055169,0.0386423586352587,2.87403694525239,0.00266191307939345
2.15615816231115,2.19022732740682,0.00989099694935792,2.00703680658439,0.217915970834341,2.13854952278911,0.0040782012278186,1.93629915922841,0.0225202992586349,1.77465053645448,0.0808787849117365,2.16388988478524,0.00317584485986254
2.21939634672443,2.14642810848238,0.0277599819487892,1.65019163128305,0.322779578628122,2.00655376420144,0.0115517950352127,2.10994708684664,0.0207385473726521,3.20070417451041,0.181427229225063,1.82150967180209,0.00821209136368933
0.0259807007353345,-0.0214543230690242,0.0157136595425636,0.108046105390333,0.240862955693678,-0.0251495755853497,0.014003700386539,-0.0487883351231412,0.0456987185723378,0.975445559213586,0.64792397132011,0.294396062429827,0.00819440508896183
0.443649742621173,0.361404891154292,0.0375791375223571,0.439579550374969,0.359736215465474,0.40243811607619,0.0153541156795485,1.25830984287253,0.0325577312684498,1.64515387190854,0.148753579925929,0.789136419154716,0.00956666887437684
1.88631134972646,1.87902839166175,0.00270642493748321,2.0291679761144,0.10382605914793,1.93601014196231,0.00491960647672724,2.18431959048315,0.0139522864856955,1.59804175560152,0.205954581600855,1.85393475831602,0.00284882285637294
0.872050968839632,0.823649777017255,0.0147810659810771,0.858737903548391,0.217330801005284,0.882904485067438,0.0181439565237977,1.03483799752242,0.0426177030824977,0.89870190283198,0.118217152390632,1.10297067871158,0.00775413558877516
2.71005842649577,2.64966478871537,0.00875049096821957,2.25087876377424,0.227177177709399,2.6335649388276,0.0073769158301903,2.35978417269181,0.0245303069764722,2.14096558053529,0.113061172745632,2.5968086623023,0.00305483802609318
2.5919105914873,2.52956902086879,0.0110201168310666,1.92525766951115,0.248586022347959,2.39111695326374,0.00658776377395595,2.13061959203041,0.0386323422707543,0.526444681358586,0.295236070557821,2.37888492419479,0.00781127219330157
1.19398432305984,1.15029051617278,0.0272016870400992,1.00258777013704,0.302236363026587,1.16577812818114,0.00966634429799402,1.49984436356269,0.0500276983425714,1.65273261976777,0.0638296334381665,1.33598206215293,0.00454453687500593
0.342581746333689,0.48851137760462,0.0431818730864157,0.520552235120254,0.327066884342437,0.624937002714196,0.012133813862083,1.4494408028234,0.0899450640186952,1.57057329692167,0.199020908939588,0.724090159589297,0.00502318672702233
1.74416983345076,1.78353227576654,0.00543200093766119,1.82877543321532,0.188495343853075,1.79177666856747,0.00784277623714652,2.25814451405745,0.0159277612526487,0.927443476807153,0.0416612073040739,1.74387630020857,0.00254581157361651
1.98473351166945,1.9970826772915,0.00365932427395705,2.03792744274492,0.162908959657415,2.03264622211934,0.00566607942994981,2.44519421407608,0.0245328787507616,2.91192923846583,0.0549238873386554,2.03744570061277,0.00169659428984335
2.91856119761503,2.90655669824082,0.00318032350897263,2.98207480534166,0.124359528727525,2.99672439917623,0.0054078836077846,2.91234694421448,0.0132876517793463,2.12137622186078,0.0882320253405716,3.01467293919962,0.00103022284914019
0.00945777300814115,-0.171982986470508,0.0379447346574979,-0.00582458840276331,0.339727378170115,-0.146649673466857,0.0113220828970617,0.179203844973255,0.0341279592271271,1.96441357902941,0.162455071984322,0.197387273708867,0.0106029173760942
2.2804842041321,2.28297123861062,0.00658665191644958,2.27816997867981,0.199382640375163,2.31326562933395,0.00942564049159293,2.51783889314942,0.0256644811328568,3.53200610825769,0.0408398549899105,2.33764335655726,0.00509279280847951
2.71233166036852,2.67690447652733,0.00744439254502946,2.57968344761944,0.188118871507099,2.67741449825968,0.00979772689981282,2.79010449616154,0.0207134680589072,2.40253104912144,0.215922415223733,2.67318391351245,0.00391210434645841
1.60744119592375,1.62362347677607,0.0085042233183883,1.60408380971918,0.209710217019489,1.60101923890665,0.00502880871655931,1.9236726414752,0.0266254515082969,1.23274311696236,0.10825992241393,1.40043410463265,0.00435324704291835
2.7942738873276,2.77573011025213,0.00936698901093214,2.42566806754802,0.210338420113948,2.7859959407944,0.00663886581159826,2.79386295649822,0.0208570952526707,1.37265719055429,0.0739636470912408,2.80059123097411,0.00813038443049008
0.372051876427464,0.446629340617116,0.0179492999893765,0.397634872352985,0.254938356348094,0.363233155204075,0.00898062604612856,0.411124391905836,0.0177113905014389,2.47273225324081,0.0307694893457198,0.638964789587673,0.00592574246179169
0.575126510548647,0.75645778162256,0.0309143750997056,0.669485787401929,0.335118007673545,0.753161584299455,0.0169605463659069,0.97283084427582,0.0256571515400907,1.54330240241162,0.147588101548385,0.822621016523399,0.00419593721346926
1.30691365736657,1.3087951446531,0.0150089767984814,1.40864474237487,0.239021339841263,1.29934744535829,0.00739646988602758,1.53012760808763,0.0199581117510569,-0.0344852838025615,1.21771623559308,1.54440173996816,0.00261807011338233
1.59290868617392,1.63079457106902,0.0119004392660862,1.74633816672761,0.25934004267265,1.65699892336497,0.0100334735128155,2.05196722621611,0.0109615314100309,1.53040873290852,0.170589339852667,1.73608003731722,0.0141576754455083
1.08234241535901,1.00626274439304,0.0211099981851209,0.910774610536558,0.243790246349872,1.02472529471495,0.00827012576599418,1.17187638532743,0.0270679968738682,2.77891724058171,0.182780178674375,1.24759856565618,0.00587772134490358
2.34415124211867,2.39956515914732,0.00633737410638866,2.55364312282769,0.199642710303675,2.41995322416889,0.00726695482129726,2.73517104710658,0.0204742063621604,1.19417556808223,0.108608399273316,2.48425443286527,0.0069707822211379
0.853500053822509,0.910982214151052,0.0227238623293951,1.07678494086548,0.308251453544615,0.984074011550561,0.00937426334257613,1.36184388984513,0.01283095180095,-0.285560735635614,0.898026508499288,1.24521699214811,0.0102061544063298
2.72465079130725,2.6583570697916,0.00580792586941437,2.2452327936859,0.162630205895076,2.64713922741747,0.00377774042327561,2.18215958483851,0.0185365589837061,1.17295908686802,0.110053744628293,2.53940465846536,0.00377836774729812
1.24902044012569,1.3086465922383,0.0253241373933771,1.36411054933239,0.32435747996346,1.37891730359026,0.0137107752953627,1.56141806351288,0.0177280149714909,2.6226812659753,0.0663085098722649,1.64364679139697,0.0141211885762925
1.66459765452718,1.71808541550585,0.0174877990180536,1.43536287384501,0.265932047505291,1.60038808373766,0.00493405462908869,1.77570035704314,0.0239706005555618,1.71990640457705,0.0963914280198295,1.29663744346114,0.00331270625629536
2.31581472178342,2.3527309960697,0.00846385782666497,2.26301531347832,0.22500198109612,2.51297065621798,0.00749022703434578,2.81120848911192,0.0508159628485052,0.841456343951543,0.415980925419345,2.52541258292213,0.0029252831006661
1.19228805240293,1.16687926873875,0.00965654644253082,1.17895679631474,0.230171573477096,1.28695534851988,0.00658107225007763,1.49556379645892,0.0289045402261791,1.55649851495191,0.119540200241421,1.46106871139293,0.00185153915534814
2.00506686953897,2.0429425434125,0.0139527009123383,1.82382642752717,0.249517746796907,1.97216350453535,0.00667708232092843,1.94727907737767,0.0316874957007793,0.126305870640591,0.44438227527035,2.11062970388806,0.00426291293035366
2.90665544620411,2.91712695877603,0.00256500313317676,3.07739057868301,0.104225621893491,2.92955177362373,0.0043034679656815,3.13297311269218,0.0135966571320776,1.95424031047428,0.0677488478343763,3.10766191596983,0.00418055820317829
2.54142291259933,2.44400838140423,0.0167310732631465,1.93220306090377,0.268086329037511,2.38441105057599,0.00667563624301998,2.33486675098781,0.0719333567201168,0.125476937549371,0.550582368931627,2.39161462882203,0.0116457564695326
1.43958821994267,1.44346227080544,0.00659852660440147,1.52217509831202,0.195702424625584,1.53877065827965,0.0051486877480401,1.51467519625827,0.0244908531753524,2.47495184208657,0.223517336247198,1.61265542599756,0.00290384691951075
2.43321136875047,2.43106679336096,0.00474244725864735,2.43897043839444,0.152407128041679,2.38766957415028,0.0046030697476584,2.52293631692015,0.0236877362945079,1.49717036800689,0.367687668181839,2.63353261009506,0.00779758691276456
0.933761937096403,1.07199186655467,0.0448330595849025,0.742542532912677,0.37266795502844,0.930358261464247,0.0163607062091204,1.60399723601101,0.0421465679723146,2.09174369819396,0.188085219354734,0.987153228453318,0.0058497803484605
2.43418371899669,2.47359732200237,0.00314626991808268,2.60991146237299,0.109867123282,2.54872576854979,0.0039810537833908,2.56389397046702,0.0194778014304377,1.43780706527071,0.470549670943736,2.51536428648106,0.00138243487987103
2.18717780049663,2.18418101654877,0.00699558413885667,2.24578075041371,0.190289144114735,2.23398014536459,0.00710343176802874,2.4597181506889,0.0086125018353249,2.06538801997485,0.0541653902607922,2.23335972547327,0.00527445856126634
2.51134340382648,2.52128141089751,0.00714697741804085,2.47140541248217,0.181278361729528,2.55349837824792,0.010534261564416,2.26635421706558,0.0341803271981498,2.01891593816962,0.181049386503247,2.62111475699972,0.00522877772794231
0.835574944917901,0.811781434669557,0.014882302292162,0.875171108093728,0.223806440266861,0.869392407262913,0.0048874585030962,1.05021290366636,0.0361248811552436,2.3507284909618,0.0759062001245587,0.954138778140847,0.00382188108833982
2.91533647486836,2.90739258360463,0.00580145348575834,2.92904045752893,0.180534606820147,2.8784536431162,0.00448509001480027,2.81831388616654,0.0395688168613422,2.56826935674358,0.083650940038299,3.09084980529505,0.00477047191268908
3.00518613965852,2.99729252579002,0.0147918106624921,2.42934142867386,0.270655629198274,3.11583371772548,0.0136443588401155,3.21137380348442,0.041760070776076,1.25693292615072,0.16240066507915,2.86345246392164,0.0039727479893559
0.963004003091964,1.01408577279392,0.0185679031034906,0.769974331397152,0.25228429432526,0.893922778585141,0.00795264778224637,0.788970337382195,0.018316025624636,1.74760237694786,0.180997960903387,0.922884424417352,0.0088477911594842
2.6400596875065,2.59217875325593,0.00630241616264145,2.33729453120866,0.196310158820546,2.58240696188527,0.0139494091325971,2.04195325993874,0.0200038921647348,0.721979172003213,0.264063745267118,2.64805886019576,0.0116834282567241
2.06924468379867,2.09045482654276,0.00564980157118953,2.0059637483416,0.181534950526035,2.21612124438221,0.00997761734808267,2.49094733342088,0.0878798604329754,1.82448114688282,0.12395843279279,2.05496855146709,0.00330985156858406
1.74260364623091,1.76939832672783,0.00863063307942336,1.74481212569876,0.23543886006345,1.76611337029833,0.0067307258989507,1.99251133112973,0.0437940062905278,2.21947488599644,0.315281032094697,1.9179365520126,0.00229028553896222
1.66611439121378,1.67024008841308,0.0128395193081417,1.64025592301057,0.236528745212878,1.70446436961565,0.00705205740709024,1.78871637291463,0.0476364851619619,1.55882998414896,0.0280489930967591,1.77968824594684,0.00789429359450936
1.01866286350026,1.0948778779934,0.0267489846288895,0.861130791616026,0.296582091217966,1.00016572610134,0.0116976197451003,1.31041632108484,0.0187966904657067,1.79521034509561,0.175765791357997,1.02816347717786,0.00823404653998067
1.04659799546888,1.25626998400264,0.0252150750840232,0.784472148237479,0.340755018529839,1.06961019121453,0.00777413312327782,1.05656154038014,0.0227804740467688,0.95818876191741,0.46625179405803,1.09543399874917,0.00698352232085781
2.7313179921518,2.73516315359851,0.00285309594053253,2.76550977666189,0.122547973793808,2.79147618079273,0.0063656231214612,2.76387901028456,0.0185296881147848,0.95225936728224,0.518393142878339,2.69832444728638,0.00205627408569147
1.67896044022382,1.71221627175268,0.00787703236207434,1.78987280778758,0.240112021971678,1.76378493833206,0.00586923877331051,2.39261723521768,0.0217615283273788,1.68703398594597,0.157721134941272,1.81441753632022,0.00398469655394524
0.790084725877871,0.839636131003645,0.0214789341380843,0.873872113359613,0.238260868421887,0.849058954025035,0.00657021279551563,1.06414087307803,0.0669369322227847,3.06553881137793,0.0797667255109468,0.898381788797221,0.0067302414420339
2.97316079039832,2.98893135133129,0.00629159223658047,2.84570123443186,0.165445359562048,2.97975434268529,0.0034610125491966,3.0183996890591,0.0216528969771802,2.05923865174046,0.0376707492915311,2.86864958910278,0.00203061731382708
3.62008357997214,3.57642530174253,0.0056711534922611,3.2722022367504,0.188658359331744,3.56035298572749,0.00709084747688846,3.227212793931,0.0168219066663284,2.27735725932071,0.17133097541028,3.66955072681369,0.00136751948700198
1.54532029472068,1.64062792681574,0.0160015382870794,1.32611199081774,0.282818766486719,1.49166921411905,0.00567304493037077,1.18926533678861,0.0285649696916676,1.44962564156477,0.288560713338562,1.19840909207385,0.00185431005942432
2.14045228097318,2.16388271998958,0.0048879041275959,2.2351793669772,0.175035861323724,2.19898792720746,0.00518632764187731,2.63053632082802,0.0635170825898366,0.9556821074583,0.0463986855832931,2.02186611298506,0.00149259357878866
2.91760603496465,2.89329716809847,0.00683252178153234,2.73906808372051,0.198757512848669,2.91300348008735,0.00572701034872557,2.82156763476636,0.0196152217853151,2.06565771629263,0.266890348475533,2.97458187870377,0.00568978290336262
-0.633721466324326,0.0128699786523559,0.0954840371496336,0.0474387095328321,0.411897747416463,-0.0634336755356349,0.0140378316835445,0.241595283623353,0.0500631310173047,1.51975990868697,0.098903726855593,0.504280361087248,0.01132493652064
0.274875583547976,0.285562421220479,0.0493135398740387,0.385393463731178,0.332493962144211,0.352474277639636,0.0126132549206431,1.08075067647904,0.0403282248640857,3.22544929476503,0.123945468658566,0.377037875692704,0.029339250174194
2.50653453550454,2.43873123092511,0.00928788620288188,2.25677658911776,0.204184274732769,2.3076248285863,0.00465305747002614,2.63404599773389,0.0221761265160748,0.362618486185206,0.509567557759702,2.24967292181302,0.00341890211635078
2.91581296968505,2.90867313357447,0.00479388630600468,2.763067521107,0.118763113694973,2.99943140338271,0.00695709834887541,2.98978938983788,0.0271378885856846,2.84909182286435,0.0716200405408021,2.91499660193932,0.00445656328651989
1.82690105587893,1.8366751712631,0.00639124037843276,1.66579321109279,0.119825730758682,1.87965105149613,0.00395281835630344,2.00760629303424,0.0211772043157433,0.902646762208094,0.0252967687145577,1.86906401583307,0.00171661739549882
1.74701488464585,1.7680754675134,0.010779970544203,1.78985659283565,0.214536056944411,1.8559720206829,0.00835539252827696,1.88029234938861,0.04584655113442,1.83992310068379,0.0280533618852307,1.88655998907718,0.00383150701766303
3.1166856757877,3.07645814172535,0.00410350036703415,2.88708195504047,0.157769467705647,3.04677136256135,0.00795362700111822,2.78536914188768,0.0801414702675272,3.2766638844895,0.113404162291674,3.10115676845955,0.00393057769373162
3.05430258225771,2.91461844977288,0.00764407242492852,2.44890808543352,0.188379615782486,2.76024304242924,0.00676072388268947,2.57892775483276,0.00527547139276565,2.16034807078488,0.288066011779133,2.78675131709346,0.0023754365149355
0.92535901811378,0.849400970481133,0.00430577978082569,0.978580846414362,0.144833740956628,0.879117869470616,0.00490639755309952,1.33679588522794,0.0286424143701757,1.62606506016795,0.189492946768431,1.06119614828829,0.00132900615712574
1.03007708959296,0.895368133326947,0.0525584515187355,0.744494422587404,0.350220873678758,0.929358618790488,0.0124784200885664,1.63885425606807,0.0292339401208752,3.2063272824114,0.0753460157658273,1.15877028516178,0.0056999915986283
2.04813159161811,2.04800404654967,0.00415223114158646,1.91826648961772,0.149003894043252,2.16204599810381,0.00337508603317416,2.46377158024278,0.0117155408795926,0.91739617498972,0.0368932404626858,2.2007339895365,0.00266076359677714
2.91996824080543,2.8984837792,0.00274655323007055,2.94713061977656,0.128591806275324,2.94200981213681,0.00601821376176112,2.63990899398623,0.0646829446762607,1.25544398300339,0.193047514984871,2.91764340934319,0.00360572432395762
2.24876602461537,2.27781381397535,0.00295547374364142,2.19375769628694,0.121402239106147,2.37157700194112,0.00487291323476036,2.51125913690021,0.0189257686514006,2.38341884507258,0.0471161247669475,2.1556821858308,0.00370301893974506
1.10524414391515,1.07052637702801,0.0162224125317829,1.04194801465442,0.273516094431808,1.18153673870032,0.0185175530794135,1.14331416098547,0.0216239740315078,1.61212784291587,0.205292962518453,1.32502609673266,0.00281683314254094
2.25969686459264,2.26852218925926,0.00828023369610066,2.34106350927879,0.223779724319874,2.30381997244056,0.00998114458997829,2.53278897501703,0.0510852784463231,1.25821794024565,0.063848870562303,1.9947194840602,0.00988142761791064
1.45403272418671,1.50688682953502,0.0183356226952403,1.39139872434321,0.262973570550549,1.44428989756621,0.00738563521749427,1.45642738497715,0.0243049826183026,-0.422337444208603,0.961323177872992,1.57934545637973,0.00373329908740104
1.67935727401531,1.69753097757288,0.00737349771875935,1.73114422162405,0.173376189701603,1.61589827232068,0.00498074078564548,1.85814629803194,0.0167600012614772,1.77087465765427,0.303020014632987,1.68835501084426,0.00336511141256955
1.91793593954049,1.91695078445785,0.00486142732341646,2.00137184060925,0.168859028262581,1.9560104658402,0.00397918568400748,2.56889024472431,0.0696867541140355,1.64138972974553,0.137788403837283,1.9465555163474,0.00125356468891402
1.55227670987242,1.56899945326931,0.00719143761804993,1.73229033825692,0.211681578016448,1.57595317425315,0.00722332727584936,2.1217993133495,0.0102580044533542,1.08119039747109,0.168120813816256,1.74626746716847,0.00555768565565696
2.57655744484012,2.59637128733893,0.00250828490275136,2.70415873797552,0.103754970737149,2.58188902584799,0.00324922453341942,2.64248960371462,0.035476182936632,2.38753981084402,0.069829604059669,2.61812183965203,0.00165319958450445
1.60028825722416,1.64564186555318,0.00924169289507571,1.56546701479583,0.206064389212978,1.78871215885001,0.00649019626312506,2.09578410173961,0.0783949456956626,2.37489498556687,0.0408630443093574,1.63702784021712,0.00362746846502296
0.66852645355368,0.531175762088368,0.133101725399935,0.292678421431189,0.433521558795455,0.525242082810046,0.0114412112860461,1.16254182896483,0.0246060245135032,1.47638325960151,0.0760091376754798,0.776793171332948,0.00472668769929932
1.78337686307218,1.78942870319646,0.00914144092368337,1.68381952924737,0.210826600543609,1.81198006557904,0.0135888584910821,1.53021584236506,0.0170028881135868,1.67225897121831,0.0586092359893107,1.71048625393588,0.00320026364276899
1.97969889529164,1.96489742170911,0.0186395566712804,1.7064452885543,0.279300894172716,1.90828974052089,0.0140769513745776,2.01945599760172,0.0253275081156761,1.16729931884479,0.0624797487934275,1.95735003662399,0.0039019587492129
2.13551887670385,2.14362087588341,0.0114101413568752,1.9329751236751,0.252482164874704,2.30127492442573,0.00973756140813003,2.44042334024101,0.0161786086429986,2.32274983809452,0.194934940898771,2.09241279967407,0.011336348195111
2.21524787895796,2.17252005806187,0.00784595568550537,2.02869940283013,0.185101469210323,2.06612425450338,0.00693189726917254,2.1476707908144,0.0110189256073547,2.57230091474877,0.0919498564844242,2.21305178530167,0.00184993069580949
1.75866552415938,1.76892640290093,0.0220327930254079,1.47230333820111,0.313385572308147,1.77917448409233,0.0128458496447996,1.86352727596162,0.0231534693282782,1.73736261403733,0.133583304500178,1.7108219656019,0.00432525119010648
0.852618265706929,0.813704497018168,0.0390401209544212,0.726738337707399,0.376982116403455,0.869887742596472,0.0121494020962407,1.62722413636299,0.0418919613216678,2.25697164430405,0.0844660792545377,1.20684662272363,0.00485680523068625
1.98533369713323,1.98242005758065,0.00703840886653862,2.02380744813594,0.204588735011924,1.98262423312093,0.00589253575165653,2.09835082939448,0.0284114404469091,1.23873216133222,0.0423495855728226,1.7564037881654,0.0040518796352981
0.669550380628922,0.660951985798049,0.0812599277084369,0.50908640247373,0.389401368275343,0.750843225245576,0.0158820494305496,1.78181963138467,0.0906380914957313,1.80347129311391,0.0190280470299187,0.969704682889523,0.00479245398080847
1.94654036628737,1.97662471831653,0.0108279379927997,1.60863125369581,0.226307221634965,1.89836875646514,0.00899834260985225,1.90126211189925,0.0148217038656604,2.78440458868487,0.268586877242122,2.06769217415818,0.0119334575939962
1.77015871846213,1.7961746463526,0.00704498292139742,1.5767732581316,0.179093553097138,1.76252459610678,0.0090983407738973,1.66926234409129,0.024704479808752,1.98712885097482,0.100018693785426,1.60817774963257,0.00488037543794707
1.31462353212237,1.32189657749544,0.0118311667895118,1.29370102418611,0.239703308660023,1.34904059299811,0.00528090882139541,1.35590698280486,0.0395981474408401,2.16002147545727,0.0586877212413075,1.433574688567,0.0105232224992663
1.53980354119695,1.5322362203587,0.0178503229244414,1.64066486557065,0.272942824740238,1.59172673106709,0.00779989598202465,1.54634979112547,0.0184915278773827,1.39296905785957,0.0622565916219916,1.68377328005518,0.00375477473025232
1.70727145815648,1.69723346354084,0.0114481211497295,1.59675555403176,0.207942434456348,1.7073718272751,0.00579628819755407,1.66820106085203,0.0125890723573614,1.45396534284648,0.250067644152185,1.56070454246643,0.00229257086425653
0.839324284347093,0.896679192604663,0.041588233789742,0.981906487608673,0.360940858423958,0.907049815634954,0.025361525301932,1.88602483081175,0.0314875458861498,2.04695283937922,0.196631886063991,1.29132570456187,0.00365771046339256
1.44424078327769,1.66280947133067,0.0646633042774465,0.852615181301071,0.405788106662526,1.4979677920159,0.0156834225444724,2.04172309243402,0.0264076796018688,1.96865574183435,0.236677286287207,1.18357697366494,0.0125748215099415
3.18051711348884,3.16294175386869,0.00347831525558352,3.12416505455447,0.134353357117121,3.13891681304368,0.00960343972859389,2.96621162122782,0.0264613395111493,2.06552937556745,0.00754017380261237,3.31236155807454,0.00922196473161195
1.19583585740915,1.1290863161236,0.0176942359479163,1.05948874219361,0.280366790522458,1.21222153378306,0.00862641520545774,1.99511477184489,0.0878685039371633,1.95048602999226,0.15338174057686,1.23149627509298,0.0222754546402514
2.28617464886261,2.30039869421121,0.0059911094833315,2.23303429950798,0.178786092592397,2.246664454455,0.00734899144423933,2.62527358141262,0.0294254669703547,2.50328575123246,0.130404830746242,2.27956307643602,0.00589745233006035
2.92352131474401,2.91369944601947,0.00712833184881191,2.70388745444135,0.199799748467742,2.87968870299531,0.00599473114353624,2.83297282475698,0.0172764377053795,1.969071478495,0.0491679303596483,3.00748132034524,0.00192541428963461
1.33478292368997,1.37863594925137,0.0200591880096389,1.28394433682447,0.28407306742191,1.53508472130913,0.00992251575307951,2.14712410712399,0.0267123424675809,2.42752414602158,0.0773976753685208,1.43575465581719,0.00353617609661221
2.64616419626809,2.65668127151639,0.0033420238219361,2.77906254191153,0.139544087144345,2.70534876929308,0.00585022617678532,3.15262464570456,0.0214290089435287,2.41787632781317,0.0653089225809789,2.93312100920728,0.00167538725585579
2.08155059622623,2.10272406704747,0.0024086665919488,2.1402953714396,0.107746865450898,2.08580269498611,0.00431912134908462,2.37450119483582,0.034808592079201,0.870405572441785,0.0653527761828106,2.05292740751133,0.00386228703072127
1.44352791507546,1.44269458712094,0.0100349581885937,1.43514648703156,0.193558393096626,1.46918479695356,0.00469503457431675,1.63544405193008,0.0276330654251437,1.61297802150157,0.151795704683996,1.43110292504216,0.00462205285970339
2.31239272743082,2.31502095066488,0.00149738716941826,2.31158842060039,0.0920644928797228,2.35836990303374,0.00319575834811745,2.8375570433182,0.0386457428393663,2.85297003209049,0.244258352400809,2.32816504772484,0.0027202853298923
0.585530597880922,0.654021507289114,0.025545089533304,0.565698368096217,0.328616749852772,0.584686460839781,0.00905915954938916,0.856322761044566,0.0364956110190327,1.98144142131077,0.103533003999948,0.747727041830402,0.0140027649104129
2.16082236407243,2.17548126926175,0.0019803034283242,2.31756848918414,0.100390306641863,2.18820667065596,0.00466311939127073,2.6120001475083,0.0113301690827331,2.59461822889656,0.053160203845791,2.36011469108659,0.00489481937916058
2.31175281202606,1.65882743821824,0.0454081367707847,1.00651978379851,0.350209872055885,1.56795870237196,0.0111616332516332,1.94752916572076,0.0255680629533163,0.626852967318127,0.351527026488047,1.51415272332088,0.00440088417010068
2.8252181153363,2.80310752264092,0.00445540524172642,2.6116433829871,0.156565944491502,2.80703978295839,0.0051728738740798,2.69404867564107,0.0176881991168468,1.56694174278817,0.209199608444873,2.59126370786262,0.00163887888825021
2.58736708024001,2.58031954400001,0.00308806408238077,2.36690755420747,0.110255220449564,2.60600247176765,0.00336710788499188,2.46752000982908,0.0126157727635407,1.85645755451469,0.0233269028404592,2.59275566208907,0.00591636118058532
2.98881548534206,2.97705152471585,0.00994783357119994,2.43536901220116,0.266180088609829,2.95027479320026,0.00890204265494593,2.3219325741411,0.031927826999746,2.720485523284,0.0610695678683253,2.76868697837877,0.00333263748136046
1.82457733821174,1.84960865391478,0.00397330807170647,2.02304877174043,0.155585208023216,1.93129065974485,0.00442846605499012,2.5291637364487,0.0337578288218766,1.28340498630915,0.051241498235188,1.92083847407441,0.00194563532952453
2.63861151480915,2.59091630639739,0.0068610103733193,2.36236933228133,0.226915912718078,2.484018483136,0.0119410247471069,2.20575808600523,0.0102793263009749,1.10230066731965,0.250253396352002,2.48832610207307,0.00524253941962633
1.95397658889274,1.97169765586747,0.0216496198318636,1.45128314410534,0.306206687426278,1.90653267392265,0.0106207859758768,1.76204131474487,0.0536663653592891,1.08359846405113,0.0517028120058736,1.68931580844239,0.0107918264849908
2.04410357906512,2.06330434887442,0.0363760881811384,1.23061594530185,0.353012769524094,2.03263123477101,0.0135842519975346,1.89532018247093,0.0233714088388735,3.17500670881375,0.0696270527398897,1.90688272466477,0.0127472778824531
1.42478569365498,1.42381237462217,0.0113698802722224,1.29464311793148,0.258755004046386,1.30628679885446,0.00790995572473741,1.37574789372144,0.0127965845279932,1.69251803768012,0.150866494831109,1.06529123908569,0.00446295681663535
2.15114103482693,2.15231141827899,0.00563027490771097,1.88708436326864,0.129848328112559,2.16479654176762,0.00613143931784681,2.10725362366832,0.00701040578414302,0.657774834897298,0.475676467036929,2.04064480512341,0.00579939244644351
2.20680414241055,2.25192665639869,0.00755042918513436,2.21579759538562,0.196654069152,2.18127001329912,0.00599704703278813,2.46084300865108,0.0224187157731323,1.03009520476714,0.322275459427145,2.12392955912111,0.00523100456311818
1.8672808115827,1.87898343156919,0.0137264123029545,1.55167246595057,0.244058543944517,1.87735267234163,0.0109857561458707,1.2810045629495,0.0345588083413206,2.82269559226933,0.0729736071415603,1.68054829660343,0.00958413207480244
1.81603710873363,1.77370156514878,0.0139661935601167,1.47350203165067,0.27944199395499,1.72748263525874,0.00741185205279222,1.60733122670862,0.0286009712000883,2.50597746702592,0.100847710907742,1.27788877690017,0.00569710767847545
2.28443698292155,2.27893536941727,0.0100538496889522,1.89503938183354,0.227716846269393,2.26024996066069,0.0143332141644591,2.13427611105222,0.0191212290597009,2.19669479384963,0.0151412439808559,2.10939982043273,0.00491102069092865
0.713208310132381,0.685701305526805,0.0204046887550175,0.801067715635563,0.288052161617495,0.675581036050344,0.0103184634084212,0.930883116719877,0.0139835046230343,2.14279438657025,0.0550294214471938,0.908617240220357,0.00621352109441726
1.12561359368796,1.16123415055844,0.0192323611645487,1.17933010888252,0.275936094784626,1.16631966304694,0.0181607684632559,1.7173059286191,0.0206413363877453,1.79920867987558,0.114836153872858,1.42696742310758,0.00455731507254737
3.56518163059028,3.55818061799615,0.00266104848917262,3.69871863911958,0.112467895747984,3.60564585108927,0.00506863862872116,3.6782428514141,0.0126413448590284,2.77042490337829,0.433656865007807,3.73664458752872,0.00343409385759025
2.0927510034715,1.93096013922087,0.0406034280975854,1.28897052442909,0.361223854797058,1.86373333048973,0.0111321584638305,2.12043072999489,0.0463756759973487,2.25711713841424,0.126538135677504,1.94246256501967,0.0157052308272234
2.11131567116224,2.13327136871133,0.0031082006612813,2.37439192465769,0.135619925194534,2.19552455127948,0.00631603863978021,2.40248270778418,0.0401752068087436,2.91316483323316,0.202789924147821,2.17148750693134,0.00196285980076218
2.85964243257374,2.87053775435705,0.00348254531614856,2.9504576484771,0.136400788547851,2.94859909550092,0.00557697240244355,2.84246072191851,0.0157879203668716,1.87294065116776,0.0949840466650903,2.89058068820258,0.00734793380826926
-0.691273880023944,-0.205806285682449,0.0235840936273641,-0.209803378914577,0.305417019048848,-0.29339711762152,0.010187286635483,-0.412861007952791,0.0176310938001836,1.78470771454877,0.239373658118962,-0.128812016883791,0.0171679828287385
2.90221930167269,2.86205411602572,0.0047174636672494,2.79353009543664,0.129120749264827,2.82978083116384,0.0036151466837347,2.88552337610319,0.0166750829641362,2.34236418250984,0.0743636805608767,2.86414048114293,0.00645810940876205
2.05245730649588,2.10234590515304,0.0045655855344973,2.13989799878637,0.154217614357126,2.20522321794038,0.00587306974659196,2.58831005374285,0.0266541659751201,0.907832493692836,0.206948816975701,2.10113260048612,0.00167173384886431
3.39664251538471,3.33867991192642,0.0043110583568615,3.03825434268514,0.148709001744635,3.41918360305968,0.00887989834972731,3.17696981809199,0.0459379219783179,2.29892854407067,0.136644241452123,3.25519604084519,0.00326136911340981
-0.349474190770935,0.0601639231477727,0.113459257624802,0.124147406298307,0.427891783303995,0.200147697671674,0.0163733962149489,1.33244019485871,0.0316837551325522,2.56429113035938,0.147206382021351,0.345528201979968,0.0105512464699283
1.03409888977994,1.12040113540419,0.0400198234216697,0.804202718893199,0.330505929794019,1.00662415921468,0.00753580705071588,1.45779833535825,0.0340820391497912,2.41627705902612,0.127969004316018,1.06567155930947,0.00345919231337939
1.4598631788361,1.48046564426137,0.00590837178937257,1.59996588781189,0.179934617688287,1.56305165481621,0.00550992440207866,1.40794622603756,0.0157912747985509,2.57323714077691,0.157943490361983,1.73553251692226,0.00263947324390385
2.24938877376242,1.90802649560797,0.0262624994190388,1.25822332490469,0.312538411649254,1.80018256729535,0.00892963367270937,1.98607948250162,0.04667455618569,0.587470789316603,0.469796388513001,1.69989876758314,0.00735471540603066
2.23663568729293,2.2194070704316,0.00581482686295386,2.1719995256781,0.177188110556079,2.20716033716182,0.00515026415752426,2.33776762645484,0.0178818649987509,2.54653984474783,0.105258701636634,2.30171942168293,0.00173623834513823
1.22586145564515,1.25498092235917,0.0107891639854657,1.32156942632445,0.249757851456396,1.26013743220482,0.00684954313056787,1.62873861999539,0.0553682220936183,1.63351600837248,0.30001831616837,1.56411704528755,0.0146138807362714
1.89322798183315,1.86743661988319,0.0216214960833249,1.50452181500861,0.308942468064784,2.03734582488838,0.00753028706526785,2.73560863448409,0.0315047816973274,1.82514403225346,0.0199518352730289,1.99474801079072,0.00314740634257626
2.05427790830607,2.08298807571624,0.00893521611608812,2.00151868925284,0.19314329784463,2.16924781974433,0.0077514089577909,2.31744688769971,0.0335513869984971,1.8853235635395,0.116698975470004,1.93022927076442,0.00241790677663471
1.73577018911216,1.68713259378758,0.00928601872443044,1.69981369049141,0.22332829541255,1.62056760055588,0.00568306430626256,1.84394820352187,0.0132690871954878,1.26403141927109,0.0870084782781171,1.77011505527797,0.00359939254146122
1.82904548182213,1.72974794917375,0.0228201120232292,1.29481497864186,0.302657301767056,1.62159575361607,0.00850768797576177,1.88379745235359,0.0456570743462406,1.35926027364082,0.0605975558493444,1.45798428905083,0.01145412973463
1.98632617125144,1.97143189333667,0.0223359812863893,1.53683923757509,0.305397102584733,1.79891996048076,0.00604472708806094,1.99661416798599,0.0308164455430035,1.90438421334114,0.0992634725406579,1.92911269877427,0.00592865715640497
2.84589495308907,2.83152512075517,0.00203771621633243,2.75304525417994,0.106645371481046,2.84828036441245,0.006983337898997,2.57826190648668,0.00579207604145732,0.8394914010669,0.0328112369418673,2.7008966512014,0.00735183178945505
1.30979368942408,1.34481046393351,0.0278007292471556,1.12751288038311,0.285907655021458,1.44921417256722,0.0173338435685379,1.50280266174043,0.0202838407901095,2.83947795748655,0.0495548275789179,1.42341131637542,0.00207321390638904
0.966750776808927,1.03628802326945,0.0249144258149657,0.768831380736851,0.304507815174443,1.0756756771238,0.00885506312572423,1.37456245614888,0.0328181401081913,0.82180157846567,0.0439701688656666,1.00829548258088,0.00778804003697441
2.21518510678377,2.21740280908479,0.0112859142825228,2.21414639318147,0.243689884613501,2.30936600771267,0.00994576903402761,2.2029922006946,0.0509684933591788,2.42497395377358,0.0533540868968703,2.11122029996344,0.00739095574269509
1.77309524702606,1.7910044549321,0.035239298952378,1.36838176803125,0.353230373101073,1.6783568968435,0.0078180171139747,2.47710955085453,0.0224284849710272,3.51169995464732,0.0536279518719583,1.7245316510807,0.0044418278147107
2.32764910268711,2.28739029292175,0.00875700639965213,1.99258365936977,0.231928270975943,2.19480146669806,0.00744784524635299,1.89427529995916,0.00966380078463185,1.67711739263862,0.128431299533346,2.14244948871268,0.00497028902016045
3.20005501374283,3.1826888646948,0.00314948666172005,3.41685358937432,0.126377104893771,3.19899557699064,0.00537286351790575,3.25923982054747,0.0103943754621412,1.46154323402942,0.115046971297979,3.28607340459502,0.00189632127113337
2.39029834575858,2.37245621983126,0.0123468050111321,2.24590320548804,0.227054444782264,2.36109446003328,0.0059858280216537,2.29435161354584,0.0123187437740148,2.21410398048004,0.0316623051331433,2.5589423638961,0.00440713746489827
2.18519591801932,2.2031547476602,0.0040258531114113,2.2105908712156,0.154316595978082,2.21009438291533,0.00990945988094255,2.45214619363651,0.0574996549240121,1.61969136003066,0.200355262775548,2.15002411734102,0.0076661227209838
0.63989161104793,0.549890623530255,0.035373056615695,0.527194754405171,0.35823752076406,0.602328148827342,0.014449744913892,0.844023248758307,0.0312332211608248,1.27609614720269,0.0691345836338553,0.76199735780905,0.00555488515685885
1.67935385882935,1.62504406035471,0.0226053575642464,1.38381489699864,0.314706430541435,1.80077645456524,0.00860342963311252,1.56579874295073,0.0215353450742459,1.43353353091345,0.233840341527714,1.85864444448165,0.0039701697297284
2.20180685029945,2.20155224283749,0.00452938114446821,2.22152732075755,0.152794370514328,2.23242869262768,0.00541168753774046,2.23255625347657,0.0256754618317047,2.32881144529997,0.0223860910661459,2.44107336868418,0.012229897005453
2.04928834857287,2.03560294224832,0.00494142827106593,2.1291243532056,0.157960961187068,2.02973743646534,0.00421346985191177,2.29911437210442,0.0109298000255535,2.47632925314781,0.287413696048048,2.11202588825915,0.00433518422802129
1.58649875755379,1.58384009313507,0.0348936657328951,1.33827592406313,0.348700443779529,1.49904803709457,0.00863523837887459,1.88586953535632,0.0397084128444258,2.39025810689313,0.0332400475943491,1.73675793651745,0.00486650766881888
2.10045638733388,2.08385937373632,0.0105911749838112,1.91908942445481,0.18763877090542,2.08927113488044,0.00452917743157759,2.18148813594838,0.0199169502554997,2.37056330339433,0.214986602479907,2.05022551417887,0.0024543260374307
1.323682316949,1.34334488298683,0.0195115059031185,1.05002581330356,0.277548485567976,1.08573339834882,0.00553420902302052,0.973809604193397,0.0160284302689838,1.43010464014681,0.19289959629211,1.41184757753866,0.0037169610217645
2.03935349021707,2.01748493523412,0.0148856138903552,1.81003723303991,0.234916074355888,2.1141348163467,0.0039599064191564,2.05889552891485,0.0227383334395192,0.810430343885011,1.44001701655585,2.18436805702228,0.00164682564656453
0.844652981160022,0.889646569548434,0.0240504030239021,0.861029981881848,0.325108883223514,0.810804440897384,0.0114426518387161,0.820699863836511,0.0371441630354909,1.19407037862396,0.463649182653257,0.802537654076686,0.00489741132000008
2.02889863232655,2.0440932448139,0.00702287122405331,2.01750867711554,0.206219680260961,2.0387942475794,0.00818397898224893,2.12726458535847,0.0775080172183285,1.75494697686839,0.0332119317490336,2.12633853085886,0.00532563653684293
1.3033458198744,1.34424578901231,0.0578725502394744,0.655870807769022,0.407042826661333,1.06811914157463,0.0181873403446619,1.18392046139727,0.0203431731516705,2.83041706797084,0.0677060172723127,1.37854038702675,0.00791838076722141
2.89359488299279,2.80850544181332,0.013318486663526,2.39560690901027,0.219641458457305,2.78165832970441,0.00583289020659339,2.26348781070151,0.033486562581948,0.208128964605258,0.361332535195334,2.74617689867014,0.00916918816292021
1.09620158924574,1.08545822232821,0.013212569860844,1.21231739072691,0.208392183387353,1.12259950415885,0.00918853772723346,1.59132515987223,0.0264029565667918,1.47673198669068,0.260100721311858,1.31753338944919,0.0063803354334784
2.29646652000782,2.26929948107694,0.0146112680417112,2.10253122973951,0.210011826545505,2.39156053764583,0.00849499124349696,2.55835929639846,0.027182654473103,0.162953011450236,0.547304941662281,2.13600031617929,0.00668245366258616
2.15348039227337,1.8000218539953,0.0347706686817608,1.28532107042419,0.33226026475842,1.77204944912647,0.0110598497960089,2.1025425377595,0.0408316577052228,1.19630403341413,0.0833423747279353,1.82565942414761,0.0115329212678977
1.92631091975799,1.94028639148653,0.00437744112469366,2.07586326215765,0.151534751059323,1.97102113416523,0.00307089007187741,2.56477865134933,0.0211474777382503,1.83372139065895,0.0524357921635719,2.01234152072926,0.00269562371834244
0.948723835496899,0.947548086796803,0.032286308662342,0.916596871613612,0.327117191243588,0.858428344585687,0.0149540064247746,0.897674677602643,0.0199730242869775,1.7832442765698,0.122171009182306,1.45307996722246,0.0127759904662549
2.30476936160092,2.27579015333906,0.00899078470522449,1.79737077735573,0.20931418858468,2.29118943815892,0.0101161950400447,2.10444115339815,0.0256096429649204,2.04117343841692,0.116585522750863,2.1498899996039,0.00367895109047767
0.968002178172969,1.01544663383922,0.0199304953712919,0.996998583793893,0.278435885952597,1.1418859606026,0.010892392520114,1.18298951607303,0.014565089525511,0.374209688047744,0.345699543508319,1.1054610130265,0.00583710593761157
1.7031272756327,1.70794927272755,0.0108865808561723,1.6850867107249,0.225468007978479,1.71854863173643,0.00647439568679888,1.87175047087989,0.0432590096308578,0.96383636158292,0.0556016892031331,1.95423977109669,0.00707760836719903
1.67502335587575,1.69704671706996,0.00592852088106612,1.85065449079583,0.175233116940889,1.70757321245388,0.0037925461172068,2.22398695837927,0.0136907710799718,-0.0835743327798032,0.491809255264602,1.79674977800841,0.0026838546499688
1.09180670633019,1.15708816932756,0.0224504589978908,1.07693697477083,0.322512552502832,1.17449850527735,0.00706343481039809,1.93185809108923,0.0272245025559183,1.34178412917391,0.146129933792067,0.995039801452602,0.00616462811292093
1.44930584557551,1.48378713448263,0.00882480107212672,1.51105886913597,0.236485334578531,1.53998957246896,0.00621287712875983,2.02618366538214,0.00920254345782123,1.69924348621159,0.0993128138061063,1.66093314922348,0.00312034622005883
0.129136272122232,0.225986010203734,0.0171461890071871,0.260261512671274,0.158144213943061,0.253211295295904,0.00524609574083811,0.636379048087628,0.0268972813647316,1.17096691784611,0.273151587442243,0.333003937395953,0.00264619746668338
0.46811977892698,-0.34750517429754,0.209779500103045,0.0614459995812397,0.444453741677136,0.0645113213713902,0.0166730630283303,1.7253524532476,0.153513858124431,2.45316859273819,0.216350116311039,0.574902726178315,0.0105157056794337
1.2724646743568,1.34943380585523,0.0390923971085212,1.03778711005526,0.356960912826836,1.1939009461165,0.0103075007265644,1.4442503372324,0.017915143494566,1.46638289467003,0.258215339731418,1.21079247903336,0.0038941153194884
2.14927017791091,2.15653871192653,0.00892654614097127,1.92034070552049,0.239034849002496,2.10724397607314,0.00936660110726267,1.50857250007258,0.100662419582051,3.22175214693008,0.191753605104395,2.14078895041342,0.0100333838239517
1.93034492074393,1.77296921089388,0.0442391542159152,1.15091226886518,0.374420346873679,1.71204655334172,0.00932911004469566,2.07025436962787,0.0501620879990366,3.28690600868026,0.0783754538501625,1.66024212974036,0.00311599471794954
1.31108900309373,1.32141174862342,0.0150547340319938,1.32251187269939,0.207157406667715,1.38218681290115,0.00785984965552313,1.54632705882436,0.0276184328995171,1.26861856578593,0.0620429225396626,1.54374981648189,0.00404658010616103
2.58390740216453,2.60146313385249,0.00462163228416118,2.61176561888657,0.140303746814715,2.6436518271742,0.00362535431948666,2.76705743676942,0.045467955177232,2.65684245177782,0.153730280850437,2.4397075070974,0.00377307716803477
2.93676354036965,2.91154778824535,0.00435663283475041,2.94113914368566,0.158630839640233,2.93656836042791,0.00920529134913878,3.00850686662413,0.0150919775585486,2.41306835597613,0.0826165294476517,2.82225231161868,0.0041068307058948
1.42876684339226,1.41508673924571,0.0176381538370305,1.31429294036391,0.278787670229862,1.41368756628342,0.00686460175645233,1.98719400752758,0.0191252582516147,0.332345200048629,0.483692186111052,1.43904950332615,0.00754685186630175
1.75846477320832,1.75763455387274,0.00902502465158179,1.64463275593478,0.165908844863783,1.78807613508143,0.00386090288928634,1.61802029750883,0.0076564964822987,1.40740392714155,0.231660846211888,1.79595855177895,0.00192974045718137
2.33951768178382,2.327607586337,0.0017788067747299,2.42346341807009,0.0660678003274392,2.36387611469673,0.00255380124413117,2.22469746641914,0.00719009732851522,2.40388525524396,0.189879753341238,2.43602224998825,0.00118297900352215
1.88100737220381,1.89242392401116,0.00666450451690335,1.91764602778612,0.196420021887821,1.94964738897104,0.00476388205371215,2.70071060143251,0.0376003118380088,1.63064628553177,0.115794063392466,2.03134264746058,0.00203265368179368
1.83666265271738,1.86545133418899,0.00660660854923394,1.89231049362248,0.183915074541102,1.97110621707972,0.00604670463716025,2.35150875007524,0.0299670603434267,3.50196499623891,0.194371390868357,1.93325219204245,0.00275923444490679
1.51963208392336,1.50679043068754,0.0481934102038935,0.906113399696658,0.367853267355171,1.54133976189728,0.0103908615304909,1.82200127584178,0.0442258954043187,0.5242011621334,0.27076337309153,1.42773708405298,0.00880984788173687
1.20003394062118,1.16464221688943,0.0182162057442178,1.1428713173531,0.289800177183975,1.28853230471135,0.00730147312461055,1.49610067087701,0.019373966813264,2.84124108332679,0.0977048525282577,1.21804460169096,0.00748837001666371
3.03713433128925,3.02173402010509,0.00403945172471566,3.22977381669083,0.147110139127103,3.02303200672114,0.00453889688346422,2.82034090796413,0.00800141233026344,2.03835607227766,1.09668108333863,3.01333976062687,0.00114662651862813
0.570582121568009,0.738598945804811,0.0458957276807478,0.484840219162244,0.367406697177572,0.572951092552753,0.012653598889917,0.480453538923736,0.0304757199011825,2.60915886883296,0.0795129487737952,0.778429137883162,0.00606082212522554
1.8274676077533,1.86062962926022,0.00716972250477253,2.0001086489719,0.182010227444559,1.91631447605754,0.00355420570950159,2.22834665391668,0.0312462353029512,0.99621267171161,0.82561916494097,1.95280981083227,0.00127979812573515
1.92842154550167,1.91392464734479,0.00509409055877248,1.97617500790763,0.146115430606757,1.98163010843231,0.00495101327593111,2.08892632470679,0.0141951763184312,0.851688476359168,0.217429188847893,1.93091889792442,0.00452821881906505
2.22676696139161,2.27686149253487,0.0297919425009895,1.75904523928238,0.348852331456868,2.49865475888762,0.0132088071762861,2.91334805299385,0.0199731937514103,2.4247204034157,0.114350386065345,2.26937211404195,0.00409018866727596
2.99784373117979,2.99322067987825,0.00269497353858794,2.99764054632566,0.101338758413267,2.98286119339866,0.00628264026007381,2.8201805877428,0.00973631177622331,3.42775175433517,0.0622595388177147,2.91611434733609,0.00317656984447796
2.31330901540202,2.3297459298042,0.00499001456788613,2.34577700321811,0.170722678020246,2.39129689738793,0.00674969525989131,2.68304399136387,0.0245974426644858,1.26446141119546,0.034660605811206,2.21925835855395,0.00547969473617489
0.494423754052595,0.489680838575199,0.0398068472522132,0.563656200129465,0.325692205996871,0.523919366750109,0.00752231318088198,1.08312207536994,0.0126256021874728,1.32370778579283,0.0593040986120474,1.10544340901129,0.00746020633011456
2.88266031859974,2.82978713617833,0.00805629010815207,2.68553041118394,0.206677501491523,2.86919283827579,0.00505289718762429,2.83921910592727,0.0213239087473453,2.67410003896475,0.0554393102111705,2.8038416693765,0.00140487163681746
3.22492881260861,3.172752888873,0.00355249108923477,3.00379467400475,0.117680300543802,3.2232300803556,0.00547061803206283,3.05367729667484,0.0197697790609816,1.63154731144081,0.0597798854957821,3.16260436930263,0.00380980758253996
2.21473762229261,2.17656474386448,0.0191542192031627,1.86755321200855,0.275752285958844,2.17138904294762,0.00810042940174972,2.47505888076224,0.0641519483843207,1.00966194786596,0.054837465108228,2.0628856324502,0.00596827087176434
1.99778322084093,2.00733844113652,0.00532440205856043,2.11495704543063,0.163194906416135,1.9957249533546,0.0059765964894512,2.10771355096461,0.0143357802155411,1.23556290054357,0.0601746538501982,2.04490351487681,0.00471047504769534
0.980881919836932,0.854993940276755,0.0273472922866703,0.77468379091635,0.319161948479067,0.942442088335929,0.0182440416585036,1.41233077944386,0.0749177160697074,2.02019517636262,0.0869378814430628,1.33426735731952,0.0127106705933612
1.03732533901203,1.04492156029782,0.00368403046820328,0.958171765246586,0.114868877181445,1.00898354996126,0.00456420971261858,0.922540718162254,0.0145956353428167,1.14227237687222,0.131745280056988,1.03055133861759,0.00244615813429285
2.13708248719524,2.19652705153037,0.0106362789496378,2.06367193160847,0.181395880487468,2.12246931639534,0.00464310224602593,2.40243790573214,0.0102172682555206,2.53117909714831,0.229022574787803,2.04263149152172,0.00403493601697208
2.73851109205881,2.75299906579826,0.00190622460409208,2.95865215496689,0.10476317484933,2.8124132955576,0.00625092696466641,2.97295798591898,0.0434071646865133,2.10166549378403,0.17199257501152,2.81945781251313,0.00338613440026829
1.92265569039958,1.91723798311526,0.00828578237146401,1.90882789663176,0.23837123103639,2.02065939158786,0.00431882805587326,2.31696896709631,0.0372282365968261,2.63177064433628,0.119849097789354,2.12122447378803,0.00919758461009376
