"y","gpmean","gps2","gpsepmean","gpseps2","dgp8mean","dgp8s2","dgp5mean","dgp5s2"
17.3693814124924,16.5773990679909,1.06306971640216,17.0226469389466,0.490353189992493,16.8340020740127,0.223849482686919,17.0042570149909,0.205690529185169
5.636795019872,5.49223071406306,0.372430126139816,5.64097102959528,0.174288838426218,5.380350230806,0.12031576374607,5.45441688703227,0.0711871087222308
15.7403015975808,15.9067748427184,0.235293836388321,15.9229637026069,0.145244396554349,16.277961408086,0.0936609391871338,16.3293835338567,0.0801486852586849
10.5675312008274,15.9498907285733,1.42165980174951,12.6835491472846,1.03537218861195,13.4627840111826,2.25447104122635,13.338708953569,1.07510519210391
9.44929365762414,11.9373841147786,1.13331048028858,9.77734631456908,0.394738972655389,10.2603458552138,0.306912368255871,9.93585882846678,0.279536209234086
11.5856058125579,12.3755886445383,1.17514712344649,12.2291667652547,0.782540915703329,12.5465114919697,0.308118282679157,12.1695898864199,0.249677776437111
7.30493610750948,8.11416990943601,0.8457619607028,7.17773472183528,0.442492355037034,7.41117188114453,0.208078368627862,7.33552298897303,0.455255385550115
19.6407185119483,20.0020281870655,0.521409612262933,19.6075636179933,0.19931309924133,19.5100251991958,0.150069427912111,19.1923356965109,0.0920431498301434
14.889091453789,13.9935210387086,0.756910099360849,14.9096378280326,0.259702806320911,14.4806459309419,0.252424966375027,14.7047699575795,0.0987593189476039
10.8949289224295,15.0963131694228,1.41815954645993,11.89573504113,0.673007616642692,13.1025661488595,1.47612920626051,11.9401678698318,1.22018118448856
26.6187226544274,27.0765404050045,1.61929292758004,26.2220127338052,0.556338114274312,26.0293239387414,0.380386067536909,26.7890945088896,0.397006346213952
22.8963355692681,23.7350191457998,1.29574192180754,22.4220681429414,0.885812700362301,22.2721151159898,1.20630836679713,23.682364729114,0.870119770645663
21.4699549318339,22.2812262475859,0.666205939325459,21.7993444221493,0.353170609716342,21.8379379876087,0.294461648273515,21.905609328158,0.128254697335098
22.393951642059,22.1550372927671,0.731432220698525,21.7400957488889,0.396710204841821,21.7602980193065,0.255929154696286,21.8176384578556,0.153093014815272
13.7488491404663,12.9743542723005,1.36502952598284,13.9846992898177,0.487364508124987,13.6758651717697,0.488610787634106,13.715594232526,0.182655060218677
17.1835656307936,17.9316646460927,0.6646380298849,17.2285364658671,0.270074864293376,17.2501179498967,0.141198345570463,16.8206157882215,0.116215032145762
9.94161349912281,9.30281497649857,1.75328285354494,9.90132389781157,0.597701479115177,9.70636819751038,0.544812771713041,9.87651829654796,0.464996585493141
6.72130820566599,6.99655627166427,1.06654750022944,6.5889832686211,0.452183972604246,6.18037480448073,0.315264298339343,6.65605532314177,0.227522928069712
10.6922025716374,11.0280385656453,0.477227321546983,10.8387899428681,0.303405701796162,10.9432375022793,0.27633870047858,11.3678951250193,0.194515910967902
14.839300586953,14.0509754622876,0.375710086143396,14.6802624888707,0.169497720207201,14.664527330953,0.141552003327037,14.5857320965037,0.0667756589533214
17.5594880033813,18.7759963335618,1.18972632174898,17.7116471927517,0.423773267664688,18.0623184416617,0.249916286443878,17.2389335980579,0.146959512185885
19.8051074611608,20.2552299906864,0.470325056488257,20.1179477860899,0.235905591567983,20.0834330204318,0.158105857738051,19.5599339326369,0.136038133834863
11.8770572078708,11.5308450650439,0.668366456528491,11.9894604902492,0.310513749716353,12.060472559521,0.175906527237452,12.1499515937791,0.120409613210097
13.0186742593513,15.0632934833247,1.053710687176,13.5719742681692,0.626935036207372,14.1315241998199,0.876125478270627,13.735282672467,0.347527467278277
11.296647058676,11.593501252909,0.178115519583987,11.3766120988258,0.0988742587972809,11.3963848444608,0.0618585545292445,11.1462108358797,0.0357747556227715
11.3003064516637,10.6709879969671,0.456225605931863,11.1606183149591,0.155744796682339,11.2123601851802,0.15273928131459,11.215602361304,0.177130755420769
18.0655597540189,20.5844810339355,1.52256349703754,18.2708665166001,0.668079350533652,18.9419462466586,2.29959558396289,18.8327428798507,0.701068466091309
12.5387945288255,13.3874161007913,0.719397542570649,12.9703878119218,0.424582243391455,13.7477250255776,0.313427446064953,13.5198701094082,0.305976074369945
23.6854506671762,24.209580000057,1.28624705727678,23.7186705161682,0.507215901682116,23.7162834001243,1.02349994941692,24.6681323043479,0.26672549260787
17.1463496539623,16.7019722596554,0.575053027110993,17.2648908620811,0.370854667016564,16.5083442287227,0.450727851328681,17.1580377414653,0.228729189330395
11.2924196161756,10.9655152437814,0.937807026175935,11.3325434024071,0.231001470570648,11.2320839494745,0.18365599692039,10.940919107747,0.100446576839196
12.4810046065569,12.8617452935074,0.193275592546389,12.5043445363711,0.0820847852230316,12.4967453398757,0.0578556169226543,12.4143567225255,0.0252080093898325
5.58030465807742,6.52531539449565,1.41988403514549,5.71528603604832,0.380956735260117,6.29236252179873,0.256575743971193,5.56737623386283,0.112371096568964
17.3564894611574,15.9288325552455,1.53304358991958,16.8645506460758,0.733150008472422,16.739395509724,0.423130719609911,17.1489988644254,0.405420280670918
9.15877896872181,9.68407372489325,0.646517550216704,9.31063938607531,0.255723361553806,9.22699998165475,0.24918096244579,9.21412881439954,0.201884128626603
11.3920798187828,12.1330957635841,1.0440017189984,11.4635331081567,0.35410731488173,11.5069349292074,0.327949930748483,11.3776878675417,0.102510670895367
4.79288850136131,5.29978110439682,1.18860496932578,4.8105995664102,0.316364567228614,5.13414356637425,0.345160272692082,4.88571424450459,0.124168256374446
22.5492267319531,22.0515021621182,0.617180541266195,21.8725762520564,0.408195858965726,21.6404699388959,0.536391074577965,22.3346436649311,0.138336675240107
11.0397619319619,10.9299781340452,0.909761439164743,11.3165899413568,0.304398619181881,11.2304275910397,0.202831806654368,11.0932957867053,0.118065591935397
19.3523686848431,20.2071981214101,0.585966065468358,19.7373586578805,0.288560810267743,19.8801260422736,0.29103936688353,19.2351925055428,0.0817870310100715
15.1139680731746,15.2635661031198,0.907072806015302,15.2880249897873,0.495089650079948,15.5127486762574,0.225724663712166,15.6272015455698,0.354643539548165
8.77940447953321,9.17153405394528,3.20229386891167,8.90262250671695,0.669966185968477,9.36659301155845,0.662851458619848,9.17712243838505,0.254074830031861
18.8137361103767,17.9748396677869,0.501043779725663,19.3413980085802,0.172616511521627,18.6627014909613,0.629249818527251,18.6139527898076,0.492683687757256
14.5592345423581,14.5056771907593,0.48358708753498,14.5577324175608,0.181052459831751,14.8592274781209,0.231219138413395,15.1023062426185,0.0645140702073274
18.2974989839613,18.0671493082768,1.05430733655046,18.2219258846869,0.409070046822522,17.508863997538,0.366297265767555,18.3755142593698,0.0721890047394028
20.9365355491747,19.0151676083786,1.75864057097268,21.0281396717442,0.706812037000573,20.2888616851798,0.5290097536378,21.1890622781153,0.203438109041629
9.93442654568756,10.0275720979802,1.15542793808021,9.71049898839811,0.453094180131886,10.3780997482796,0.261261270658198,9.79275877578436,0.232605662553347
6.69123853356319,6.18458474149088,1.66416981765298,6.76016493609935,0.759932611639633,7.23364961480383,0.532681144776117,6.77544215049271,0.510576318707975
11.2692505991737,11.6885432020039,1.32249833247229,11.1745851880648,0.370758596835624,11.056720566557,0.457749734542653,11.5646757107007,0.686715231855485
13.6625241756267,13.5840308037744,0.755210971542905,13.6154673451937,0.358423013183545,13.8667774744896,0.184105013284439,13.7513137850258,0.0898406748691543
6.47555466528883,6.09102349742838,1.65154823262528,6.61064187803612,0.599214400598498,7.15248498221281,0.30614437713319,7.33989545860682,0.374738341385146
18.6466239929075,19.3185115495597,0.700912688640779,18.8189030280096,0.266740124906903,19.1441421091274,0.235754227794993,18.7528644219366,0.112913363760232
6.52213358824939,6.92160890358236,0.743100512259397,6.41884198122442,0.33698167254223,6.55041657382066,0.298853416448036,6.08605476362761,0.138129547339071
17.0638874039176,16.6322485416759,1.31934783007115,16.2769467665882,0.833975342749146,16.7528199322814,0.217977104757616,17.0301666628877,0.137094305782864
5.15292555633776,5.18857280022093,1.12629180690716,5.01408192905904,0.6105835668253,5.42773399741572,0.32806769587653,4.77385964118861,0.234396330280851
22.852900724185,21.6598199129596,2.39069292008895,21.2674859687455,0.724017189097928,22.7889453205547,0.847352849691514,21.9533972388053,0.399278695103102
7.97031337645886,11.5097506641375,1.8983212488062,10.0005492956619,0.898124278585751,11.5320748004101,1.12365317170495,8.63430160361683,1.11209059657532
21.5144612122203,22.0461714751844,0.30374708906289,21.8113629542347,0.098944222940286,21.6776781360936,0.192151736814471,21.4837988947887,0.203751797300685
14.5976861517267,15.3173046696897,0.397888893785195,14.8159810256457,0.190103022589625,14.9755800305769,0.261482093186593,14.831173460368,0.115700571658086
11.4447218630801,11.6592970303086,0.342101649601726,11.4570786469657,0.116683999830188,11.4803383998924,0.0926530619495851,11.5093191633266,0.0265609856538601
18.1404656022627,16.1516239992004,0.55411118264083,17.8764124025725,0.400564537453992,17.1466567102854,0.357312839583785,17.4734478738684,0.272372870498877
20.5851765547812,19.5261869117785,1.23022769218661,20.0670143931001,0.492890575851844,20.7408801993773,0.883714431217296,21.812640080136,0.354703356471313
12.933204079699,12.2278554498857,0.236108378002202,12.7313372568058,0.111750685468802,12.6070462448726,0.0977876797278478,12.6634890984994,0.0655878432785967
15.9015931800124,15.539805287219,0.792141647308073,15.6029337532024,0.462018099912244,15.4624843430716,0.182001670275868,15.1687463726191,0.12663173046291
7.37268503626894,7.47716092497702,0.554992945841966,7.26530361708588,0.212969895709343,7.12108697334597,0.178565964873493,6.96448143338261,0.521913631997228
9.04952485403673,9.07761527992673,0.396459401236529,9.16070654019761,0.189809269040952,9.14164290655924,0.0830772372539688,9.31891945226489,0.0735154578126199
26.6414829703449,24.5926229157466,1.7646553358642,25.8548737676313,0.690031816173482,25.1832514117525,1.16088314131942,26.1144169932322,0.947691475151598
18.2691430514153,18.8668287982782,0.934835193881192,18.3709528582259,0.429927030345202,18.6216543492947,0.531983740713374,18.2652844482961,0.289338864545434
6.59851080092204,6.94975726601,1.39061595844053,6.72456020489172,0.581748008370783,6.89614133784687,0.317661551856143,6.94039264701256,0.288004084392621
16.3494647413705,18.4675956197698,1.18270676400712,16.9188636022802,0.741211758919,17.6310411793876,0.97526479006965,17.7810879716705,0.346279400464184
12.3461803098492,13.5826847991463,0.924770291641193,12.3512564579412,0.360454873370187,12.3379834850841,0.327996993387981,12.3177678744734,0.13457717279436
12.7147163160616,13.7681652637957,1.83838835285963,12.7645214238322,0.736371503854496,13.2093926035404,0.501563622871655,14.0992014533635,0.246888203555455
13.0418759933992,15.0509338237106,2.30727870718409,13.9924335424487,1.08090512831089,14.7050215248677,0.959265536947599,14.2557064265735,0.359315929036961
15.6839611744252,16.2627048453731,0.622747999744257,15.5505839262457,0.227892365439203,16.036494488863,0.109873810940144,16.0268339099088,0.0874752780981403
15.0176118072508,14.5829625313226,1.16218643143772,14.759348615606,0.478273093014653,14.8206654957589,0.25650405108502,14.8087138512853,0.126933896926845
8.43794131591017,8.07985550285182,0.769570653928696,8.57078203502358,0.311649890197766,8.48566268392742,0.162334593414868,8.12466478982496,0.0653320732614085
18.1619132104187,16.7529809929094,1.00478118000818,18.1601105050575,0.356645107385642,17.5738655576722,0.240589986062652,17.6079806865953,0.482624705807854
13.1151187114251,12.193357208291,1.21965190773924,12.8920581609917,0.506030797609025,12.4349878481082,0.422351796774221,12.6752008325523,0.274189553564137
14.3493866296466,14.5150824700951,0.463398405687038,14.5408468658103,0.202583059116856,14.4361145220783,0.15048239265552,14.5576451246717,0.0437927785579946
9.34927326101127,9.04553296449671,0.347193363491953,9.26716192246297,0.108583649500332,8.97301178989552,0.0851279634131423,9.01762149996106,0.0582727768451504
16.9294547242871,16.7315202620499,1.87849375567465,17.2932659593599,0.746554290826415,16.851120323417,0.64057423580268,17.3992480694154,0.196461496764666
17.5764940388159,17.5422681217856,0.949276910095855,17.5448592575364,0.30972910998878,17.5854435474252,0.19208940298246,17.6839484286587,0.119985062332161
4.97855119852334,4.96310256536131,1.31807046006067,5.13411977158707,0.496034016988847,5.62305487671385,0.286089796771234,5.13930668769218,0.177938135228671
13.9786734406351,14.5027305931288,0.43294876023456,14.1094813044807,0.184960374832987,14.0455105956197,0.122737724927803,14.2710099739373,0.0688179268789867
14.4308618214909,14.9807082127094,1.48190840233646,14.5282051865473,0.697775532575933,14.2064589573654,0.635486265657421,14.5254781011244,0.460510348976337
22.9063936548254,22.7019486617938,0.526042867882612,23.5998174435557,0.230519947494181,24.0447111217206,0.245854108023673,23.4807789091451,0.15854252752023
17.9855759358215,17.7796463603262,0.613182351469554,17.9116642667834,0.206968196189961,17.8837580255603,0.173279018576017,18.0090781863622,0.0504260770570168
8.27433490816809,8.10734225288189,0.836292360474029,8.23077592579139,0.438947446428201,7.89874613388551,0.223117137638196,8.06579017366652,0.28562357795515
7.23757477645649,7.31536328809712,0.578165496848301,7.39702203123323,0.211260348982991,7.29572574543598,0.111701731753834,7.19152711042707,0.0831326172591414
16.749091152908,17.3807142213653,0.436309674117813,16.7453425414682,0.211000961796194,17.0040964032282,0.247951437411314,16.6366228074333,0.0345754527204201
11.9883732700857,12.7133800974898,0.692589837921133,12.6173784405435,0.418928372812314,13.1921879763604,0.390911609218591,12.5935003030437,0.25751194596809
13.9109967341105,13.9916277157061,0.228292483238461,13.9519970622685,0.105798895615781,14.3657502917625,0.0579270115453446,14.2085470027948,0.0592746584223573
6.89992933663672,7.64686728793721,0.83950636998617,6.75117504821698,0.370904693826678,6.73719313314999,0.17639211326347,7.64161612658561,0.251975338873366
15.2294325178344,15.992115062448,0.805081139105502,15.2558115271318,0.360870933380791,15.7371408657012,0.158229947934754,15.0034901334286,0.154426841495822
16.7730088592319,17.0635144700269,0.537169980420904,16.6942656194551,0.317062489500306,16.961077249016,0.108043540999092,16.4800022706566,0.0858387009750191
22.8979837618027,21.4332147842957,2.13227323651719,22.4902391784201,0.754048339893946,21.9816001195371,0.648488723016293,22.4328407240649,0.254014076973541
18.2844967215461,17.8401401150913,1.90895009107153,18.5161793354626,0.545600564756111,18.258445608733,0.532542283618743,18.3742500736063,0.295008942679852
18.2414993676104,18.7390597890921,0.268734791502343,18.4512825314969,0.107177982622829,18.4780772673888,0.0526877520520067,18.5139464583855,0.0317739786969452
18.1921219217572,18.9278831327579,1.18346701542807,18.08762171475,0.593010296672323,17.9894385771327,0.30053170730277,17.8097582618243,0.136424322324991
14.0685549298179,14.1467117574091,0.597651312011831,13.8861672674112,0.218904549213989,13.9775054440492,0.202210862996122,13.6343426421244,0.120233746036141
20.5133009278259,20.9896929507981,1.26815644319414,20.9330983945315,0.338073414532324,20.7415059286214,0.447359692223912,20.8643831216171,0.0978402353223233
8.89321274579101,9.53097102751807,0.88894537383319,8.75133947909286,0.450051933639274,9.31627234579319,0.246760932625068,9.1688862425485,0.199385897148074
11.6930620580473,11.9244144460255,0.419463939833561,11.8417144761901,0.242679792849962,11.6635904744468,0.128414379314692,11.7119423149936,0.0743009538816361
17.0194098914291,18.498782147671,0.566591297453635,17.3288732085469,0.318894873322944,16.4029151624435,1.7394020492945,16.7878328745046,0.559506019715845
14.0869867276719,12.7436912114642,0.576369794217367,13.6167287568674,0.405072859086773,13.7961958671272,0.302108714529231,14.1683629187122,0.20736431017206
17.4714552663524,17.5698913918336,0.504369604998734,17.4363877313512,0.167494296176491,17.4573824631135,0.142214218842567,17.361533679638,0.0694921874432427
18.6414404146783,17.3199886029881,0.767116840638197,18.285960733984,0.425246728260845,17.8359945638636,0.396150576630656,17.9308603876244,0.0843076753036215
16.8000422528882,16.2504873249051,0.59628916033063,16.9183455105169,0.247017565140317,16.3631127553919,0.144485526224299,16.4457033048014,0.0957599604974641
19.7161329095114,20.9364947258621,1.47271726825471,19.7797910021027,0.505538956901547,20.3752139617956,0.855933362674652,20.0363684860411,0.393692415884622
18.5814155392018,18.5384247848344,0.459148144484591,18.5029515100256,0.183476619184064,18.2499274237349,0.105800941081258,18.1727368535546,0.0535140562214646
17.881482005043,16.5077235386777,1.37427722727882,17.6314408562287,0.454164862403403,17.0989511108375,0.244317537561612,17.4090333965176,0.12015530545297
8.92223819115863,9.40459191194507,0.558804378933488,9.13621819005979,0.293736228992712,9.21263983820786,0.234498245118154,9.37853578311448,0.158449608792656
10.5681840736955,10.5247544818281,0.750026729425137,10.7017703718218,0.254227361901739,10.4816608662638,0.191793460578712,10.3808739921246,0.0972270860301016
14.3056193778793,15.505836177829,1.55837644641523,14.2450380562726,0.5489652119632,14.1848436439298,0.314521491127443,13.8929207751939,0.136229434037999
18.2629970572928,18.4243924802707,0.652563494706686,18.296887518456,0.254567648100071,18.2368037139982,0.202791474278379,18.0167784769076,0.121339550046456
18.4958029352418,17.7203713896953,0.983284400145728,18.3219107644271,0.49988579270649,17.2551047067546,0.387785949016357,17.9831385875372,0.199342525437746
16.8623718334921,17.2708831745288,0.658907249254253,16.8466897185652,0.267959842437165,17.1821802469762,0.171720155709331,16.4893729381145,0.119274118024056
17.2741267276108,17.8257061455425,3.10279023482441,16.680273070013,1.41867783377709,18.1927238470142,1.90691288533057,17.8290516594075,1.66019176604612
20.157039831943,18.7568155557477,0.585303027258344,20.0526632197089,0.31188459120949,20.5504647039701,0.426322101838017,19.7168140835208,0.19175685913891
16.79717704888,16.5941842507127,0.362624307475894,17.1271413007122,0.164334966676716,16.3911252068804,0.101132819189347,16.7386536401485,0.112463483943714
9.66645889364045,10.0190545665813,0.419198146314979,9.79593207234641,0.163397905870371,10.0620965907189,0.142470516714913,9.73762539371661,0.090060962133195
7.43951967387871,6.81290588100905,0.606751973663387,7.38590848242984,0.315782179107999,7.14421179258819,0.245966105312961,7.26156968230021,0.0487766403637798
9.54928612843135,9.20770496066484,0.942587877291145,9.66575660090254,0.490320777680324,9.56388155100012,0.322424297329905,9.61964324841148,0.189442994853043
14.5683151143957,15.2760173904825,0.360595635143505,14.6512337691521,0.199238899809295,14.638065404227,0.187893884316909,14.4300385981938,0.125172288115285
20.6748804108728,21.0385517787638,0.59793940853483,20.9130206460408,0.201705357198734,21.0956932756466,0.223389750419319,20.5883643477795,0.160684417273863
4.92848016549396,5.28994198479024,1.91954430609575,5.62920329435484,0.926816046241131,5.93678669891431,0.502623227131052,5.97924679202174,0.624821529169669
20.4591818255654,17.4182607154621,0.949245622556363,19.7565252071886,0.514742069745865,20.2303601547637,1.17487371965668,20.1259951082263,0.108848950715483
22.5116734384116,23.6270976998328,1.21787695785685,22.939616417079,0.503940685249798,22.9499311334084,0.734221872355934,23.6852271846452,0.37255585601767
2.55135624163435,3.92951319741025,1.55599353470525,3.10250756837555,0.556965429873,3.49864612002968,0.316631624962769,3.14180067108005,0.290573190752409
10.6933062306026,11.0251799467014,0.301820656083173,10.5559370756759,0.144875913852726,10.7012897601062,0.0637494914749638,10.8133509193485,0.05502856731565
19.5362577082073,19.6947767540554,0.629580034172812,19.6353396651818,0.278172477780119,19.5963864035324,0.233164270775834,19.9457790937903,0.156276409157727
12.1096541017871,12.0291908491841,0.373782083531957,12.1374896297205,0.143603528610216,12.4152004003819,0.119866047700534,12.202005486487,0.0599521548990532
16.4442138234136,16.9736705761866,0.33455360916101,16.6921010264057,0.213192332359064,16.4840661452354,0.315787155545282,16.8529809217054,0.106786741552409
12.5543139420301,12.4387288369529,1.2949989401909,12.9405906827284,0.661581061493437,13.5713689398647,0.490620677736857,13.4490826803791,0.424594858238305
15.8260970233646,17.6262219330073,0.603149750599986,15.8747374205172,0.272069466569968,16.0744491540937,1.11226169842944,15.7353463764383,0.543805694961472
11.0308670413711,11.5516339032311,2.01170333378986,11.2333573237458,0.745586329548824,11.4949843457932,0.468609685427105,11.3120156013881,0.185435112532464
16.2575793665262,16.4746709391585,1.41464023771653,16.5447891001547,0.635107810118021,16.6583137805666,0.587920643504,16.3640684431361,0.255301735009919
17.908029731397,17.0092969954819,0.665368644607926,18.4611517555063,0.237344597169084,18.1888831312964,0.254629238526054,18.5102651945004,0.0710827003206454
10.8884969214909,10.8648487127242,0.275833975116553,10.7802141893032,0.189909753327698,10.5350374455662,0.0523318217312687,10.7717730177837,0.148789428048133
10.1953568106219,14.4471208216549,1.33830685219353,11.7298005216093,0.599496132193575,12.9253726166983,1.19610231550979,12.1022222256206,0.448673203595064
16.3902928387255,14.2914340090989,2.34732569399847,15.2980346116638,0.893459294055333,14.5577069801938,0.508733797201951,14.8692489692568,0.759562422120969
11.756146511363,12.0037326378265,0.276906988650893,11.6154947611625,0.156763820622143,11.6904361262203,0.108874893619333,11.8480529607174,0.0529013314642606
11.2127812470771,10.7835853672793,0.402913662204493,11.0101530714474,0.161557233944318,10.7233409631979,0.0785566886776544,10.8036851172465,0.0582107114458461
6.68298309006993,6.14189007001419,0.749885456415429,6.67663799281462,0.252768121959695,6.55652847621923,0.244847976657013,6.79698340538651,0.0867076488838919
21.1606636040074,20.3864059659072,1.2818767806544,20.9395606171425,0.469692736403833,21.5050081397748,0.22480452573666,21.0450764523149,0.339755027134391
17.3484851766704,17.9585664335565,0.822852417893563,17.2934290080087,0.213606640973241,17.70069773391,0.256441934333949,17.4039870388755,0.0670914287472131
13.9590703810871,12.7572411266882,0.912437094549119,13.4305257344005,0.509997679887018,13.2955113687282,0.523755408589864,13.064972873122,0.179851932471812
10.7156101690996,10.7429156611599,0.495394533951919,10.7336829534744,0.185414541062054,11.252331843402,0.156091088436379,11.0802174500515,0.144851733951286
17.2320937839325,17.4152605456339,0.501916854468664,17.3322708265209,0.193401230365935,17.0169354654179,0.142753475278393,17.1448314880786,0.0451978361966506
16.3095159299907,15.8466212123369,0.409444428740592,16.7358491058911,0.228071083831283,15.9444001588676,0.159816382037628,16.4783522907931,0.0732416075593961
17.0767230926698,13.9121858418044,1.08433529963525,16.442052156202,0.591952983722726,16.1459443171077,1.05511697403129,16.3682300133551,0.145191747700251
9.52506866370445,10.1364858991313,0.781092709989819,9.73364376613434,0.455070661085115,10.0777810282286,0.205309040186149,9.79864247806282,0.439842038989954
11.7638236342821,10.1192413184651,2.8128392721019,11.5567868926413,1.08865161512497,11.9744120689426,0.520256405543865,12.905049267407,0.444790540141833
10.2881907754118,10.3080029387722,1.44313835848012,10.3691092995656,0.483717919376261,10.2138016442115,0.36105073853428,11.0544705076466,0.228677064254343
15.4349021361792,14.9502513859779,0.327999169663603,15.2961013069989,0.16245807736519,15.1551505936326,0.0796264387249206,15.4940992014858,0.0547704042935223
11.6990783865,11.2594468077377,1.33550551134428,11.4845861924245,0.391353135569758,11.4363508185957,0.326590497212969,11.5453523924361,0.388813031613082
9.32927103330606,8.99383300259396,0.62281364253012,9.67784823546316,0.29136500011885,9.35395967092818,0.172311175881052,9.77071652477952,0.15869933543881
18.217613559612,18.4303046765771,0.475091134697236,18.480835635569,0.185651184403012,18.2279959425798,0.470090646753049,17.8094857737305,0.418513722304161
11.2437798681859,12.0798525267115,1.0606653240407,11.301417443493,0.337175117520111,11.3581026675883,0.230620155008221,11.3764746569086,0.0627608381324178
10.6012117485102,10.7857797045531,0.467273582267292,10.7209949769013,0.187715575786577,10.5477960440789,0.0792464496737895,10.4498198121322,0.0294927145482156
22.5824745085764,22.2880172294428,0.938740931508949,22.6053348666535,0.239553506780106,22.2351050952582,0.211154567964946,22.7802640377347,0.0981901745835498
19.4197189702112,19.4835680572294,0.609198284470884,19.7173632198495,0.337841400079675,19.4542834627181,0.202954283003688,19.7769117847242,0.27553724038449
12.4671902801066,13.1800184480157,0.386486575049275,12.5408786117879,0.165480380112467,12.7603442074353,0.138646384034376,12.6391936277862,0.140582092638849
14.0890125522093,14.0873713346236,0.295345479686181,14.0193290555972,0.129297005503151,14.2193845730277,0.118041461247885,14.2679895528263,0.0479216243640533
8.68107672106666,8.63032700263988,0.289641927643893,8.50603111706729,0.150724893611352,8.41365315533188,0.0973231834918842,8.82183617358394,0.073452222412592
13.4090981299921,13.2792484303412,0.647264225434226,13.5827699645596,0.423022345748166,13.3857836041899,0.633528371007115,13.2505060804895,0.154092366251449
22.5059247391574,22.3811689288439,0.478863058497674,22.4353585549946,0.226137762216809,22.3991824470958,0.230006166697124,22.9480537270393,0.227146132923037
18.2098915159543,16.7293925246375,2.50470401467615,17.2938831730066,1.1490441848613,17.7131123049344,0.504861700216278,17.7061860644305,0.303694773052389
15.8963334541176,14.31799284854,1.11208378425578,15.5163394550797,0.459417866088131,15.0375353947519,0.270016832736532,15.6938371268719,0.167169292407637
18.0667173631489,18.7413557697145,0.892584772817792,18.565380301691,0.260942870565601,18.1742836661064,0.218139652381701,18.7718793448411,0.0953958702578136
9.581407237412,9.72499048261213,2.34668126738381,9.61384129906631,0.824620747644898,9.50777975770422,0.903225866966255,9.45014547893678,0.942169587491097
8.02136858475232,7.37149166484343,0.349193659406162,7.60742834623896,0.157908213255351,7.44044111888907,0.161978982049754,7.41463679024628,0.0753270889911951
16.7102918331721,16.6077548860419,0.273237390295233,16.8312103286296,0.115527676645684,16.5200296574422,0.0670280753521768,16.4174215265067,0.0761616040012208
8.34233795616812,9.33903964043963,1.91032122128693,8.71859839172314,0.762435227845572,9.34769509935943,0.307973497625589,8.83174954982437,0.253623878658312
16.0052670856591,15.3872763840187,0.256622741908741,15.9629306735083,0.112493772984692,15.8120733122026,0.0626456801606778,15.6503013768046,0.0388774739800527
4.06195393055191,3.5581687655521,0.845236797752661,3.89212320788295,0.250652567030611,3.77483228074123,0.428077940349873,3.77612177739013,0.0846155127009423
16.1510943097046,16.7119166316859,0.443145152316376,16.0051350518816,0.172101600949193,16.1526247451255,0.169876401713541,16.2451756305461,0.0863685292205401
14.4715688291451,15.0923235668978,0.315182589925043,14.6522525128589,0.0930133289488706,14.6380945007286,0.0363132185588348,14.3593536024943,0.0319573532800112
14.1005577410751,14.0516404776506,1.87206251293361,13.7111698446732,1.16794997555636,14.4263028547281,0.339585165775884,14.8783275103478,0.481807416054542
10.5789349558514,10.3827934045382,0.472225017847496,10.5794920589076,0.150250701154609,10.3081552535918,0.120166260623083,10.6031636519721,0.0294774391965384
14.0846934834735,14.3402013194947,0.333894811466614,14.1843805243777,0.218563122030012,14.2967233242114,0.0921624748073366,14.3364905801212,0.0401916049694742
14.8298004723806,15.8457902524315,1.23787080079315,15.365955825205,0.729169442889127,16.0246259765147,0.351784665444456,15.6276711498858,0.700949642434809
10.3291872445902,10.8453975628036,0.47818945331349,10.2274060464507,0.220676160478056,10.3689269750891,0.113581055958152,10.464333611262,0.087184424967444
22.9338356455086,23.635328473179,1.26931584296186,22.2867815043854,0.670158689883272,22.5595007964285,0.3377120758499,22.7405187490112,0.595742375251036
14.015835187629,13.6393421766447,0.652716134803108,13.7666955390458,0.451234964559659,13.4698129844138,0.182479422181234,13.9130604580271,0.139805400471561
11.6262388355598,11.415804173812,0.452569122756921,11.6444771994438,0.214897551479991,11.7077656179567,0.158010321341382,11.5604905214335,0.0671286004885674
6.55970881189607,6.34705102551139,0.52878313705207,6.4545271608979,0.224009822874422,6.18947429994353,0.160621952501024,6.41970685188123,0.283673631521516
18.0390474614751,17.7467447140292,0.281357942664597,18.4845637185177,0.122287045085354,18.14468658006,0.0956097530645027,18.2369019719817,0.0654610417116697
15.6703460767255,15.3598837505684,0.704245049541112,15.8969427354274,0.394870176028515,16.4243180804588,0.336381846686524,16.4820721775599,0.144849113889122
19.8155620384296,19.87033064657,1.87836223694164,19.8243159559776,0.744381949478689,19.8561505377736,0.45918982600224,20.3476337299214,0.447350828351123
10.214918499325,11.7766736705145,0.731120663446688,10.2197943357787,0.390723313300668,11.0753578675326,0.258349788630667,10.68388374389,0.0728619133644825
15.2917394903966,14.2649412705131,0.773239757412773,15.6283394228814,0.376659965034383,14.6739269725112,0.470345099433821,15.186700041374,0.149686403449132
12.5345548156389,17.1738990481144,1.06014729834756,14.3253810957901,0.742183259586415,14.3169548910095,1.5187508134798,13.4630555693865,0.845773358055142
12.0712074105026,11.4610678164977,1.9038416052388,12.0014987756567,0.837193705552645,12.3877029832761,0.34615527514561,12.5932134745514,0.139889338767475
18.029701395994,17.7602003407225,1.5202567674093,17.9946825873198,0.379640856700135,17.9453077663824,0.375920573069326,17.8737958479985,0.077736729469669
17.7297251231091,17.0673427124158,0.360794803143977,17.4366422797472,0.151184317581357,17.4574905377608,0.093116737388593,17.5389943771267,0.0527022936472672
12.7187238582313,13.1419437401323,0.398259672176705,12.9883603691209,0.161823643405996,12.8598686737499,0.257770619429116,12.7561538804898,0.173092168292431
9.09368902445943,9.0820249792698,0.476091534588419,9.28221831967319,0.369080344565285,9.14704298887853,0.228493343599862,8.57560771708471,0.107138282820978
15.5806998714175,14.3808712461421,0.346717578524695,15.2810349638348,0.269194223533816,14.7173325247447,0.275348776627656,15.0607683118864,0.0885041955953642
7.36897618046087,7.26373251972593,0.80988509330746,7.50705157068621,0.344030430803509,7.64004825298331,0.219488376578706,7.64863069486632,0.165511628345402
18.1444018086857,18.5288771314272,2.36605973237863,17.6767232117808,0.909082469538792,18.8323818692812,0.267507307849922,18.446360443569,0.417286397794842
13.4378959897057,13.5886434690162,0.549482136493728,13.5796730785546,0.184493782479997,13.5452298245826,0.142461926252526,13.7590576733767,0.0738454323184156
16.6087389285795,15.2103252913648,2.08132111949673,15.9958419142831,0.592356573459031,15.5271757948857,0.45626933266848,16.4968898960348,1.0628376768315
13.1308668037347,11.7145818982517,0.587881691779112,13.1464049557538,0.382621335577088,12.7788700197159,0.36827315008394,13.2364859952873,0.0939150536424188
17.1938030243863,19.4237953712931,0.788654732320071,17.5248716389166,0.298547074490752,17.6172312475194,0.983242617917414,16.8288897998726,0.635729780038296
19.4244440855032,19.4030560979946,0.790565423989973,19.2392642159862,0.394059431296963,19.6017439762459,0.238809280204916,18.5229315415381,0.249229213687407
10.674119086811,10.8552352408818,1.52828138443454,10.6431935388855,0.606325792358766,11.7298304482082,0.794734152721409,11.0752039110767,0.176471764419338
24.7488282555654,24.801133179494,2.33043725263688,24.0938626047583,0.802104717801401,24.2863196041506,1.03949362523942,24.7191005662621,0.811863273625852
23.095623102048,21.9561503459004,1.16518519576201,23.069877404223,0.331657822478968,22.3473749094006,0.26408500323566,22.4417235976899,0.0931844989108576
21.6692134667487,21.4260928148463,0.441230937760363,21.7773785689847,0.173420858737191,21.638050067884,0.344522896379761,21.3266843424217,0.191852990978571
12.5073360041453,12.2127937121129,1.51353205246042,12.1403643124286,0.738852691785459,12.1249299201154,0.237205896733261,11.6713524659748,0.210754495502896
12.7832239629024,11.5873418670113,1.49093775181651,11.8218274477603,1.00423069604915,12.0682773516708,0.66020895229899,11.8308216854975,0.128770330370064
12.8004206630797,12.5454634809848,0.39930502266068,13.173007510924,0.195588301858438,13.0733275584922,0.175048778392422,13.0406164215436,0.0436265692084113
13.8214251159374,13.9566033707939,0.720858328886118,13.5955615837518,0.346001050372427,13.9603129899104,0.134176020644906,13.8699887267036,0.107632952469422
16.7511525543637,15.7751663118832,1.05432937718462,16.4765961939486,0.5213989564769,16.4295958700016,0.253876537338731,16.6981466346979,0.309904523158308
15.239733517106,15.1969821617352,0.669114295156679,15.4532593608286,0.23521724454772,15.0435892842549,0.0935329571159298,15.5600010192812,0.0501070026051281
16.542600551487,12.5568379092179,2.04036096688554,15.0332291040109,0.974700400352761,14.854280246915,0.857559981471963,14.6564885723169,0.401384856628704
9.83893702421163,9.46898981047705,1.02972493473643,9.70103169498924,0.424938093722175,9.55586010479499,0.261067263923903,9.64189523458746,0.339223671426933
10.4378748674673,11.1099835073646,1.4821133253908,10.5352670089422,0.543261512143307,11.3054760269432,0.258963659891073,10.8649618520192,0.331509292415189
20.7190847537387,20.3192160162596,0.268126591530504,20.8249402001401,0.0974030357672564,20.5799977632327,0.0638439761286988,20.4670740442972,0.0263067710267158
16.7706746532325,16.7251027722637,0.665347380704666,17.0759820300819,0.278659348983958,16.3702911948542,0.262742191042702,17.0301829798053,0.165119389098432
18.7562213035279,19.0267449146929,0.327097074174721,18.6817074006774,0.147632371011885,18.8361134920405,0.153610603029479,18.9542163604918,0.0824627391076978
11.1019557553579,10.3726464699819,0.477059746819386,11.033435088269,0.19251713163578,11.0152805526904,0.118788503273678,11.266902935841,0.13155920285971
3.67524964053956,3.75620015187853,0.760076922555104,3.6688785922976,0.449220405428873,3.85389441613364,0.464905136392422,3.65996220377502,0.361535472824115
9.40998229149022,9.60121769190158,2.08422977034633,9.3563811593218,1.00482952975371,9.32586970312627,0.5437906921213,9.21987821460929,0.685099458354642
15.7160973568942,14.9568219543285,2.05456940768453,15.0753256300105,0.779919301523734,14.9017000574259,0.327586590128548,15.4393498453838,0.456441204079272
18.8126882849711,19.0096402987683,0.293079908886803,19.0314915159891,0.123166401527684,19.1733600890062,0.0910792604195738,18.9958523920754,0.0372006523852404
10.2419971464771,9.99137748778864,1.01800396783081,10.1988656002281,0.245354189129893,10.1054209603466,0.243841437462911,10.6890655759563,0.166089156392271
14.4907465565369,18.1109288208761,2.04487772952576,15.3996156442822,1.00690913816968,16.5142240770222,2.00972052175799,16.6411644205124,0.833140370771287
19.6760643479129,17.5175855982024,1.09109804194704,20.1147070216712,0.416354434667272,19.5494263668637,0.453996005146471,19.6396376761611,0.227147539372032
12.9130033004971,14.4558360642527,0.375603757160005,13.2858657213043,0.204517861470199,13.113747538635,0.672010648863832,12.7165117941423,0.425753777577395
16.5186940728518,16.4608171219921,0.582831287033539,16.5893985241292,0.233416872233469,16.1977061898256,0.215440436663034,15.9316262976138,0.0624206285399419
13.7138453683609,13.3114640092077,0.469602043624896,13.7770686698159,0.167159397930863,13.4137232683732,0.114396017737441,13.9301460217293,0.101110169655414
2.71394301967358,2.21577175106335,0.965809125044035,2.61543468881438,0.268305594745521,2.78154354275609,0.200356627031098,2.36652580133278,0.0853679965647959
10.0970303824697,9.98191688634333,0.391726826363059,10.0246822205931,0.120990124837761,10.0804415670713,0.0539476967465414,10.248430018856,0.0498413007822284
21.927692267048,22.8988523971625,0.632112048340964,21.8895425421157,0.201907355743513,22.1641458231458,0.226879011422698,21.5989959870085,0.100036950248363
14.7551370291236,14.1753226851431,0.816363088839729,14.3064730161369,0.46114990020685,14.6703881901436,0.347917717897542,14.7986950830037,0.189093431459046
12.321454717371,12.6847398763354,0.632570267852741,12.3778167952351,0.232124122274,12.4561003543178,0.16102886771849,12.2234169216494,0.0438224907224634
20.7560493835275,22.9608154290516,1.97066653912656,21.0570876513025,0.631441309746072,21.7778818541121,0.881037450699487,22.9125077032831,0.871729913642388
12.5661704312493,12.6522426581673,0.758839324565464,12.3750273182739,0.261770603009552,12.4197045205207,0.17193348835162,12.5692786656283,0.108174282155664
11.9126443698513,12.4364472529413,1.15024467683539,12.0798029826622,0.396796477382282,11.7204657402207,0.302798017852957,11.8758531578654,0.119982718838225
19.1655894032039,18.9027220849741,0.609491109585842,19.486148945959,0.241747843320411,19.4345314694031,0.272446388019371,19.5102696839634,0.0724539236351875
7.34674433317673,7.25716155223009,0.813227494391932,7.36090477277991,0.427527021045692,6.92781839779108,0.291883946141398,6.88873662196393,0.371121742114218
24.3686492931986,23.1904010413725,2.57031555769858,23.4877718401937,0.704133862607056,23.3773438085611,0.430358084447025,24.6324279896865,0.234830853247842
13.8729860755376,14.1682146099184,0.776435542559978,14.101574895139,0.431083052704695,14.1589222442302,0.309313379441186,13.9985110440186,0.156068093308005
16.0841433371727,16.9360634963749,0.299134458900318,16.2665444814035,0.150158091203593,16.4523313557695,0.299771274260379,16.412068481883,0.0633074291008466
20.4270161096477,20.4489851142484,0.686901077550107,20.3551318037729,0.257896146298242,19.7924799446421,0.332034567630367,20.2189311055984,0.221833311252426
20.9354313141683,20.0916028645621,0.400312103840712,20.8738403144962,0.234720156280652,20.5630050016689,0.142155988326128,20.6803704414638,0.143495837076097
11.8302441573086,11.4014035164325,0.282580876879514,11.9766262606756,0.185603221964923,11.8939988702609,0.102175299029488,12.2935718913275,0.0492399736040891
12.9605809025141,12.9075905585204,0.987156247143629,13.0280712662454,0.314247879351002,12.9530242184263,0.307227666049211,13.0302249535425,0.105291199619261
12.0302889488418,12.1982465423774,0.577891613829726,11.6635381407653,0.506295850080902,12.4339034035916,0.248325340991337,12.4475257880715,0.18408436935661
3.48211210568521,4.27459057074193,1.15831752291141,3.72204801796143,0.468035559520684,3.88730890999538,0.432020985033574,4.2569914569567,0.356185443547101
19.3227551216857,19.4622043749865,0.629287528370231,19.1438015520197,0.297438472458077,19.3816686389916,0.122619815072084,19.0691361540656,0.140114790713204
11.1912757148352,11.7704733237196,0.633419437224101,11.2539585401903,0.167781248338041,11.5886342171894,0.0803744709094988,11.6166439300113,0.0706823788607862
14.7295681748396,16.0682951944253,1.45699724040182,15.2573488187618,0.553312605661301,15.658226501003,0.301121944087164,15.7961626946947,0.186390082453083
14.612079105157,15.0034609549357,0.838259452296933,14.4864178992819,0.305732361238261,15.0247451265055,0.285479136183744,14.3976091781409,0.0619031112750139
16.2459036657724,16.7197755508372,0.446595161742042,16.2697402797809,0.218793209949175,16.5028912287386,0.200799249797323,16.3532125069654,0.0397905923480102
10.1553101866853,9.53537877380478,1.14776125692287,9.79430787042881,0.554859804339077,9.95215000329114,0.479141868411889,10.0387361657951,0.577627358984961
8.99506227131288,9.95343364230359,1.09178428369838,9.41000709327046,0.465092956217632,10.0763423900828,0.228552052220495,10.1951694323687,0.124368678904758
16.3726571735125,16.8843100074489,0.851029049284632,16.6333921016308,0.276957336695412,16.8202196452616,0.295311524711002,16.235250263617,0.123847090424074
15.5621457078422,14.4435592259141,1.17938420571796,15.1559185352014,0.472645014834654,14.9082469833473,0.179364694059642,15.1080765056403,0.311174318345679
10.7625715638047,11.0113647878855,0.314836043158183,10.5712119566317,0.142830056798655,10.8014997794283,0.160313710538985,10.5109117702346,0.0638776404250942
18.8730037349289,19.0241320287465,1.10781214412588,18.5866597428984,0.423482566070959,18.6376302601086,0.198390215142665,18.5154529560197,0.107468689647305
18.9710723119709,18.9490542501793,0.238550582144341,19.1225514887194,0.0955589682819768,18.8061668401962,0.267322332476497,18.8440898045446,0.0596926601648088
9.43032450851339,9.82959252389094,0.778542662287368,9.22574406426201,0.369548185241508,9.64149732405269,0.293196473721073,9.7437035282509,0.0994532039953214
12.8124720899414,12.4712134915963,1.62593845880852,13.2207994956369,1.00856771017212,12.9396329882335,0.528578943130046,13.9592797674581,0.607278733294925
8.39787413900865,8.67229455337111,0.212806507167932,8.34006070368891,0.117832989928289,8.45662353841472,0.0842575466251065,8.24348031026338,0.0485878570669222
4.25878135027366,3.94487878980205,1.60939863079516,4.59842549298532,0.834103868612226,3.88392533280635,0.866344609750133,4.73531012600692,1.13772500464982
13.641141917952,14.3253461727917,1.38696469117262,13.6935573327033,0.44455388761101,14.3844811486124,0.411406881266866,14.3880798477185,0.123006854374708
5.31010204550633,6.7416661787853,2.49692053088292,5.65371110605971,0.716977366736809,5.70333211594135,0.935925477385578,5.82967988630254,0.300417010035415
20.3301620964763,23.5853800149278,1.86666178057453,20.547009314902,0.777717413267086,21.2739790519623,1.81122818976897,22.0006446554621,1.21216772254501
25.0914682755953,25.8564900536043,0.765381690880516,25.7159495793753,0.442211366210075,25.481833099726,0.378545913205158,25.1251499288021,0.13809910790974
13.2150503541108,13.2081920792483,1.54795430940867,13.14198507052,0.547323475356911,12.9239999321757,0.389615887048894,13.4271749330186,0.764768898856018
13.2487523776182,13.4632662309785,0.880311569209982,13.2073058480821,0.369540639583548,13.2091849587927,0.261090182944911,13.0723865072806,0.252579511087112
18.6884105719016,20.0076703602039,0.584507236583978,18.8882925338367,0.348574194474526,18.5603602157794,0.785345074825057,18.2248605878097,0.5141576399502
12.4539640108202,12.48148542281,0.316747497505699,12.621911183684,0.140003501691751,12.0901593954203,0.0798056823302678,12.5911439000465,0.0562257314663352
12.9926095747714,13.8029512113949,0.554421846552838,13.1468865771125,0.320431059244492,12.6453982320705,0.817544182723449,12.1310937461088,0.33053199615734
5.99947922202427,5.79613938130162,0.730392319882359,6.02660562801457,0.271340310018925,5.83098158665323,0.266218612177049,5.86562090594401,0.28320261743857
17.6350780132391,18.3414637088619,2.8711059692159,16.7356367278642,1.15927652664505,17.7401383004573,0.821725295513094,16.8882408777995,0.358121355888716
9.97246988798309,10.4330976663436,0.875873400360824,10.0987123172953,0.368867670131526,10.5605407424332,0.446494944904824,9.96204303069494,0.119683446251646
11.8535183660881,11.3774059167446,0.500228811728475,12.0825848655079,0.30722640132355,11.5562861053849,0.231696013221967,11.9207078226107,0.197681211703163
16.261672441654,16.8946455720913,1.25318245620289,15.8548507877266,0.874254970622359,16.6715153118641,0.298731086195247,17.0815621410897,0.291577238906609
3.95242091025169,5.20771428827313,1.77690596639991,4.65542235099763,0.728597588633845,5.18644378334726,0.537518457585107,5.45675914973076,0.351323716077743
18.7587325314935,19.9513977335889,0.696202874108901,18.7746001990776,0.242831925725285,18.7968297023367,0.294884697641832,18.638138888863,0.185615371637625
7.55529509920755,8.6737402824493,0.890169385559158,7.56872290955597,0.245591912840013,7.81354845793738,0.1521181810709,7.55819981934545,0.11728992283985
21.605338007611,19.9769307159468,1.1420215450943,21.1543181506671,0.393547824029937,20.64919492648,0.316603709941491,21.6312288628317,0.201022241605148
13.3373117753851,13.5773543650764,1.31671229428571,13.3931626872759,0.478130291156391,12.9436280581174,0.308814116213322,13.5807037617785,0.0971076769180196
11.3324714708725,9.9447415178307,1.16512604561234,11.11912904364,0.495520694725926,11.4875965087242,0.36915495072202,11.3054985706823,0.1533522975044
16.0699172922893,16.249199515254,0.360043160923865,16.3748239526893,0.182699655349616,16.130849973101,0.142472219523058,15.8782598446472,0.0856081480299866
14.8525769719209,15.8616936152481,0.640916346840207,15.1705978468836,0.283410833040446,15.2325174058996,0.660209713011538,14.9598290815788,0.206873435786055
10.8596397736568,11.4450393863189,1.36453365919093,11.4241255028238,0.614723238038961,11.5881303135058,0.345561495266273,11.9567306024804,0.281303537050814
7.82407466720782,7.80023324818796,3.52546007335563,7.85688847478044,1.09901034200496,7.14402040551455,0.430781545390277,7.81960750763734,0.305884948255342
9.39984294733469,9.85641521027845,0.265233561673171,9.44675010863518,0.145346071210695,9.58502358265502,0.11645906844002,9.36135044230683,0.0506564697260812
14.9428927680138,15.5487259379633,0.820432441241312,15.0471648457919,0.23124879597767,15.477873013817,0.088299361938804,15.2444179428888,0.268363439602037
15.9216494987241,15.9868041239361,0.243080419543391,16.008570042205,0.144915295574406,15.7921179019441,0.184921073653883,15.8964085511721,0.134229973305636
14.3722715210041,14.3307102537638,0.815269799299476,14.3172999880835,0.297326950749911,14.2652485809912,0.161807251999045,14.6878309557346,0.127433416594514
5.99806074823183,6.32233673932601,0.383135585966893,6.13062365894621,0.31972495553748,5.86300477953253,0.211022859436861,6.18938408521299,0.357533308312725
12.0331490238303,13.5496630332096,2.96281319431182,12.769874774951,1.37211013613865,13.172471093966,0.820596622356399,13.9903326662411,0.978433488706845
16.8730224891515,17.6460640828701,1.70671587893568,17.0488241217118,0.90279010800762,17.7427776780434,0.282308640382439,17.1167622899646,1.04484308410632
11.6656385893473,11.8976709985361,1.54285516978924,12.3809978897082,0.924224810259373,12.2154951593763,0.363169515811119,11.9501578604511,0.167723883030082
12.5379533557828,12.1727253592158,0.913273881421347,12.611247718393,0.335945443754517,12.2649258259641,0.149590926271573,12.5595633174648,0.124928333446541
12.1615471227138,13.0029536133057,1.06670775242985,12.2136652787826,0.377181612263959,12.7585038288243,0.234796837467351,12.6369484859819,0.112939766887274
14.6308554508059,14.1556641752812,0.521253267555083,14.5998241159175,0.269695614609874,14.5347348181766,0.131177477296861,14.6198219068983,0.0646728903120106
4.28130541516708,4.11787527418178,1.3928564783868,4.49962532224661,0.712590234743433,3.9575014400143,0.860532860100283,4.70395302709005,0.928221957380425
13.6055712295344,13.6503731160869,0.537169539288697,14.005359078149,0.206530964736657,13.7401401078524,0.0863907986642843,14.1416464648613,0.0627210153672839
5.62137598722155,6.7426550231522,0.813629509849754,5.63674905698481,0.371495515415916,5.59807027948022,0.36416971275467,5.60952277137145,0.11396932804251
17.8182513542162,20.469242154604,0.871730691508496,18.2579703364188,0.428683658694109,19.0523826937097,0.554368772662398,18.6024244941487,0.587260732565244
11.5807706152144,11.4512276331489,0.847673681534831,11.6271148153461,0.284397834081681,11.731359777786,0.168864358639314,12.1112171598814,0.088855450288411
18.934847541956,19.3034240550248,1.23134425322342,18.7768451072493,0.551348527930838,19.1216294502495,0.234428694060199,18.7131251648719,0.865995603154661
3.5878635446004,3.9238939710023,0.852212015620741,3.60872099529409,0.423923599819317,3.34401329720462,0.326502267836113,3.08867474324853,0.340404460291415
14.7158080788256,15.0302704866162,0.488028388638313,14.8580313821698,0.192071591903643,14.7737217563749,0.169782994545346,14.7288170430797,0.0489251279965696
16.5720608279298,16.4870017710987,0.744619928383296,16.6751926916261,0.308805172768837,16.4131723103684,0.124608067270279,16.0154319078951,0.252053050877288
26.5833853544554,25.1854624820695,0.653375557928049,26.0341133658051,0.317348893647589,25.6443341443627,0.346899481177911,26.7060118343093,0.232581631372538
13.7228090656084,13.5209184027809,0.300200262560867,13.5808226929909,0.159999622447562,13.4336232081818,0.0558921266141917,13.5443435841343,0.0686169907054939
11.1165639984041,11.5505014102771,2.32808538357854,11.1642083305567,0.525181525488975,11.4549769597834,0.262869309612175,11.5832171489075,0.220916707726036
24.6778928667929,24.0957940925441,0.821814162897651,24.7225007794117,0.286831069598571,24.3447912135827,0.353800200920452,24.8040859198576,0.103786810460234
18.3183185125886,18.2052061133622,1.47477215144384,18.0362679697732,0.485675299964785,18.0153089350942,0.192380960732129,18.0111219147254,0.312602961063472
13.363858494254,13.2774845991134,0.550797590971711,13.6332064781999,0.223803225845296,13.4770069087264,0.109096432712065,13.57647574129,0.144781770851464
16.0015591138089,15.1709627910835,0.717526570762656,15.868292371154,0.400177227393456,15.9108987961643,0.364307664667954,14.654004301346,0.447454563015892
13.8766637737319,14.4150949311242,0.649908930853415,13.53752199892,0.352929547379708,14.1002632211896,0.203847064380499,13.7255656146891,0.156795761982023
16.8715168716051,17.1742495267792,1.71258706366139,16.7468889959436,0.517751431722725,16.7052454126824,0.320096113365042,17.1910306729144,0.140524035601937
19.3961561200413,20.210964147485,0.71045068167505,19.5055145327892,0.338752418258427,19.4838140679142,0.251421387230729,20.0421936567526,0.0977488971253746
16.2896413364134,16.6425233881686,0.475950925208672,16.3094264071587,0.153996539389996,16.4717494481486,0.142771267301344,16.0948038479274,0.0448325722945745
9.01852862183184,9.37375056123858,0.419999406407481,8.71106676000667,0.183311616024021,8.66868686248257,0.149451959886503,8.70857577084289,0.0941383698192709
11.2623323485162,11.9788023518428,0.574349654895094,11.0279156261092,0.187670140462264,11.2331962542892,0.216074834313608,11.3361628002601,0.0540649120099367
15.6640846704441,16.9331341224886,0.636563883350566,16.0061248957482,0.379773189755497,16.1138284279481,0.219624151229144,16.4168862456842,0.0839784043098742
10.8815555745855,11.3356788863466,3.02362920507768,10.689423567518,1.00379559478063,10.3213592630062,0.679561523049788,10.9332252884101,0.275807212633722
15.0603191598215,16.7140388444457,2.44046141989701,14.5284668912158,0.84516638769798,15.4086304496512,1.31937109750615,13.3528450261156,1.18449405577239
11.0775332555502,11.5360070280517,1.09654805500024,10.9991156107306,0.485605203723097,11.2376805734172,0.25813523411665,11.297460816837,0.0713566486433042
15.3382066709022,15.9546016510409,2.47842635431627,14.9902667600485,0.909585692440739,15.949296822692,0.406813172871686,14.6362894827224,0.634588290100166
19.1345606699412,18.4049110144171,0.455386529219874,19.4095338667311,0.209196973152643,19.18126749104,0.188490704747989,19.6277671924118,0.0613095748579191
14.3992349944447,14.7637262462468,0.331029583172745,14.3867467336291,0.0969965062416522,14.2304453225466,0.0598872934670098,14.5102618279838,0.0307603293808055
15.493236991935,15.4266102969493,0.755389260530167,15.2414328187488,0.310578115210982,15.3676983404523,0.213916680101039,15.3060829833506,0.149417117838806
18.3867876489765,17.6334372639823,0.822520918792196,17.9948014700776,0.406385124758859,18.0463062586829,0.198763045065519,17.7462815336649,0.0536939076634364
21.9332845895612,23.915917380715,0.659973263306861,22.1245783994793,0.3960981753509,22.1819690316433,0.79992453712763,22.4646945713157,0.718213957207382
19.9770998930255,20.6416313762314,0.453417353641665,20.2381323586761,0.212946779419071,20.224077886652,0.205882958807239,19.9043554462518,0.0442862870729886
10.1432537780045,10.4646655458967,1.6708542157012,10.0813667584777,0.765358355862996,10.2709148759044,0.448366125074482,10.1868227457902,0.242932488593679
12.6427001772416,15.3389931892387,2.98312271008548,14.0952766860994,1.2187012346529,15.4469751313454,2.46307526174591,15.3001831735255,1.05590394197277
17.9717166316794,18.4296932776798,0.848121201702475,18.2214724696726,0.364796086912959,18.4284003825119,0.198838776386838,18.5016040102357,0.103819966041044
15.2042017688729,15.3028273293257,1.02884262485762,15.2386026975854,0.339890440941206,15.10049357127,0.292505831287756,15.1248840299963,0.126776117493349
16.4192651134321,17.1411739916478,0.558970703851917,16.6048865001919,0.206073435520239,16.7907169499272,0.225922246882072,16.4399560349575,0.0684678600959296
7.98195885826807,8.6693056990992,1.35424897158447,7.94813875799491,0.348885050014984,8.32061142231206,0.269497238365367,8.36143203244353,0.0660499307534314
18.8047014174804,19.0149122664073,0.459291484275175,19.4430727507828,0.22031052261726,19.001227968081,0.0976972549887564,18.9762452582451,0.0360832629266063
19.4726208188334,22.2627062771404,1.93561801872598,19.9542567930337,0.887326823283533,21.4092929936572,1.01267834057886,21.0086326399931,0.88336693726448
16.6230547605689,16.6246800364328,0.31318119452226,16.57918281969,0.13848839250079,16.6508533844735,0.0636386621820867,16.5266322570297,0.148342394334336
18.3438508799047,18.5828319328194,1.0839451546448,18.3836252237664,0.428638689152994,18.382778329669,0.176135254366474,18.2595394069129,0.10539284716303
18.7378417896761,19.0121189415509,2.10716388660868,18.7948902054086,0.420604991504889,18.3870825858184,0.61644968724244,18.9335372097435,0.0938711038502074
16.4711305367814,14.6846896873455,1.80612773761472,16.047980949584,0.728883658674138,15.4375556563304,0.47460816154853,15.6944636022226,0.26249268602941
7.56720625210476,9.03640923856875,1.18155090181245,7.73795813808646,0.524097193152967,8.43492388164506,0.24591622066947,7.91270644849676,0.249106192901975
10.8027021919973,10.867444937341,0.673828112682298,11.118541425737,0.259606042815142,10.7199646247852,0.252071747586215,11.3119084938974,0.506992890736618
9.04633074611045,9.29093105079626,0.798571705390002,9.06967447960565,0.302337276267907,8.8488399156747,0.205125011904598,8.85782655360091,0.146104303549776
13.7779157329945,12.5269782630707,0.80650223899938,12.9050292175987,0.459723697626417,12.9782598249469,0.485029622653635,13.1268354460393,0.327769755153044
20.6687007643061,19.5027839388758,0.828668124609647,20.4417456669953,0.471080484652658,20.6784294211026,0.249830879461088,20.3307644666504,0.177657061087081
14.3860075851869,13.8714895063774,0.419408930097074,14.2773416427977,0.270277021126595,14.2070776051726,0.144189552423392,14.0331463120444,0.0869946332397029
11.6298563968042,11.8476868172246,0.403377200907481,11.4771174194327,0.155558123806865,11.5417080048108,0.0719897392664045,11.1288116690017,0.0500947838126979
8.92414722421007,8.50822636531639,1.24466601534292,8.94031777075925,0.390529393891314,8.71313247316563,0.472254713596003,8.82608937323008,0.184171196024973
13.9633682783674,14.7861350561732,0.397266479460787,14.1609809413876,0.126344376439373,14.01270293857,0.1274057530954,14.3415268811567,0.0927324431378322
19.9431956232038,21.4175685595016,1.26780398750985,20.2041810333576,0.63542192602248,20.1103192825743,0.621647042673378,18.8425503382715,0.322549567417204
19.6590179188958,18.6659475943987,0.566069908797275,19.7103155852477,0.270442572542581,20.1212010857521,0.465523559312543,19.2881683055856,0.0732339315941259
12.4512862564651,12.4579321511848,2.13702795954127,12.3328459800968,0.659036998453383,12.1831887553218,0.509933680889884,12.2075931907639,0.247978809881818
18.0276993683665,15.2480387167813,1.37588629145629,17.7523893345933,0.469641169536135,17.1436772438131,0.432465241413839,17.687576384518,0.140390759465651
21.5492465587636,20.9663554743504,1.17964851359954,21.3895042194425,0.414329339304643,20.7615393750467,0.388922608167834,21.2188973346605,0.211154669569561
18.6389656861294,18.947580117146,0.541730248512168,18.5520173995228,0.198736362707792,18.61317078182,0.0893086332884587,18.6347498485171,0.0524747629907904
19.875155377375,19.8532743921158,0.877382438180252,19.4995279536305,0.471422820229351,19.3315079213352,0.369752564759117,19.9397256069876,0.163063079675064
9.09311823317412,10.3928236346911,1.99487000210453,9.45650192874195,0.674322380502758,9.34062671371713,0.490160280689385,8.6695349152527,0.347137230555871
11.0618718121529,10.9543963402793,0.306595186460946,10.8966307378535,0.15126636293445,10.7726937164875,0.0837952100370071,10.9674324082328,0.0322761194646611
21.1894851882687,20.5705306428104,0.622915781385458,20.6548939328173,0.407554067024404,20.6389094554985,0.401855874495195,21.22615615063,0.167295606502717
14.8548076853565,14.5838844169182,0.430233302018907,14.815191603919,0.274219051847473,14.3901898101268,0.438061310168891,14.0981770900952,0.336102555519472
13.2201971008698,14.4251856465669,0.963194323905599,13.5187542290475,0.543144144461237,14.1021690563505,0.968480204075171,13.5189153836147,0.526767862146533
20.8081849126287,19.319617174217,1.17488139249956,19.7696917624561,0.532056616803177,19.8081233768874,0.456839848089849,19.9968462752687,0.205406235490228
19.514984776326,20.0157954242067,0.491257227998687,19.5853663558629,0.268322579873148,19.2242500879659,0.543820245557107,19.3932929821177,0.291302334277836
15.5049910394306,19.4922862071087,2.51843281404314,17.3466532197167,1.53784516691161,17.9932582659165,7.0540099736935,17.9747925858802,1.06520586389384
9.13422085824969,8.74648112574865,0.488505942501757,9.31701639514831,0.341671681642646,9.28038856815871,0.295528034766776,9.23398722063265,0.171984032017062
14.645226230959,14.2873398005007,0.921624441508137,14.5707700839456,0.329912853436946,14.1399695479077,0.147855673269702,14.3898979836372,0.17377134729795
21.7851459854594,21.9946726343531,0.185078061781305,21.9757787361989,0.138543842271589,22.0021977801307,0.0936106674429802,21.8930222775714,0.0371128404283696
15.0846687142537,14.9147873675575,0.54992854573269,15.2891926468397,0.251439664048654,15.4778889374156,0.150521102012745,15.3501926220632,0.116412257429894
18.1345179625016,17.924827830504,0.346015291318922,18.2878106077107,0.135599353295164,17.8936340584472,0.128655923692826,18.1948583895484,0.138417979950025
26.3462926119743,27.5415800697799,1.40598493210397,26.3811990188289,0.48770133734074,26.2007828965395,0.768525254894888,26.4369245913041,0.330687827194451
18.7174679330876,17.0205722053051,1.16894788008176,18.5317464314623,0.39454540498269,17.8101995499296,0.236295832478968,18.5151846490469,0.187664556254078
15.9916394082816,16.3264953376076,0.307214210152403,15.8494499364145,0.138762833415058,16.2012795327895,0.131174271163852,15.7734953236069,0.0639289427267955
21.5670787439524,21.3012249231394,1.44538563820679,21.5529834023768,0.467978791604252,21.6741542768157,0.635938435580454,21.1395604978887,0.365720926874412
11.4297337684113,13.7576832066455,1.41232688177147,12.4477899159796,0.769200281229162,13.1361760127371,0.479698456427657,12.7905359127431,0.207152518088308
14.6897952467482,14.5847743192404,0.838485027844357,15.1632790604219,0.347083841726085,14.6599572143538,0.137348914437718,14.6194801480416,0.124124842594522
15.9647664544465,15.843978374792,0.249395777992791,16.0174983829333,0.0923793485144746,15.904446600858,0.0554931011081542,15.8358553115736,0.0204445727431295
6.88050442332881,7.45409297245933,1.3273983660557,7.52205617746607,0.83052419467075,7.8829335165329,0.507735083420059,8.03213403674593,0.685935862168249
12.5633209117076,12.7549612052807,0.977497821176723,12.6055204771026,0.339631729571353,12.928015299734,0.21372200245043,12.6932443264275,0.116963286448006
17.141952173183,17.3588926661277,0.375795967756642,17.195868105979,0.150158115069996,17.0785511941763,0.075371760938019,16.8515281803533,0.0382081888789612
20.0366519711241,20.213437346402,1.25856874334196,20.2445897168806,0.504575107918114,20.0833776238317,0.448972705803648,19.2057811274887,0.423442818144399
16.9911849338361,15.9703835365653,0.507597976549158,17.008982416222,0.238899312490874,16.5132340154394,0.22222341759102,16.6008327162145,0.0852046773197431
15.1240773163611,16.5229584713106,2.02662217938479,15.0686424400809,0.77173035706074,16.0152487534061,0.3498974038216,15.211101095946,0.73621257213843
14.4603399415895,13.5076419497237,1.0115851757674,14.3296079777989,0.484911486026303,13.8738128441632,0.365458116231167,14.4488096274683,0.128822528201949
19.45029551012,20.1554504126747,0.345600792900007,19.8895275902027,0.210385012815976,19.5719855376141,0.0955730724060599,19.4216126040714,0.0972647230315267
13.0124500675921,12.936874707323,0.723546439489555,13.2125171859283,0.352115098811504,13.201117947908,0.282315420625533,12.9785779046349,0.0489029942454451
15.4366446405516,16.1468825274377,1.26578620421332,15.6001663683747,0.610096963293199,16.094171331822,0.416639180775122,16.0502808544288,0.320670135179417
13.6034167482114,18.9340393450961,1.05926190606504,15.5137655881466,0.735418591308305,15.5945686658948,1.12276357314395,15.5706253274445,0.763296404595159
6.88253238870096,7.02890729275187,1.25038349329634,7.02482509873146,0.520045408616068,6.89721342069315,0.407345806291148,6.80045471531814,0.145359628475615
14.0485248291476,14.0098685834837,0.571636979094842,14.2832761801436,0.337651776276857,14.1442716610143,0.0871564607268382,13.8789538730397,0.137282785142415
17.6273464811633,18.1213544295878,0.736951651851341,17.6167190702144,0.302108081245762,17.6098544349006,0.142300310911753,17.5532553846617,0.0719712806411726
5.74810902932246,6.04695243382126,0.666193482318863,5.78117050659428,0.196844942824555,5.70928777903912,0.153039717130915,5.69239265374099,0.119241823975828
12.2800262292088,11.738775339699,1.20556205303581,11.9201367982025,0.469037548495639,11.4826145187245,0.22358256756403,12.0326026336019,0.165627854010331
17.8400100011199,18.1626905780081,0.376900415592613,18.1069178617062,0.14138571640336,17.9349284735781,0.0807291741111018,18.0611209397,0.051836456572712
17.056858296337,17.6939854141612,0.471499920790526,17.0649861631754,0.261015639338688,16.9608553313761,0.487778005947062,16.2228028574792,0.187555000275264
18.1180675276835,17.2065365334357,0.474323380760348,17.9634813803525,0.247672613162535,17.766075617754,0.132944178874,17.4454289325525,0.112089094505885
19.9044448059637,19.912009424702,0.684914978556621,19.6991129388256,0.375230734054428,19.7383358707075,0.152507769178794,19.4338651146129,0.164713045985743
17.9878333884515,17.9613642523175,0.323918536659329,17.8474378862875,0.136791948345663,18.0397102375827,0.129469027719733,17.8285683065847,0.0616712364837707
25.1993389950834,23.8731068435521,0.561229084368864,24.6480811710553,0.215069570785005,24.6329780610582,0.259969967276784,24.9092719270867,0.0871919749656564
9.4698879478156,9.60514184673743,1.13344309624409,10.4520776856364,0.68335977745493,9.8751396471205,0.421408840412096,10.3207750554149,0.934151148129371
18.2842023376856,18.0679785322938,0.333648199372665,18.3302898217036,0.223726137733591,17.9705200015624,0.138836887932155,18.2748918965763,0.131526902379676
10.7752241758034,11.4624601763437,0.743872520013669,10.8830664752052,0.214798127066161,10.9098851610273,0.131558653557942,10.5566284305922,0.0497894624721399
13.0954533899604,11.5970174201422,0.535368693160131,13.0959426536315,0.30695566445822,12.5305235076726,0.460855278963995,12.9068858859488,0.100543184152964
19.2295703500027,18.8798173708478,0.756451075687113,19.4583644461119,0.341302004942803,18.8815627969632,0.407457082425779,19.3933091396168,0.179496751679729
7.18399322493125,7.60158931833883,0.68616469465195,7.3875689473541,0.315075274926108,7.55358464807007,0.299425140420204,7.43038397822078,0.149197487010391
24.6453500113733,23.6899497287428,0.487020682559661,24.4905754533167,0.204706234658033,24.1698642727669,0.166179627849053,24.8717022412521,0.112293522017557
20.0410441551394,19.7297071313111,0.467553305923165,20.1797679969045,0.149225920804935,20.0048388934123,0.15585934187059,19.9089441645406,0.0296261803784432
16.671012166575,17.2719953574738,3.40711438714578,16.0047865563858,1.04578141984121,17.2197670225305,0.709797471957646,16.4825715555246,1.09580092025804
15.506160864534,16.073259068522,1.2173643512371,15.5931234395081,0.247742380128363,15.84446756479,0.258769290430027,15.509600781835,0.0536699002644094
15.7463787213615,15.9469332576748,0.278600692486001,15.5669631024607,0.0930032805059957,15.7821699805092,0.0950807120222569,15.7067849661746,0.0606575327418282
16.0221066788283,15.4342329398343,1.33418307120351,15.598528415903,0.638042182852811,15.6315733761808,0.479630923923151,15.3354106913077,0.218281600882601
6.65643352247523,14.5302353682196,1.60968494211725,9.84728850359513,1.17939833806228,9.90114908426553,6.2411681472134,7.77133916228885,2.92546264334257
21.824396935948,21.8095617883261,0.616745785520059,22.10864628007,0.263892022513238,21.8043887177277,0.179835561794634,22.0892029879525,0.0943518013601598
17.2597275727229,18.1551956355126,0.373612589593199,17.3394309194897,0.152756917486317,17.2564990177629,0.180263227229748,17.5092629306615,0.0486602758614797
7.01633725632731,14.7879496273534,3.25458394045779,10.3147514023915,1.68616433149759,12.6779271423809,7.63811142727518,9.33705892080268,5.42016480840673
16.4109216828001,18.6325328305227,1.49039774449288,17.1417845035516,0.672645764152662,17.4090396052327,2.71743673403654,17.4316897241939,0.334587230278898
12.1052053011263,13.1729318954372,0.97291408735231,12.167014709351,0.372131748166927,12.8121368296369,0.310782157765367,11.7188216020496,0.173715776338977
7.420937464939,8.43917198506094,0.702574758615728,7.38170052848521,0.495659428442977,7.92799073243742,0.347951230020669,7.66472066319791,0.115796243562763
11.0691509012762,10.187618379608,2.48623937777606,10.6583103238357,0.690660530636899,10.8729555213279,0.535796094149608,11.584324063664,0.346337194014631
8.9733571102142,9.09618841631789,0.37820968402653,8.80378091780528,0.213480074343772,9.17719078976638,0.215482839324997,8.84805619443148,0.0599414537107116
14.0735243033934,13.6896019836946,1.0476304809046,14.0368655391966,0.389554276882733,14.1266417187756,0.1714438598592,13.8401089973198,0.0879195964518508
11.7850658881689,12.5324857742676,0.40565943841346,11.8240038915677,0.117766200795173,11.8510540063809,0.0794422819046426,11.5976592290294,0.0685460928840402
15.0098565070088,14.5631242949422,0.278834464149935,15.045715172072,0.138501970379604,14.7468925023183,0.0964166465498546,15.1148711259133,0.0615959103668522
7.36490605716364,8.99381706797363,1.81912384076006,7.90382055837099,0.739368994746922,8.60925956007316,0.492027098867608,7.97236614811365,0.411345893283904
4.81373641246077,5.5829341513477,1.60273771102762,4.70457844074423,0.797730058374335,5.54329150206536,0.37299591203417,4.67837045391098,0.36379882459245
11.3064413989031,15.7143891533932,1.90827566722642,12.139023589463,0.7919982279285,13.4556580362353,1.70670893573406,12.4599441412801,1.72487455553773
22.546517467308,21.8077087745681,0.843927252621936,22.291858798755,0.314843009543796,22.2610849000682,0.303267984527062,22.528788823348,0.161314963961633
14.3506500524359,14.3111941238072,2.17733663206397,14.2814744636949,0.55449049453585,14.2903979142969,0.591380091831492,14.1183961409373,0.168108617766704
23.4176058004067,24.0645269778264,1.35626412502324,23.0827325662702,0.775354525745426,22.9453827252974,1.10554515270831,23.5407750852799,0.743106633172234
8.95069130169988,9.74697980332836,1.3712287440068,9.81457458174586,0.876723842478441,9.51557252381239,0.746985433204017,9.75399757937111,0.61483085681828
4.37294773709585,5.07663851215519,1.5453640122705,4.24885748508885,0.593661979869058,5.11508656712793,0.876952722730963,4.41791662580643,0.114650142691742
10.0238512600553,10.3341187803888,0.460310856341729,9.86472683664148,0.265832602963569,9.59424570553657,0.117879074199238,9.91599239653318,0.14066858689119
8.68903367944797,9.38602708471526,1.48468979060574,8.73378915887485,0.741760483170528,9.31871653362728,0.280330610293636,8.95073124856532,0.237671470976455
14.3767735258552,14.7123298650176,1.59533982334694,13.8384224346773,0.813754461575397,13.8674405310379,0.445320605809798,14.7697855578545,0.369384141187287
14.8469721466019,15.5543575066091,1.18480659653649,14.8892149947449,0.507140653749846,15.3298345999788,0.670798534610107,14.6548489402318,0.504030366394302
20.3845521215571,20.4656688773827,0.564965482833288,20.445121597418,0.403195646130694,19.82486719198,0.356902832306466,20.3605987227015,0.228527149299133
19.3673462184,21.8292422919808,1.06922916466861,19.8696239457801,0.525619079032822,20.4080775533674,0.824758747867808,19.3486259282026,0.572164588012878
5.69957138394293,6.23597787742608,1.05225341138075,5.83355698560888,0.523765540609699,6.16588147799379,0.245720285409396,5.76357653398099,0.24513106596823
6.54186271103359,6.21072415347525,1.10698416337337,6.52043487853958,0.575894266987803,6.29460618604593,0.332507804793872,6.32888788377474,1.2391276956143
23.0455022557524,22.7622215264445,0.630235294357497,23.1833300619244,0.257641596096683,23.0158184894866,0.178235759770293,23.074227979892,0.0728909739566938
13.1791881677376,13.3538203100004,0.3545817892066,13.1713502316844,0.214482424509974,13.4552646443778,0.0965705059762033,13.0453892620552,0.0808577490450849
12.0594348738698,12.3288327141232,0.564704725605029,12.0714794194174,0.316268729606783,12.3134452622236,0.173403882479225,12.2805707254218,0.134534096522017
16.6343345815942,16.9321211397142,0.288695877918979,16.8138542554798,0.151824037284516,16.6773399105571,0.149709568264591,16.9069083446996,0.0560448918400883
8.13424705667076,8.61226333377656,0.379479647672719,7.79939646443154,0.232435080453606,7.80206392085322,0.12176104918086,7.85329438267235,0.255277100070056
23.8531608576471,23.4894985608832,0.520222760335089,24.5101903029903,0.278233103341564,24.3891864465819,0.178616198066879,24.1706647324238,0.142423283311983
7.64144216856111,7.67156434835464,0.672555211911406,7.51223279528217,0.283047484307505,7.30187098497495,0.191548702438809,7.48959635174866,0.0883776478092639
8.20234700130656,7.18913831255384,0.72013387319928,8.34165297443347,0.401363272129704,7.95957020746314,0.335873598848965,8.04110932024153,0.183800552560839
11.0540236402706,10.9987453488936,0.759801486120523,11.278679781691,0.285990179488864,10.9445563302653,0.238659820329865,10.7841143406771,0.0644689087642808
11.0726449008837,12.443961013536,0.771746541013361,11.466497826181,0.607605686587769,12.0564948226636,0.76674751825345,10.8559655932507,0.495970371944309
15.2379392984717,14.3412800599431,0.622470408307654,14.6397211746636,0.470860986827745,14.5171718447015,0.11640327296913,14.7846975287369,0.0755245264813318
10.1621576854383,9.93543898623646,1.1759578955804,10.3424014879017,0.354232207002099,10.2048141541784,0.382063092919353,10.453779922779,0.344749783243447
21.0716974703489,24.6326843082536,2.78865393305312,20.3542416486426,1.09310292727195,21.7307229820196,2.89886316484628,22.405644482555,1.6618976256458
20.8148258623398,20.2058293214229,0.519585537888909,20.6972486981433,0.233786721554594,20.5282616167098,0.135005535618559,20.8825870903604,0.059675729820832
19.6911847097979,19.6675456053959,1.19897279574634,18.8939777061948,0.318196886011851,18.9619206313821,0.323128706788853,19.0037604430595,0.105627773501518
15.0849824261321,14.69741773208,0.206944444611953,15.3112074310461,0.135583682970589,15.1169735888871,0.0751158027844036,15.4894906201205,0.0643367954476946
13.8015015797696,13.567728214624,0.611567490196797,13.7464259956351,0.215370783075619,13.3246145474193,0.206160405422962,13.5621827705917,0.133468132624101
10.5966568588798,10.452256102416,0.388421909168843,10.5514664314003,0.233990267185535,10.6804556381979,0.127091203841208,10.70359434312,0.075955728781252
23.5197302692259,23.5812621762271,0.404640828570156,24.0340438669868,0.141707759648626,24.1216264946892,0.249682492985945,23.7660589030359,0.142825359676435
12.8420024544775,13.2528603901638,0.3546486334954,12.8790386393447,0.152810416243565,13.1614978765307,0.0910538917775351,12.6552093184744,0.0418608234028939
16.8572396986915,17.0637205229121,1.0148428474446,16.8140826689617,0.349844221108976,16.2051153097858,0.31978664123369,16.7900286796504,0.137278477126713
18.7892228183938,18.6826961859722,0.709202185383006,18.8920232328413,0.2684019436781,19.0815264394605,0.270765046156597,18.8998888423211,0.101980870086587
17.1159692727324,18.0021718450797,1.11891146631198,17.4772434799413,0.424739355502028,17.2392255388861,0.393042425038769,16.9708778045792,0.132445962950252
21.9924009660557,19.3874444548784,1.84240032952346,20.6369591081064,0.91445729837745,21.1046818717167,0.666348521475436,21.8697950271814,0.458174508801793
12.4973251096563,13.5337839661658,2.38677267321558,13.0443071571447,1.05004285894484,13.5142657796427,0.442854911627326,13.3394789658446,0.81001929067135
17.0617201651153,19.3873621626789,0.520144131742703,17.7599771553051,0.382799600315949,18.6993955139286,0.288068051808934,18.5957987813131,0.235674559645093
16.4774753200132,15.7421900453166,0.520394350028896,16.0737951132403,0.319510909074188,15.7994145116064,0.130477216330191,15.9985794184491,0.186733830730534
12.8968439402166,13.2595198068538,1.39588816289666,13.2604226922282,0.496749283952002,12.8363387271044,0.194928440044835,12.8919343869542,0.239451387144875
13.56456535484,13.3630513707718,0.285186749298949,13.8734481048575,0.140998514235097,13.9781428904979,0.130445789511808,13.806743148054,0.0974934145602124
13.4204772280103,12.7750541594765,0.563127738501137,13.4105731429135,0.237967134393218,13.3340730591271,0.138748288267777,13.2019756942349,0.0965437926450402
10.4061519033106,9.30196601721463,1.4908837277647,10.9286574677516,0.501125584548266,10.1612661653603,0.321575567589651,11.1781365043312,0.415715898657031
4.60659186312894,4.84240285645514,0.956185842958673,5.0959981651826,0.528543124347149,4.64595606915105,0.401890904547788,4.53749040140491,0.199093558890616
16.2374172185923,14.0215083292379,1.63438480496592,15.9823428010196,0.720498982007135,15.4209018748504,0.661129958108561,16.1470267049936,0.166128077066406
12.9511398783398,11.1771636993003,0.978665812574827,12.4305494809988,0.43593873404315,12.2183668776637,0.319864854970777,12.5893035846311,0.249299032165704
14.9771918740892,15.274067448348,1.59978642982045,15.0480417752783,0.318684751408944,14.9038789034489,0.27085477343197,14.7677271620562,0.297727136949387
17.6725519869072,18.0861780864375,2.78108581182671,16.9028418324081,1.29104393015191,17.5471375086868,0.742029601335583,17.9364826331424,0.37817056548207
23.3494871238934,21.7840084195245,2.52381781351491,22.2941568567244,0.742163373560091,22.168848185515,0.788990268032955,23.2942385617063,0.424676847217978
16.4255531575405,16.3753717883036,0.749869040786703,16.2995910826098,0.31753490731639,16.5285622605763,0.237420951198298,16.1662875599948,0.135596500134066
17.0707109991236,17.8670847259657,1.03965118149781,17.3507705555157,0.385748715280496,17.7827354395981,0.445133595744385,16.4225520229699,0.252948824579447
15.4247412085476,15.3590500030213,0.193524760330179,15.3895822024935,0.0630130184951413,15.3773944808437,0.0398802508053489,15.4491243357176,0.0375174692457448
13.6418911407638,14.852386089109,0.868442107710475,13.6216506836327,0.378890359172302,14.1455290529054,0.253809707358587,13.3476666854994,0.168786592408071
10.5741572967142,11.0477926328911,1.00481191353271,10.3966511122305,0.446315762031548,10.3203450718384,0.146189377873329,10.7330558650921,0.119982349112392
15.4470981043447,15.4106081891504,0.408092776895304,14.9843092113727,0.269424117035385,14.9259700366754,0.261685968529221,14.8433408708659,0.122233527697511
18.7020810894325,18.2946990934234,1.05091518772444,18.5240703105883,0.288856391783952,18.2389371701562,0.171915154240595,19.1263881805728,0.121708684877434
15.4752412442547,15.3757530778177,0.331336031482888,15.549512036484,0.137733539301384,15.4533820393328,0.0926685240327889,15.5067177038203,0.0348159609287925
14.2648653272232,15.0080310967351,3.88486295368298,13.6132997458142,1.51094165746622,13.8845595687322,0.923665610509702,14.7088247258132,0.604763017655566
12.5737357390806,11.6698049435121,0.357467784670625,12.4072822557961,0.144716091490873,12.1179470494355,0.15869971923737,12.2666566766934,0.116949993027185
12.1960523414641,11.7186789457053,0.421719176771936,12.0157633732241,0.287114054149975,11.8556502865202,0.135181816031081,11.6192872250805,0.0885267637400745
15.2819108671974,14.9711165035623,1.09142036494601,15.2926731786048,0.408039518493186,15.1377186720261,0.110247747536137,15.2270848745824,0.120415008604856
13.1720225394786,13.5256559781896,0.433283486484005,12.9732072664807,0.239942458230025,13.6611103116715,0.132213017533823,13.3561219955437,0.139158044403246
5.30112866845843,5.978064923866,3.16512832490842,5.68127043052853,1.38538260292617,5.27077509994559,0.953159828802561,5.26782373381779,0.492062343088765
20.7975490168821,20.6963843973246,0.62157459205603,20.4354523279925,0.279201241454472,20.7054028811184,0.288927278634378,20.3365870767928,0.0675132461325338
18.0608105139554,18.2623991467647,0.942265925975708,18.0100638237786,0.31135841677165,18.6367059019352,0.289330857907348,18.0799189885701,0.0905850699429859
7.89168692208975,8.31111607856231,0.68874946353754,8.1420006931102,0.300895223788416,8.1905640529098,0.233653968715961,7.91792896479086,0.160280349583347
